id,split,domain,image_rel,mask_rel,source_sha256
loveda_train_rural_0,probe_train,rural,processed/LoveDA/ssl_train_rgb/rural/0.png,loveda_m2a/Train/Rural/masks_png/0.png,b18f20c071fc810087e9adfaf1b8006d1bf8c38c2076d426566585e702c8e206
loveda_train_rural_1,probe_train,rural,processed/LoveDA/ssl_train_rgb/rural/1.png,loveda_m2a/Train/Rural/masks_png/1.png,04e6baba2219333e0095694bf2ad78e01230d74059283bf2daf22a67264fe9dd
loveda_train_rural_10,probe_train,rural,processed/LoveDA/ssl_train_rgb/rural/10.png,loveda_m2a/Train/Rural/masks_png/10.png,49185f0daf262796c257dc720eadfcfd83010fcfd9450b6296ad356c83fd0fc4
loveda_train_rural_1002,probe_train,rural,processed/LoveDA/ssl_train_rgb/rural/1002.png,loveda_m2a/Train/Rural/masks_png/1002.png,a8f53114e173c42ed80f89a4828b4b0bac119b057d694fae4fcd925e2d7d4c0b
loveda_train_rural_1003,probe_train,rural,processed/LoveDA/ssl_train_rgb/rural/1003.png,loveda_m2a/Train/Rural/masks_png/1003.png,e92affa9db880b2a89520a7a9fffab06ba084fc956bd4b95d64050655e52b38d
loveda_train_rural_1004,probe_train,rural,processed/LoveDA/ssl_train_rgb/rural/1004.png,loveda_m2a/Train/Rural/masks_png/1004.png,2af5c97c6cc45ec8de856137a348c6455ef639f4d0d47644389ff5faaf047250
loveda_train_rural_1005,probe_train,rural,processed/LoveDA/ssl_train_rgb/rural/1005.png,loveda_m2a/Train/Rural/masks_png/1005.png,66e9863b216694a9ebc8967fdb815ff02f317d8125f0e864d1b4e7b7d9274b54
loveda_train_rural_1007,probe_train,rural,processed/LoveDA/ssl_train_rgb/rural/1007.png,loveda_m2a/Train/Rural/masks_png/1007.png,c513c2d5c5240e2c34fab3f7185b045f41809f5278d8ce92190401f64c4dc0f0
loveda_train_rural_1008,probe_train,rural,processed/LoveDA/ssl_train_rgb/rural/1008.png,loveda_m2a/Train/Rural/masks_png/1008.png,9ef2b8756a76e027518e4a7512f7e3b9fe373ade243e85f098a5a8a1f97d9fb2
loveda_train_rural_1009,probe_train,rural,processed/LoveDA/ssl_train_rgb/rural/1009.png,loveda_m2a/Train/Rural/masks_png/1009.png,fc3e3a0daefe9be6db969a779fd8d4535f1dc9c61fb8a8e5360c38ff26245ac8
loveda_train_rural_101,probe_train,rural,processed/LoveDA/ssl_train_rgb/rural/101.png,loveda_m2a/Train/Rural/masks_png/101.png,50ea55736355b2eeb6eff7b4489124ae57f898682fb52c264a5207e7f7d97906
loveda_train_rural_1010,probe_train,rural,processed/LoveDA/ssl_train_rgb/rural/1010.png,loveda_m2a/Train/Rural/masks_png/1010.png,6b5b16e98136cc718623b4f95fe0a5c8ca6a0ffb5e6e8d12c3e5067a76155648
loveda_train_rural_1013,probe_train,rural,processed/LoveDA/ssl_train_rgb/rural/1013.png,loveda_m2a/Train/Rural/masks_png/1013.png,63fca2b7b68a9c685d17122cf8caf61d5d0b5ef0722b987d21621c021cf70f35
loveda_train_rural_1014,probe_train,rural,processed/LoveDA/ssl_train_rgb/rural/1014.png,loveda_m2a/Train/Rural/masks_png/1014.png,0563ca8f771bbbe7c84074630e4c228a9c119ed6ef5c2bdef5aa0b1854b4ce24
loveda_train_rural_1015,probe_train,rural,processed/LoveDA/ssl_train_rgb/rural/1015.png,loveda_m2a/Train/Rural/masks_png/1015.png,f941f6bf1941a7c6f5a9c253e0cdf76f3de0475f7dd63ef7af38c5296005f7cb
loveda_train_rural_1016,probe_train,rural,processed/LoveDA/ssl_train_rgb/rural/1016.png,loveda_m2a/Train/Rural/masks_png/1016.png,c4463208fa4fff312e7fbdac2b7f33196f3892defd72df1dcaa43c4086388f29
loveda_train_rural_1017,probe_train,rural,processed/LoveDA/ssl_train_rgb/rural/1017.png,loveda_m2a/Train/Rural/masks_png/1017.png,0b189150cecc5a8ab0eb08164095b43eb5f189cd9ea3f35b1665b9fbe04cbd40
loveda_train_rural_1018,probe_train,rural,processed/LoveDA/ssl_train_rgb/rural/1018.png,loveda_m2a/Train/Rural/masks_png/1018.png,28c46e593a23da9b47294366457b7086c892525491d713d6d7d589eeb54fe24c
loveda_train_rural_1019,probe_train,rural,processed/LoveDA/ssl_train_rgb/rural/1019.png,loveda_m2a/Train/Rural/masks_png/1019.png,002518a1a037d9425ce3f18318b32691b5c7466eb7ba3a11f40ebb104ddfee87
loveda_train_rural_1020,probe_train,rural,processed/LoveDA/ssl_train_rgb/rural/1020.png,loveda_m2a/Train/Rural/masks_png/1020.png,9497d1a38afbf0b80c2391bd8b5ba1c2da0ab7e53f4484e588d492832ea5ec61
loveda_train_rural_1022,probe_train,rural,processed/LoveDA/ssl_train_rgb/rural/1022.png,loveda_m2a/Train/Rural/masks_png/1022.png,a41d9eb304a41f36f0ec502839f8adafb60a62c4cdca45c6893276390d8b0733
loveda_train_rural_1023,probe_train,rural,processed/LoveDA/ssl_train_rgb/rural/1023.png,loveda_m2a/Train/Rural/masks_png/1023.png,89db37e12e88e4329196b61812553ae1468fb7cd1c1b94225d5c0fddbdc53e3c
loveda_train_rural_1024,probe_train,rural,processed/LoveDA/ssl_train_rgb/rural/1024.png,loveda_m2a/Train/Rural/masks_png/1024.png,b5393673eb71e4ac6915f4d3de900ee4bcf15485b63db0062363e9e1bfa43894
loveda_train_rural_1025,probe_train,rural,processed/LoveDA/ssl_train_rgb/rural/1025.png,loveda_m2a/Train/Rural/masks_png/1025.png,4206005a1492c12645eb8324372b32833c46cb1704c24a0b326f8afd0a3740c3
loveda_train_rural_1026,probe_train,rural,processed/LoveDA/ssl_train_rgb/rural/1026.png,loveda_m2a/Train/Rural/masks_png/1026.png,68c6b685cc675431f150d085bb6408860a4187d2f990784ce273f4a495dd8038
loveda_train_rural_1027,probe_train,rural,processed/LoveDA/ssl_train_rgb/rural/1027.png,loveda_m2a/Train/Rural/masks_png/1027.png,d3bc38d686beb44084f86e36b6c55ea33b9fdd69bf465c20f64c84a9f12a7ea3
loveda_train_rural_1028,probe_train,rural,processed/LoveDA/ssl_train_rgb/rural/1028.png,loveda_m2a/Train/Rural/masks_png/1028.png,6ee8992d811229e0acc58da593fe8e31b1cdf51151aecd0837b88b847199c48a
loveda_train_rural_103,probe_train,rural,processed/LoveDA/ssl_train_rgb/rural/103.png,loveda_m2a/Train/Rural/masks_png/103.png,2ae4692bc1884d250a67ad08422bac1581ee2ae4f571c8891e314e7f61e7a5a9
loveda_train_rural_1030,probe_train,rural,processed/LoveDA/ssl_train_rgb/rural/1030.png,loveda_m2a/Train/Rural/masks_png/1030.png,83ee3d12eb22ba710ea7dc224232f8359cd630e34be31a5d8d7b2dfea264fd98
loveda_train_rural_1031,probe_train,rural,processed/LoveDA/ssl_train_rgb/rural/1031.png,loveda_m2a/Train/Rural/masks_png/1031.png,032010be4792f9a4172bf1d6f0fee4edabafe403bb22ccc7f4d691524ae21bbf
loveda_train_rural_1032,probe_train,rural,processed/LoveDA/ssl_train_rgb/rural/1032.png,loveda_m2a/Train/Rural/masks_png/1032.png,564d3ed6c0dcaa3169c59fd941fd4cb4b5e5b1b051e9ad87990011b63a87fa6c
loveda_train_rural_1033,probe_train,rural,processed/LoveDA/ssl_train_rgb/rural/1033.png,loveda_m2a/Train/Rural/masks_png/1033.png,f970e9160574743e185616db96964decebc2739e2fb90f7d04baa14b48e421e1
loveda_train_rural_1035,probe_train,rural,processed/LoveDA/ssl_train_rgb/rural/1035.png,loveda_m2a/Train/Rural/masks_png/1035.png,d4266a1f70ec426c4c0ac350f7cd65c99222f7ac30d7b94226d90ec35328078c
loveda_train_rural_1038,probe_train,rural,processed/LoveDA/ssl_train_rgb/rural/1038.png,loveda_m2a/Train/Rural/masks_png/1038.png,954740deb3e5f6f69d975bc7b38fe0ce0e366881915f9b84816286434010923a
loveda_train_rural_1039,probe_train,rural,processed/LoveDA/ssl_train_rgb/rural/1039.png,loveda_m2a/Train/Rural/masks_png/1039.png,6c9cb87f156c43cfec078451d84b796a533eb05f9255765f40c9325b1d841e7b
loveda_train_rural_104,probe_train,rural,processed/LoveDA/ssl_train_rgb/rural/104.png,loveda_m2a/Train/Rural/masks_png/104.png,1a22d3c9860b342d523e6b9d4ff26cb979c5d10522d744d5ee4d80ae9ec60e57
loveda_train_rural_1041,probe_train,rural,processed/LoveDA/ssl_train_rgb/rural/1041.png,loveda_m2a/Train/Rural/masks_png/1041.png,0ca4ca480747ae1960dfd35efddda8be4b1603b9a32f5ccb8ecef42b23df1d0e
loveda_train_rural_1042,probe_train,rural,processed/LoveDA/ssl_train_rgb/rural/1042.png,loveda_m2a/Train/Rural/masks_png/1042.png,0e1d86673cfd6c59ad9ffeb94f17be3617ce75a360a29ab45e24be63a25acc8f
loveda_train_rural_1044,probe_train,rural,processed/LoveDA/ssl_train_rgb/rural/1044.png,loveda_m2a/Train/Rural/masks_png/1044.png,9a22a5156767702fb1d527ee24f1b40463ffca38d2669f535a1fa747a4f07a5a
loveda_train_rural_1045,probe_train,rural,processed/LoveDA/ssl_train_rgb/rural/1045.png,loveda_m2a/Train/Rural/masks_png/1045.png,3365085aedce66fe721247dce4539d2e1b5217e6a0c45b1031f0995069119fd3
loveda_train_rural_1046,probe_train,rural,processed/LoveDA/ssl_train_rgb/rural/1046.png,loveda_m2a/Train/Rural/masks_png/1046.png,1a24287438fa13d3d372983b34572726c16aab575c6e3beed367b133ef373863
loveda_train_rural_1049,probe_train,rural,processed/LoveDA/ssl_train_rgb/rural/1049.png,loveda_m2a/Train/Rural/masks_png/1049.png,22b688ea4fde42d7abba3388e5f72e0f4f86c2d74d913a36273159f6d13bb516
loveda_train_rural_105,probe_train,rural,processed/LoveDA/ssl_train_rgb/rural/105.png,loveda_m2a/Train/Rural/masks_png/105.png,84e4cf341237dd93168432d9f3460fd7013ab2bcbddc589066d5d709b487f961
loveda_train_rural_1050,probe_train,rural,processed/LoveDA/ssl_train_rgb/rural/1050.png,loveda_m2a/Train/Rural/masks_png/1050.png,1925ced13b8af8a0775e65a984b487e72a7e613f1681755e11fac8ad1c579617
loveda_train_rural_1052,probe_train,rural,processed/LoveDA/ssl_train_rgb/rural/1052.png,loveda_m2a/Train/Rural/masks_png/1052.png,55fe35b5b8da425ccba73a0c058a75a5f86f9c65e54c97dc849f0d2097026108
loveda_train_rural_1053,probe_train,rural,processed/LoveDA/ssl_train_rgb/rural/1053.png,loveda_m2a/Train/Rural/masks_png/1053.png,109654a9ddb8fa1ddf293aa2c34d01121e111affda75c0d9b973d4fe8cea0d78
loveda_train_rural_1058,probe_train,rural,processed/LoveDA/ssl_train_rgb/rural/1058.png,loveda_m2a/Train/Rural/masks_png/1058.png,92b55b4936f92635eb18cfe1a1c158544c32a1b5d7098783a1b299fd5c7d740b
loveda_train_rural_1059,probe_train,rural,processed/LoveDA/ssl_train_rgb/rural/1059.png,loveda_m2a/Train/Rural/masks_png/1059.png,3f8726d3a9ad61548cb5a46217c5dab3f1813f9881b4720aa888338b15141897
loveda_train_rural_106,probe_train,rural,processed/LoveDA/ssl_train_rgb/rural/106.png,loveda_m2a/Train/Rural/masks_png/106.png,680c7192ab0cf2658131c3e1e3c9c3990bbef0674153337453f363c78752f138
loveda_train_rural_1062,probe_train,rural,processed/LoveDA/ssl_train_rgb/rural/1062.png,loveda_m2a/Train/Rural/masks_png/1062.png,9565c37c85187f3329503d904b817a6a8565073ed3a85619047fc33769c346a4
loveda_train_rural_1063,probe_train,rural,processed/LoveDA/ssl_train_rgb/rural/1063.png,loveda_m2a/Train/Rural/masks_png/1063.png,806fda5ba9ea117f5fe02ffde41b82d64efdcc04204f0c6c075e226b153175fd
loveda_train_rural_1065,probe_train,rural,processed/LoveDA/ssl_train_rgb/rural/1065.png,loveda_m2a/Train/Rural/masks_png/1065.png,dbcae0b599a876a239ee499f1943c5110184cdc7031fb1fa8ec1d4c7c28f9d45
loveda_train_rural_1066,probe_train,rural,processed/LoveDA/ssl_train_rgb/rural/1066.png,loveda_m2a/Train/Rural/masks_png/1066.png,2d0588374b2bfef6559e400a6304c9080726a7b22eb85cac2adc3c4402cb5b34
loveda_train_rural_1067,probe_train,rural,processed/LoveDA/ssl_train_rgb/rural/1067.png,loveda_m2a/Train/Rural/masks_png/1067.png,bbfb795dca8f117b90e88a8cb35a2045dbfde0281ed3a8b5ca85d5dd3ce9351c
loveda_train_rural_1068,probe_train,rural,processed/LoveDA/ssl_train_rgb/rural/1068.png,loveda_m2a/Train/Rural/masks_png/1068.png,98f72b22ad8b8991c1b6133e6a448de40697caf8cd64e2d4a2885756a5c43107
loveda_train_rural_1069,probe_train,rural,processed/LoveDA/ssl_train_rgb/rural/1069.png,loveda_m2a/Train/Rural/masks_png/1069.png,7fcb052bbefd624b49530710196c679f4b7e804313bb513593270061458dbceb
loveda_train_rural_107,probe_train,rural,processed/LoveDA/ssl_train_rgb/rural/107.png,loveda_m2a/Train/Rural/masks_png/107.png,1041f06bb82abf51d0b900eaef22683218822f72d51f9d5bdcb31cf966e09856
loveda_train_rural_1071,probe_train,rural,processed/LoveDA/ssl_train_rgb/rural/1071.png,loveda_m2a/Train/Rural/masks_png/1071.png,61efafafb07b2de285b65e7a7b9bfc561e8223f1cf8b3507663c7bd5278d9594
loveda_train_rural_1072,probe_train,rural,processed/LoveDA/ssl_train_rgb/rural/1072.png,loveda_m2a/Train/Rural/masks_png/1072.png,199c5a13e22498391e7aa8f1afd099211d099db41fbb054c0161dd2364507a37
loveda_train_rural_1073,probe_train,rural,processed/LoveDA/ssl_train_rgb/rural/1073.png,loveda_m2a/Train/Rural/masks_png/1073.png,5f8f081734b3656aa32cedaf622498f9f0a13fa7c3e8914d379ef84c6d176589
loveda_train_rural_1074,probe_train,rural,processed/LoveDA/ssl_train_rgb/rural/1074.png,loveda_m2a/Train/Rural/masks_png/1074.png,84afea90080ab05d9c0e920472ab01e9563a803f3d439f4e95ea64fff4d854c0
loveda_train_rural_1076,probe_train,rural,processed/LoveDA/ssl_train_rgb/rural/1076.png,loveda_m2a/Train/Rural/masks_png/1076.png,944b6f0c7031d63a473b2eaa0234cacb821c2d80a954647865f33ff5e86ae5ad
loveda_train_rural_1077,probe_train,rural,processed/LoveDA/ssl_train_rgb/rural/1077.png,loveda_m2a/Train/Rural/masks_png/1077.png,b410da3dade435694dfb76175a2fcfa94a269db2bcfd065b5e96eeeab113f363
loveda_train_rural_1078,probe_train,rural,processed/LoveDA/ssl_train_rgb/rural/1078.png,loveda_m2a/Train/Rural/masks_png/1078.png,ffe7054ec3dc52564fc132dbe6cf17d44813a44911eea3e1947f1a6254ea0dd0
loveda_train_rural_1079,probe_train,rural,processed/LoveDA/ssl_train_rgb/rural/1079.png,loveda_m2a/Train/Rural/masks_png/1079.png,c198814b7edb1c6f4d0420f6ea3facde0655fa1b62d2ce2dabe39a6d3c4824f6
loveda_train_rural_1082,probe_train,rural,processed/LoveDA/ssl_train_rgb/rural/1082.png,loveda_m2a/Train/Rural/masks_png/1082.png,7e19b3119f8bd610d7def185ecbb8d3f15145d67fa840a9173eb97591ca39887
loveda_train_rural_1083,probe_train,rural,processed/LoveDA/ssl_train_rgb/rural/1083.png,loveda_m2a/Train/Rural/masks_png/1083.png,4d9cf424d7b7a715b563b5df97dabb3fad85128df60e8b16372e5f0268f44f8c
loveda_train_rural_1084,probe_train,rural,processed/LoveDA/ssl_train_rgb/rural/1084.png,loveda_m2a/Train/Rural/masks_png/1084.png,a31862147ac304bfc0d49a52aac836ca86ac45a184083b875853d058987f25e8
loveda_train_rural_1085,probe_train,rural,processed/LoveDA/ssl_train_rgb/rural/1085.png,loveda_m2a/Train/Rural/masks_png/1085.png,ddc504fa874353b45d739915533a809df2f35b8ac520981d7fe6a03a1f430f3e
loveda_train_rural_1086,probe_train,rural,processed/LoveDA/ssl_train_rgb/rural/1086.png,loveda_m2a/Train/Rural/masks_png/1086.png,c28ed8580e958de4d71eed6de0507f7cde5ffaf71cba4aef30032d043a530d25
loveda_train_rural_1087,probe_train,rural,processed/LoveDA/ssl_train_rgb/rural/1087.png,loveda_m2a/Train/Rural/masks_png/1087.png,049c26c039f45e99f15480f5c9263ac630900510548297eaee52819cdbc1aa87
loveda_train_rural_1088,probe_train,rural,processed/LoveDA/ssl_train_rgb/rural/1088.png,loveda_m2a/Train/Rural/masks_png/1088.png,c641c1bab4bcc38b9f55fa6847c847a76e3f2ea45bea8893d25fda566148deeb
loveda_train_rural_1089,probe_train,rural,processed/LoveDA/ssl_train_rgb/rural/1089.png,loveda_m2a/Train/Rural/masks_png/1089.png,af618f1eb3e84eb7813d60a24ace4d76df131934e97a8df7ac3dd64eede9c841
loveda_train_rural_109,probe_train,rural,processed/LoveDA/ssl_train_rgb/rural/109.png,loveda_m2a/Train/Rural/masks_png/109.png,2f0408729bf008f956f1f75078f0f00348489800034ba40170d789b4f7ada0c4
loveda_train_rural_1091,probe_train,rural,processed/LoveDA/ssl_train_rgb/rural/1091.png,loveda_m2a/Train/Rural/masks_png/1091.png,39c4cd4e7ddcb7c5760beadf6ccb3403f5b9d4d3af6a3127eb2d6cda4f1a1957
loveda_train_rural_1092,probe_train,rural,processed/LoveDA/ssl_train_rgb/rural/1092.png,loveda_m2a/Train/Rural/masks_png/1092.png,d4a44b93dc8667423013ec5b61824bf2bbf3470debb01d39b5a8980625895802
loveda_train_rural_1095,probe_train,rural,processed/LoveDA/ssl_train_rgb/rural/1095.png,loveda_m2a/Train/Rural/masks_png/1095.png,5ef2173201d5bfbf475c63ccf9366e729810c85d5b93a5b004cbd8f5791b517b
loveda_train_rural_1096,probe_train,rural,processed/LoveDA/ssl_train_rgb/rural/1096.png,loveda_m2a/Train/Rural/masks_png/1096.png,ba3b03e8127bbaadc51c2837d41261270d4906be3178295e7c4a963cd2954178
loveda_train_rural_1097,probe_train,rural,processed/LoveDA/ssl_train_rgb/rural/1097.png,loveda_m2a/Train/Rural/masks_png/1097.png,d45875a71731dbf914a7ebd961e5ae86a0a538df084aaedc387924454efcdbf4
loveda_train_rural_1098,probe_train,rural,processed/LoveDA/ssl_train_rgb/rural/1098.png,loveda_m2a/Train/Rural/masks_png/1098.png,33dd3385a64fe6e0fcfa96edd4876081cb01e11793e9477df491fd5d47cf182a
loveda_train_rural_11,probe_train,rural,processed/LoveDA/ssl_train_rgb/rural/11.png,loveda_m2a/Train/Rural/masks_png/11.png,e24ecd90eb2d0cb956ca62c80ccb8032ad9252d5867228a7ca2ed12899ff1222
loveda_train_rural_110,probe_train,rural,processed/LoveDA/ssl_train_rgb/rural/110.png,loveda_m2a/Train/Rural/masks_png/110.png,de779020a0ce23c7593dc0f5a60b8bfaf5a1d91bfc2d523db91eb14ad543980a
loveda_train_rural_1100,probe_train,rural,processed/LoveDA/ssl_train_rgb/rural/1100.png,loveda_m2a/Train/Rural/masks_png/1100.png,26d9c38d4725ca41770d6536c3e641bddcbe4ea57c629e709e5b54d9680b2269
loveda_train_rural_1101,probe_train,rural,processed/LoveDA/ssl_train_rgb/rural/1101.png,loveda_m2a/Train/Rural/masks_png/1101.png,acfca75f8fad76c408e240e5167a768bd5ebe52d421b9702150e7a1477687c0b
loveda_train_rural_1102,probe_train,rural,processed/LoveDA/ssl_train_rgb/rural/1102.png,loveda_m2a/Train/Rural/masks_png/1102.png,c20c9996a173c51f5447219f2defbca2b0f1c63ba40f0ed21dd69fde5553f359
loveda_train_rural_1103,probe_train,rural,processed/LoveDA/ssl_train_rgb/rural/1103.png,loveda_m2a/Train/Rural/masks_png/1103.png,ae91b6f817318a2c8aa2be9a75cfe1d41b568f7f9bb94ff4bc9ea32a835f52d4
loveda_train_rural_1104,probe_train,rural,processed/LoveDA/ssl_train_rgb/rural/1104.png,loveda_m2a/Train/Rural/masks_png/1104.png,aaedf33c469c8a6eadb84cecf386d6068cc4abe27f1bd794a6e394f238360188
loveda_train_rural_1105,probe_train,rural,processed/LoveDA/ssl_train_rgb/rural/1105.png,loveda_m2a/Train/Rural/masks_png/1105.png,b3b3e5db5ea5c0671e8372757b67639f3babe94d824597f316c77007bb59eac3
loveda_train_rural_1108,probe_train,rural,processed/LoveDA/ssl_train_rgb/rural/1108.png,loveda_m2a/Train/Rural/masks_png/1108.png,91e94e75ecf46931959e62bf31bb0fb899d50bcf009e849ad0f30aa0d1b40ee5
loveda_train_rural_1109,probe_train,rural,processed/LoveDA/ssl_train_rgb/rural/1109.png,loveda_m2a/Train/Rural/masks_png/1109.png,cc2a61a008a973751d0084bded3ca8cf7fa30728fa1e1a1afa1aaf6bc3476118
loveda_train_rural_111,probe_train,rural,processed/LoveDA/ssl_train_rgb/rural/111.png,loveda_m2a/Train/Rural/masks_png/111.png,1f77a54e0a564341a13f42dff7dc1e410bd36e5ffbff12850ba810f170f31dae
loveda_train_rural_1110,probe_train,rural,processed/LoveDA/ssl_train_rgb/rural/1110.png,loveda_m2a/Train/Rural/masks_png/1110.png,64e04fe45f0bfa6953fdd8633a80cb8e2778699c0a87058e33d3e3044e68b242
loveda_train_rural_1111,probe_train,rural,processed/LoveDA/ssl_train_rgb/rural/1111.png,loveda_m2a/Train/Rural/masks_png/1111.png,2d0fb0b674e8894d15df2c3fcb33b42bcf0fc214d07146eb8f9a09155ca3f775
loveda_train_rural_1113,probe_train,rural,processed/LoveDA/ssl_train_rgb/rural/1113.png,loveda_m2a/Train/Rural/masks_png/1113.png,d7523da423c20f3af6d343c09635443320141f5b2f69537c9b314e105886b70a
loveda_train_rural_1115,probe_train,rural,processed/LoveDA/ssl_train_rgb/rural/1115.png,loveda_m2a/Train/Rural/masks_png/1115.png,026688058618e908f24e3a1c010dde71ab94a48b1537309c5e26be7977644827
loveda_train_rural_1116,probe_train,rural,processed/LoveDA/ssl_train_rgb/rural/1116.png,loveda_m2a/Train/Rural/masks_png/1116.png,e0dc52578b7397a1a26c91be88edb25d843f812a4505e9f1b763e1c1140118b0
loveda_train_rural_1117,probe_train,rural,processed/LoveDA/ssl_train_rgb/rural/1117.png,loveda_m2a/Train/Rural/masks_png/1117.png,8440c320f00ba1e070c789434d6124a7f43188a1b2e25774677d5f78abafe92a
loveda_train_rural_1118,probe_train,rural,processed/LoveDA/ssl_train_rgb/rural/1118.png,loveda_m2a/Train/Rural/masks_png/1118.png,bcbf2bc069892785c9c696d760b539c54885812b71eb51a7e87d31ca8144f0cb
loveda_train_rural_1119,probe_train,rural,processed/LoveDA/ssl_train_rgb/rural/1119.png,loveda_m2a/Train/Rural/masks_png/1119.png,32f0867af52c40bd2a030942d4cddd723b5f3edba8a786af09b7618a09892bcf
loveda_train_rural_112,probe_train,rural,processed/LoveDA/ssl_train_rgb/rural/112.png,loveda_m2a/Train/Rural/masks_png/112.png,cc74fc34a3bcc622c6de3284fc0f4d077a7e136f027c3249ddf43e46c56ebdf5
loveda_train_rural_1120,probe_train,rural,processed/LoveDA/ssl_train_rgb/rural/1120.png,loveda_m2a/Train/Rural/masks_png/1120.png,16e1cc94a6945d3f6d3e2fb0f6b6e562383f85ee5ad5a6c310a1bcbc07e9d3e1
loveda_train_rural_1121,probe_train,rural,processed/LoveDA/ssl_train_rgb/rural/1121.png,loveda_m2a/Train/Rural/masks_png/1121.png,2cb1de6d10d7acf15f818c58821da346ade7fcfa9763c9634024fd91c7a49296
loveda_train_rural_1122,probe_train,rural,processed/LoveDA/ssl_train_rgb/rural/1122.png,loveda_m2a/Train/Rural/masks_png/1122.png,5a6133877465591590028cbd19c64e595521f6f68c6a4dd6a94533e4baf713b5
loveda_train_rural_1123,probe_train,rural,processed/LoveDA/ssl_train_rgb/rural/1123.png,loveda_m2a/Train/Rural/masks_png/1123.png,d13aafc321a0e66802d34cbc5ca5a8859b83b8c09fc7b7b47aaf2d2ca892d901
loveda_train_rural_1124,probe_train,rural,processed/LoveDA/ssl_train_rgb/rural/1124.png,loveda_m2a/Train/Rural/masks_png/1124.png,c8c2ae6814d8017e70e05c2c0bbd2dea4d2901008b9746284ada2f7e92a9926e
loveda_train_rural_1125,probe_train,rural,processed/LoveDA/ssl_train_rgb/rural/1125.png,loveda_m2a/Train/Rural/masks_png/1125.png,3d7e5a8817253a3f91cc469163d8c61a47fde89b111742f1d9a1911d1bfa43fa
loveda_train_rural_1126,probe_train,rural,processed/LoveDA/ssl_train_rgb/rural/1126.png,loveda_m2a/Train/Rural/masks_png/1126.png,24ea616bfd4eaa97370388400f1589cdd7ff9e41e95a2c84db7621b9603a0e3d
loveda_train_rural_1127,probe_train,rural,processed/LoveDA/ssl_train_rgb/rural/1127.png,loveda_m2a/Train/Rural/masks_png/1127.png,2ff62c0602cde10433d14ce9220cb13e088f14cff94133077a05f3df58539cf5
loveda_train_rural_1128,probe_train,rural,processed/LoveDA/ssl_train_rgb/rural/1128.png,loveda_m2a/Train/Rural/masks_png/1128.png,ba792c961b39ac89ad33d082a2752510f847fc6d210d2ccf174a320ecc7c58d0
loveda_train_rural_1129,probe_train,rural,processed/LoveDA/ssl_train_rgb/rural/1129.png,loveda_m2a/Train/Rural/masks_png/1129.png,23fabd2ec9c89a8e014566887d79ff624590296128d42435abb641eff863b000
loveda_train_rural_113,probe_train,rural,processed/LoveDA/ssl_train_rgb/rural/113.png,loveda_m2a/Train/Rural/masks_png/113.png,2e6e98e8a99401b3dcd316c4dcb96acfbdf5229e070fd6fa330b07bac99dbcdb
loveda_train_rural_1130,probe_train,rural,processed/LoveDA/ssl_train_rgb/rural/1130.png,loveda_m2a/Train/Rural/masks_png/1130.png,4f6a328a99b3b9da5d1b196fd7f75489046e2609983978e4d5c049079991c856
loveda_train_rural_1131,probe_train,rural,processed/LoveDA/ssl_train_rgb/rural/1131.png,loveda_m2a/Train/Rural/masks_png/1131.png,68f8a70990f5d87c1dc23ec41c4e8bf103b2aa568279bb7b651c8b1449e54d86
loveda_train_rural_1132,probe_train,rural,processed/LoveDA/ssl_train_rgb/rural/1132.png,loveda_m2a/Train/Rural/masks_png/1132.png,e416a19633eb647863bc1d3585980958cb4c94e5392cd4a32cd3b91406b90b47
loveda_train_rural_1133,probe_train,rural,processed/LoveDA/ssl_train_rgb/rural/1133.png,loveda_m2a/Train/Rural/masks_png/1133.png,2b15da49f444864f0c9a48292a424842d154da3430000d727ff144af9d0026af
loveda_train_rural_1134,probe_train,rural,processed/LoveDA/ssl_train_rgb/rural/1134.png,loveda_m2a/Train/Rural/masks_png/1134.png,158efd883331fd7cd6257e732bf1dfadb343b97ecc6b22a6bef11901f4532822
loveda_train_rural_1135,probe_train,rural,processed/LoveDA/ssl_train_rgb/rural/1135.png,loveda_m2a/Train/Rural/masks_png/1135.png,6bab46930702d64397ed6151a91beb2ad6f656ceec9213650cbf73da47d4ae99
loveda_train_rural_1136,probe_train,rural,processed/LoveDA/ssl_train_rgb/rural/1136.png,loveda_m2a/Train/Rural/masks_png/1136.png,d02fe7eb7156a2c6c51eb92f5e668c0a4aa7eb701b63eb060909ae2421147a92
loveda_train_rural_1137,probe_train,rural,processed/LoveDA/ssl_train_rgb/rural/1137.png,loveda_m2a/Train/Rural/masks_png/1137.png,f2e051b8f09aa44d8bda3787b8e01250a3f4a6e475e9e7a53d9427484eea741d
loveda_train_rural_1138,probe_train,rural,processed/LoveDA/ssl_train_rgb/rural/1138.png,loveda_m2a/Train/Rural/masks_png/1138.png,7c5a1f467be22d8df89069ad36088f4d5786783bbfa88cc5cae5e03bce5dc9b1
loveda_train_rural_1140,probe_train,rural,processed/LoveDA/ssl_train_rgb/rural/1140.png,loveda_m2a/Train/Rural/masks_png/1140.png,4ce87bf1a78f7ed00ce62f32ab42fa3aa164d205938f143f60879eba6ef27761
loveda_train_rural_1141,probe_train,rural,processed/LoveDA/ssl_train_rgb/rural/1141.png,loveda_m2a/Train/Rural/masks_png/1141.png,43b20cf7fe07a5f58294f51096b81fbb0e65ed287eab0852713a277b981126cd
loveda_train_rural_1142,probe_train,rural,processed/LoveDA/ssl_train_rgb/rural/1142.png,loveda_m2a/Train/Rural/masks_png/1142.png,6690cb92430911c68aab7f3326ace9e455e74b84211a910aaaeba8fbd106aedc
loveda_train_rural_1145,probe_train,rural,processed/LoveDA/ssl_train_rgb/rural/1145.png,loveda_m2a/Train/Rural/masks_png/1145.png,211db0d79760c15603360f449abbdd585e5fb9c9644fe78e970716dd47e0ab80
loveda_train_rural_1147,probe_train,rural,processed/LoveDA/ssl_train_rgb/rural/1147.png,loveda_m2a/Train/Rural/masks_png/1147.png,77cdd9a1bdb0a8394aaa175cb20835719a1e716a3bb668b16ab351ec52334ecd
loveda_train_rural_1148,probe_train,rural,processed/LoveDA/ssl_train_rgb/rural/1148.png,loveda_m2a/Train/Rural/masks_png/1148.png,4b4eb9b3402ff3779462b4ffdf15aca0d1c9c237e7199f812f63175eb9010742
loveda_train_rural_1149,probe_train,rural,processed/LoveDA/ssl_train_rgb/rural/1149.png,loveda_m2a/Train/Rural/masks_png/1149.png,14a76e16f63d7accad3776a698fb321f118e2f09a42c7e95ed71778139db9491
loveda_train_rural_115,probe_train,rural,processed/LoveDA/ssl_train_rgb/rural/115.png,loveda_m2a/Train/Rural/masks_png/115.png,0c27d0a1349ffcb7eef35b58526ca12be811cdbb81e78cf7f1e38c30935e804a
loveda_train_rural_1150,probe_train,rural,processed/LoveDA/ssl_train_rgb/rural/1150.png,loveda_m2a/Train/Rural/masks_png/1150.png,e46ac4893fc028fbc5dd22bc03ac27c8f484ffe8f192d4307b35dd7dbc608399
loveda_train_rural_1151,probe_train,rural,processed/LoveDA/ssl_train_rgb/rural/1151.png,loveda_m2a/Train/Rural/masks_png/1151.png,bd11bacb888c607d9cf1c9b1da0ff6696d7c52fd60bcb6ad7ee415fac5a3b0fc
loveda_train_rural_1152,probe_train,rural,processed/LoveDA/ssl_train_rgb/rural/1152.png,loveda_m2a/Train/Rural/masks_png/1152.png,73e5ea83950e9d3e81eaa5c8588f8bc37cbe53b77c0a451fdec2a99e888f194d
loveda_train_rural_1153,probe_train,rural,processed/LoveDA/ssl_train_rgb/rural/1153.png,loveda_m2a/Train/Rural/masks_png/1153.png,dc4799f09430b26f4d563272d0d2abf9aa9296f5c170e73ffc17df00606b0c57
loveda_train_rural_1154,probe_train,rural,processed/LoveDA/ssl_train_rgb/rural/1154.png,loveda_m2a/Train/Rural/masks_png/1154.png,4b16c5e3f1bbda3c016836d14ee4b0b7b7ca42edde137732a81b05ee354426fc
loveda_train_rural_1155,probe_train,rural,processed/LoveDA/ssl_train_rgb/rural/1155.png,loveda_m2a/Train/Rural/masks_png/1155.png,ca38146f81042caff696fed1fab90c03df7d0d04889088ad76573b25aea45b25
loveda_train_rural_1159,probe_train,rural,processed/LoveDA/ssl_train_rgb/rural/1159.png,loveda_m2a/Train/Rural/masks_png/1159.png,6ee6fd2a58454c68e9d7a018c2e2b0aa1b1d5eee79f0e6a57cccb8c90933202a
loveda_train_rural_116,probe_train,rural,processed/LoveDA/ssl_train_rgb/rural/116.png,loveda_m2a/Train/Rural/masks_png/116.png,468ca22c1a633f447757f4b28852920413936c920f0747489fe603af932285bb
loveda_train_rural_1160,probe_train,rural,processed/LoveDA/ssl_train_rgb/rural/1160.png,loveda_m2a/Train/Rural/masks_png/1160.png,b825177ff168a87434c90928ae9e699e591b398da6ff6f0b10afb52af0c3f009
loveda_train_rural_1161,probe_train,rural,processed/LoveDA/ssl_train_rgb/rural/1161.png,loveda_m2a/Train/Rural/masks_png/1161.png,834d7992e6a53d0d500d61d8804ce4f90380f7487e1cb68a938dd6a420b9ec23
loveda_train_rural_1162,probe_train,rural,processed/LoveDA/ssl_train_rgb/rural/1162.png,loveda_m2a/Train/Rural/masks_png/1162.png,8d92157a5dc377caa26cc7881df99494c9703d76b9f6518cbdd2e4d2090b5775
loveda_train_rural_1163,probe_train,rural,processed/LoveDA/ssl_train_rgb/rural/1163.png,loveda_m2a/Train/Rural/masks_png/1163.png,a8e0523a6f1acb093fd1d98888d39c0eafdf117c63d1bd94923e6df413818922
loveda_train_rural_1164,probe_train,rural,processed/LoveDA/ssl_train_rgb/rural/1164.png,loveda_m2a/Train/Rural/masks_png/1164.png,4b24e8b40502adebcd5344fb4f065495687559a3da03259f8ea3ee6a6aea3331
loveda_train_rural_1165,probe_train,rural,processed/LoveDA/ssl_train_rgb/rural/1165.png,loveda_m2a/Train/Rural/masks_png/1165.png,a526eb6d0400d3cdd0a3109481744c2e2cb1e8eb30df1afcc3876d2123ece4cc
loveda_train_rural_1166,probe_train,rural,processed/LoveDA/ssl_train_rgb/rural/1166.png,loveda_m2a/Train/Rural/masks_png/1166.png,3b19a3249d8ca7180f269653c9d8e2e1d4b30ae904bb30d6fd34c00f2895d03b
loveda_train_rural_1167,probe_train,rural,processed/LoveDA/ssl_train_rgb/rural/1167.png,loveda_m2a/Train/Rural/masks_png/1167.png,4c9e4713eae11b6dc42af69e8404925d0d1200199d3b129314ea67cc90765825
loveda_train_rural_1168,probe_train,rural,processed/LoveDA/ssl_train_rgb/rural/1168.png,loveda_m2a/Train/Rural/masks_png/1168.png,f61a242f45fe16f6b32ab1f1397ef0cb8468a203051df0d668429fad1161981f
loveda_train_rural_1169,probe_train,rural,processed/LoveDA/ssl_train_rgb/rural/1169.png,loveda_m2a/Train/Rural/masks_png/1169.png,73092c9c209a4400730a46e55775a9f691ad0ccfb680234ef8329a44c97b6182
loveda_train_rural_117,probe_train,rural,processed/LoveDA/ssl_train_rgb/rural/117.png,loveda_m2a/Train/Rural/masks_png/117.png,2b003bcc201d5d2fcbffa57515d3177d8bb5516f18b3ad154bfa62f082f31b43
loveda_train_rural_1170,probe_train,rural,processed/LoveDA/ssl_train_rgb/rural/1170.png,loveda_m2a/Train/Rural/masks_png/1170.png,30681535061b9282fb0e1bff1b53b448314212e68bb504e56eaefde7396b19e4
loveda_train_rural_1171,probe_train,rural,processed/LoveDA/ssl_train_rgb/rural/1171.png,loveda_m2a/Train/Rural/masks_png/1171.png,afff778a05f76cea3b64a425959276480174ac7c1755cd958285988877ca8342
loveda_train_rural_1172,probe_train,rural,processed/LoveDA/ssl_train_rgb/rural/1172.png,loveda_m2a/Train/Rural/masks_png/1172.png,c42180348e5f758b020f79c8972071a37e266059c303264af7b92618224f9617
loveda_train_rural_1173,probe_train,rural,processed/LoveDA/ssl_train_rgb/rural/1173.png,loveda_m2a/Train/Rural/masks_png/1173.png,832cb36b5c7d8c75a12ddbf6cf069d36d8ec85baa76c92b4758c9d70ac4f657a
loveda_train_rural_1174,probe_train,rural,processed/LoveDA/ssl_train_rgb/rural/1174.png,loveda_m2a/Train/Rural/masks_png/1174.png,787b80e067d47fd28e2a5cf72597a403b08ca150b5a038e63b5c047bac9b8d9c
loveda_train_rural_1175,probe_train,rural,processed/LoveDA/ssl_train_rgb/rural/1175.png,loveda_m2a/Train/Rural/masks_png/1175.png,3e5d892e04965424ab9116d9082c000765a232135cd2ad4ac2b369715a931f41
loveda_train_rural_1176,probe_train,rural,processed/LoveDA/ssl_train_rgb/rural/1176.png,loveda_m2a/Train/Rural/masks_png/1176.png,26ee30e6db93fb7f075d4a13c3c105bed5df2b093a77d90552eb90650864a72b
loveda_train_rural_1178,probe_train,rural,processed/LoveDA/ssl_train_rgb/rural/1178.png,loveda_m2a/Train/Rural/masks_png/1178.png,6bf0e70d8960f78c37d204691fd3d37374e0732127246e522d38c0850e83d283
loveda_train_rural_1179,probe_train,rural,processed/LoveDA/ssl_train_rgb/rural/1179.png,loveda_m2a/Train/Rural/masks_png/1179.png,9723574cf90a963595a65511cc8fab51d529a8730ebdcc58e077e6ef32b49ddb
loveda_train_rural_1180,probe_train,rural,processed/LoveDA/ssl_train_rgb/rural/1180.png,loveda_m2a/Train/Rural/masks_png/1180.png,4fd54e239f950f994949576f48c04e5f810fc34414b4981ff605196744bfc27e
loveda_train_rural_1181,probe_train,rural,processed/LoveDA/ssl_train_rgb/rural/1181.png,loveda_m2a/Train/Rural/masks_png/1181.png,f0e678a1de9d5b95e8844c4da5a93b37bab3c0fcfd30e27b20105f76cea12b54
loveda_train_rural_1182,probe_train,rural,processed/LoveDA/ssl_train_rgb/rural/1182.png,loveda_m2a/Train/Rural/masks_png/1182.png,505d6b9a74d58137fdf2efc20412acb9c0698a34744fed2624645ab27c7c6d39
loveda_train_rural_1183,probe_train,rural,processed/LoveDA/ssl_train_rgb/rural/1183.png,loveda_m2a/Train/Rural/masks_png/1183.png,8b7420c5f8859630ee1385e3bb55ddf2de510715c638ba5ba1368323529628de
loveda_train_rural_1185,probe_train,rural,processed/LoveDA/ssl_train_rgb/rural/1185.png,loveda_m2a/Train/Rural/masks_png/1185.png,a30284e3dcd093b16284d91f572adb7a9a440b5e8983b2c03f1d92eb8f7c4717
loveda_train_rural_1186,probe_train,rural,processed/LoveDA/ssl_train_rgb/rural/1186.png,loveda_m2a/Train/Rural/masks_png/1186.png,c1dcfeb66e2398eed917aca85d34520bba89e85095a0889d24ec0b3b53652113
loveda_train_rural_1187,probe_train,rural,processed/LoveDA/ssl_train_rgb/rural/1187.png,loveda_m2a/Train/Rural/masks_png/1187.png,23afa0069cf760d37074d61ad7726f7c070db1472a5de69357c314babebf8608
loveda_train_rural_1188,probe_train,rural,processed/LoveDA/ssl_train_rgb/rural/1188.png,loveda_m2a/Train/Rural/masks_png/1188.png,a4f3dfd353031b58a2add1b078afd00c081727975e42a18c2377d412079bf03c
loveda_train_rural_1189,probe_train,rural,processed/LoveDA/ssl_train_rgb/rural/1189.png,loveda_m2a/Train/Rural/masks_png/1189.png,026698645b5675d27a092ec4fcc0fe0975f680af599be8a3c8035fd19cd943b1
loveda_train_rural_119,probe_train,rural,processed/LoveDA/ssl_train_rgb/rural/119.png,loveda_m2a/Train/Rural/masks_png/119.png,b7e3f5edacaf6052688407e8bb849880e96d41625ea017e545aef909e0a191c4
loveda_train_rural_1190,probe_train,rural,processed/LoveDA/ssl_train_rgb/rural/1190.png,loveda_m2a/Train/Rural/masks_png/1190.png,fed4f5de610e3f6da4fddb2bec89ab168a7fdca674f0eb66456d6e46bf1ae8ec
loveda_train_rural_1191,probe_train,rural,processed/LoveDA/ssl_train_rgb/rural/1191.png,loveda_m2a/Train/Rural/masks_png/1191.png,b508cfbf1493e28e80a208f4d5e942017fee4975c2e784b70bb47a8123d9ab8d
loveda_train_rural_1192,probe_train,rural,processed/LoveDA/ssl_train_rgb/rural/1192.png,loveda_m2a/Train/Rural/masks_png/1192.png,8b3a8df464e1180d77dce8f25250d6e574cb56fbfec31b642fe0fab88baa0fd5
loveda_train_rural_1194,probe_train,rural,processed/LoveDA/ssl_train_rgb/rural/1194.png,loveda_m2a/Train/Rural/masks_png/1194.png,a3caea7aad7bf9f329bc1a54bec60ddeacf47d51c72e442644afe18109d5696a
loveda_train_rural_1195,probe_train,rural,processed/LoveDA/ssl_train_rgb/rural/1195.png,loveda_m2a/Train/Rural/masks_png/1195.png,1a3a1ae4ab06f694e578b994c9b23cb9d6f048dfcfc0d8511f70b434c568a999
loveda_train_rural_1196,probe_train,rural,processed/LoveDA/ssl_train_rgb/rural/1196.png,loveda_m2a/Train/Rural/masks_png/1196.png,e7081c9109f59d6196e1da3f79afdb00702a6baeafa1a8a1e2b504caac4047f3
loveda_train_rural_1197,probe_train,rural,processed/LoveDA/ssl_train_rgb/rural/1197.png,loveda_m2a/Train/Rural/masks_png/1197.png,ed6c74a4839c7910d81863f86a49d1183fedb02569473f73b838443b16800b3c
loveda_train_rural_120,probe_train,rural,processed/LoveDA/ssl_train_rgb/rural/120.png,loveda_m2a/Train/Rural/masks_png/120.png,a901151bf9cadea9c74217e88fe96dfe95094e1cbee932d81c01ec20672ac588
loveda_train_rural_1200,probe_train,rural,processed/LoveDA/ssl_train_rgb/rural/1200.png,loveda_m2a/Train/Rural/masks_png/1200.png,6956134c261e464ab993223ccaa25935fa58319785054469efd2a8e7485e2e72
loveda_train_rural_1201,probe_train,rural,processed/LoveDA/ssl_train_rgb/rural/1201.png,loveda_m2a/Train/Rural/masks_png/1201.png,8ba9fe71fb861ca1497249517c7b234e046e6483434d4c62a820fbf781320412
loveda_train_rural_1203,probe_train,rural,processed/LoveDA/ssl_train_rgb/rural/1203.png,loveda_m2a/Train/Rural/masks_png/1203.png,e98dd1c45591b99bbf3254f95d1aca230e848326b1c53a7b2d2d302580866360
loveda_train_rural_1204,probe_train,rural,processed/LoveDA/ssl_train_rgb/rural/1204.png,loveda_m2a/Train/Rural/masks_png/1204.png,f77034cc51926546169cd89771692c3571fff77057d0833d21796ab7bcc75a87
loveda_train_rural_1205,probe_train,rural,processed/LoveDA/ssl_train_rgb/rural/1205.png,loveda_m2a/Train/Rural/masks_png/1205.png,7e8a50eab2150c3ed003add381c04da3e60ead43ca17e70920a815ce7e856125
loveda_train_rural_1206,probe_train,rural,processed/LoveDA/ssl_train_rgb/rural/1206.png,loveda_m2a/Train/Rural/masks_png/1206.png,832d41e6f57ff7ca8a3a262b3250a57fae4d93be60b794e279a2004a1462649a
loveda_train_rural_1207,probe_train,rural,processed/LoveDA/ssl_train_rgb/rural/1207.png,loveda_m2a/Train/Rural/masks_png/1207.png,2823a117f8221460b6bedfdf8ff56a9fbae83327db7825fcbe0d53e3dc75e21f
loveda_train_rural_1209,probe_train,rural,processed/LoveDA/ssl_train_rgb/rural/1209.png,loveda_m2a/Train/Rural/masks_png/1209.png,f38ae294030a2e210f401f9a17c9131aa6c97f853d8cd53e337a64d2a216b4c1
loveda_train_rural_121,probe_train,rural,processed/LoveDA/ssl_train_rgb/rural/121.png,loveda_m2a/Train/Rural/masks_png/121.png,da11cea19fd96849c5dd14789b3a22ac196852e9a8bc6ee7a3c5bf26288063f7
loveda_train_rural_1210,probe_train,rural,processed/LoveDA/ssl_train_rgb/rural/1210.png,loveda_m2a/Train/Rural/masks_png/1210.png,8f1ad23b128e1b1e6dec0eab2a26dcebd66f7dde4704ef91e5b70772c04da4b8
loveda_train_rural_1211,probe_train,rural,processed/LoveDA/ssl_train_rgb/rural/1211.png,loveda_m2a/Train/Rural/masks_png/1211.png,f5cafda6068bf65566f4f708bc8011547af61b3964a88d8f8c0a94b2080ae5ec
loveda_train_rural_1212,probe_train,rural,processed/LoveDA/ssl_train_rgb/rural/1212.png,loveda_m2a/Train/Rural/masks_png/1212.png,9b05e82febdca6df095477cbd8dd41bc6e925c30f3700690eb4a0de54537a94a
loveda_train_rural_1214,probe_train,rural,processed/LoveDA/ssl_train_rgb/rural/1214.png,loveda_m2a/Train/Rural/masks_png/1214.png,81cf25e69bd81471bf122a1c0ad13b2529eef1ed9d138422b7031da9c0bde92b
loveda_train_rural_1215,probe_train,rural,processed/LoveDA/ssl_train_rgb/rural/1215.png,loveda_m2a/Train/Rural/masks_png/1215.png,89007b051ed8e35c3ffafa0e96c717b7a3249353dafd9bbdb57f0464ce2ca0b0
loveda_train_rural_1216,probe_train,rural,processed/LoveDA/ssl_train_rgb/rural/1216.png,loveda_m2a/Train/Rural/masks_png/1216.png,db649369396909946cd9ebbf9249233b8582f5d206a42bc5b1961877f679381b
loveda_train_rural_1219,probe_train,rural,processed/LoveDA/ssl_train_rgb/rural/1219.png,loveda_m2a/Train/Rural/masks_png/1219.png,ad4fc0aac8e7eed598c5942870f5fc3ae157e3c9ea01f963afe116b562ccf649
loveda_train_rural_122,probe_train,rural,processed/LoveDA/ssl_train_rgb/rural/122.png,loveda_m2a/Train/Rural/masks_png/122.png,ea1e8b59213b1949f41258d8d68a012d10b67f2a143339f7292898a06f78280f
loveda_train_rural_1220,probe_train,rural,processed/LoveDA/ssl_train_rgb/rural/1220.png,loveda_m2a/Train/Rural/masks_png/1220.png,9e4684d8bf38bb8a81da25b3ed348b0924e17d66d89da18a5a88d9a5bb3bd82c
loveda_train_rural_1221,probe_train,rural,processed/LoveDA/ssl_train_rgb/rural/1221.png,loveda_m2a/Train/Rural/masks_png/1221.png,b33738fb8eb4765f93386bd2ce78c39b525b332735382b7d615bbce9fcedb13b
loveda_train_rural_1222,probe_train,rural,processed/LoveDA/ssl_train_rgb/rural/1222.png,loveda_m2a/Train/Rural/masks_png/1222.png,ff410c12ddd7948dae562606ec3ba50caa9d005d25b5c94f8b36c7fcac85c495
loveda_train_rural_1224,probe_train,rural,processed/LoveDA/ssl_train_rgb/rural/1224.png,loveda_m2a/Train/Rural/masks_png/1224.png,74c1832cc66fd3a79d8bdc2a249d97ae1dfaeda7419827945357aa1eae2bdcb7
loveda_train_rural_1225,probe_train,rural,processed/LoveDA/ssl_train_rgb/rural/1225.png,loveda_m2a/Train/Rural/masks_png/1225.png,9ba8bdc6663e656190fd73475f23984cb5d71909f634edff91313ed4768d5aaa
loveda_train_rural_1226,probe_train,rural,processed/LoveDA/ssl_train_rgb/rural/1226.png,loveda_m2a/Train/Rural/masks_png/1226.png,8264fb2d3bd9f0e953369b562d80876ac97250084b38a1e9f3bc1d949b3adefc
loveda_train_rural_1227,probe_train,rural,processed/LoveDA/ssl_train_rgb/rural/1227.png,loveda_m2a/Train/Rural/masks_png/1227.png,64671579a87512a83d2119ecede13a818699d3bbdd2d5379c91e3f83d80b8d0d
loveda_train_rural_1229,probe_train,rural,processed/LoveDA/ssl_train_rgb/rural/1229.png,loveda_m2a/Train/Rural/masks_png/1229.png,566a8a7dc261229b254f9f2a25c41a7e6cacb983bf046de56b49db524480d11b
loveda_train_rural_123,probe_train,rural,processed/LoveDA/ssl_train_rgb/rural/123.png,loveda_m2a/Train/Rural/masks_png/123.png,bb55166816324f45acabb8316866462e269bf23aa96aa7255fedb0fe46db88bd
loveda_train_rural_1230,probe_train,rural,processed/LoveDA/ssl_train_rgb/rural/1230.png,loveda_m2a/Train/Rural/masks_png/1230.png,85019273982eeddaec18d5d18edc045aa7a8f022b42f3a8bb1e1d9d68a773acf
loveda_train_rural_1231,probe_train,rural,processed/LoveDA/ssl_train_rgb/rural/1231.png,loveda_m2a/Train/Rural/masks_png/1231.png,fed95d51d054c47f3b8088acb3dd328157bd706d7b9ad2dd0322a482a09f32b4
loveda_train_rural_1232,probe_train,rural,processed/LoveDA/ssl_train_rgb/rural/1232.png,loveda_m2a/Train/Rural/masks_png/1232.png,558c060caea6b6c54c1ce5ab32b6b0dddd82ed082a24aee271107663d577a4d4
loveda_train_rural_1233,probe_train,rural,processed/LoveDA/ssl_train_rgb/rural/1233.png,loveda_m2a/Train/Rural/masks_png/1233.png,c6406506ea51e1e3edaef01b64fcd2a3eeb9a988c2a9b5151f3af50009803b7d
loveda_train_rural_1234,probe_train,rural,processed/LoveDA/ssl_train_rgb/rural/1234.png,loveda_m2a/Train/Rural/masks_png/1234.png,983c2bc764ed7bf5ef44cfcb34e67642280ae1db05a6dd9112c1b1373294781e
loveda_train_rural_1235,probe_train,rural,processed/LoveDA/ssl_train_rgb/rural/1235.png,loveda_m2a/Train/Rural/masks_png/1235.png,6bc29bac1b69a02bb9aba19e7521ec5735252c8463d0989727c350c4e4c85b3b
loveda_train_rural_1236,probe_train,rural,processed/LoveDA/ssl_train_rgb/rural/1236.png,loveda_m2a/Train/Rural/masks_png/1236.png,158fc312aa659d93b65f89d3f4c93e2eb9e493e110f17507757e8c7434e51ff4
loveda_train_rural_1237,probe_train,rural,processed/LoveDA/ssl_train_rgb/rural/1237.png,loveda_m2a/Train/Rural/masks_png/1237.png,d5bdc5c9e9eb9b3385f3791f52b5ce65d1d26de26b3460c0d9c868f8f36ef6ac
loveda_train_rural_1238,probe_train,rural,processed/LoveDA/ssl_train_rgb/rural/1238.png,loveda_m2a/Train/Rural/masks_png/1238.png,24fb2dee74daf85592a33219bbfed1e7bd304ce78ac7a090b75c5e4614bc763c
loveda_train_rural_1239,probe_train,rural,processed/LoveDA/ssl_train_rgb/rural/1239.png,loveda_m2a/Train/Rural/masks_png/1239.png,097fdad4eb89d8062be1a1e5c84e0d66131f80b1983856bc50d968ff33826cb5
loveda_train_rural_124,probe_train,rural,processed/LoveDA/ssl_train_rgb/rural/124.png,loveda_m2a/Train/Rural/masks_png/124.png,bae719033abc01f265980d6394ef1d0dfaaf9003550c0293f75c3a0e1ab06160
loveda_train_rural_1240,probe_train,rural,processed/LoveDA/ssl_train_rgb/rural/1240.png,loveda_m2a/Train/Rural/masks_png/1240.png,af8f833dd4d265281196eec618025a160f0e1f8a71c627824155f370ba8aeecd
loveda_train_rural_1241,probe_train,rural,processed/LoveDA/ssl_train_rgb/rural/1241.png,loveda_m2a/Train/Rural/masks_png/1241.png,a6354043030f6caa8e2017a141a1a6ac960714f205b41a4df24d8f0c3a1069f7
loveda_train_rural_1242,probe_train,rural,processed/LoveDA/ssl_train_rgb/rural/1242.png,loveda_m2a/Train/Rural/masks_png/1242.png,96d9cf88edacd713ab06697f02085c60109abe17414a41cb8c05a0b3a8d07df2
loveda_train_rural_1243,probe_train,rural,processed/LoveDA/ssl_train_rgb/rural/1243.png,loveda_m2a/Train/Rural/masks_png/1243.png,ebf6df161014e691129c043f1232e99d989e7c4bb470b8291b2af4b48f2d5096
loveda_train_rural_1244,probe_train,rural,processed/LoveDA/ssl_train_rgb/rural/1244.png,loveda_m2a/Train/Rural/masks_png/1244.png,b9b155b1f15fbb5a778f79788de74d2633e5fb83ca1a1c11abc387514d345d9d
loveda_train_rural_1245,probe_train,rural,processed/LoveDA/ssl_train_rgb/rural/1245.png,loveda_m2a/Train/Rural/masks_png/1245.png,884e6eceb7c9922d7b895100dc5b448b9bb0cf499529707623a4120023d34e0a
loveda_train_rural_1246,probe_train,rural,processed/LoveDA/ssl_train_rgb/rural/1246.png,loveda_m2a/Train/Rural/masks_png/1246.png,0d6b1f7b79315e1a34021d1b0bcd0b506df1ca5c73ded314b68842a60d2329b9
loveda_train_rural_1247,probe_train,rural,processed/LoveDA/ssl_train_rgb/rural/1247.png,loveda_m2a/Train/Rural/masks_png/1247.png,1d4583f66a6750882a2f2db12bba5aca82a3109ffde59537f5e2b831b2fceba4
loveda_train_rural_1248,probe_train,rural,processed/LoveDA/ssl_train_rgb/rural/1248.png,loveda_m2a/Train/Rural/masks_png/1248.png,e9582eb00b437a848c9f1bbf2f118ae326ee30f520cea4b693cecf460bc4c514
loveda_train_rural_1249,probe_train,rural,processed/LoveDA/ssl_train_rgb/rural/1249.png,loveda_m2a/Train/Rural/masks_png/1249.png,e48ff7f86b8e2c81330b0f512f846b22100132a832a85e527c9ce511350dffe2
loveda_train_rural_125,probe_train,rural,processed/LoveDA/ssl_train_rgb/rural/125.png,loveda_m2a/Train/Rural/masks_png/125.png,f5afaa1a57e8a73b9505c43bc3e0e4ff095c5d883365dfba6a8a1847fb3ac97a
loveda_train_rural_1250,probe_train,rural,processed/LoveDA/ssl_train_rgb/rural/1250.png,loveda_m2a/Train/Rural/masks_png/1250.png,02c55864731ed57fb89d7f587eb168437986b700c1825425f49e5ba06d176307
loveda_train_rural_1252,probe_train,rural,processed/LoveDA/ssl_train_rgb/rural/1252.png,loveda_m2a/Train/Rural/masks_png/1252.png,d75373dd63f59a5d68012ebaf88c92afcacea5ac01247e1c0c1fdecb2df991dc
loveda_train_rural_1253,probe_train,rural,processed/LoveDA/ssl_train_rgb/rural/1253.png,loveda_m2a/Train/Rural/masks_png/1253.png,80be2dd44bb93e72fc78eae15ad87742f10ee90246f873d9fb3b022acd89ae6d
loveda_train_rural_1254,probe_train,rural,processed/LoveDA/ssl_train_rgb/rural/1254.png,loveda_m2a/Train/Rural/masks_png/1254.png,fc78fb7ebe8e6cb98ff67719e96be85a4e26075641d8f02e8fc4fdb24476f98e
loveda_train_rural_1255,probe_train,rural,processed/LoveDA/ssl_train_rgb/rural/1255.png,loveda_m2a/Train/Rural/masks_png/1255.png,f32e304d76b16301621901120f99ca7d0ec819c20822c41681599fd618645a2d
loveda_train_rural_1256,probe_train,rural,processed/LoveDA/ssl_train_rgb/rural/1256.png,loveda_m2a/Train/Rural/masks_png/1256.png,0515dfca5ac27e647a83e59c94aae82f95df35a9d0b43002b2f00d6f7c7d6f27
loveda_train_rural_1257,probe_train,rural,processed/LoveDA/ssl_train_rgb/rural/1257.png,loveda_m2a/Train/Rural/masks_png/1257.png,1b3c5d0d941c1e066a04404d12f7090e7539d71771a649d550a13699c57c858c
loveda_train_rural_126,probe_train,rural,processed/LoveDA/ssl_train_rgb/rural/126.png,loveda_m2a/Train/Rural/masks_png/126.png,45df0a7d3447252e60c5edaba4d453d5e3fd925292ac1b7cb1522e0e70015007
loveda_train_rural_1260,probe_train,rural,processed/LoveDA/ssl_train_rgb/rural/1260.png,loveda_m2a/Train/Rural/masks_png/1260.png,6b320e8ec05eaf0f8a4208b6696b7cbddbebd1fdfec07dcf817182c793fdd1a9
loveda_train_rural_1261,probe_train,rural,processed/LoveDA/ssl_train_rgb/rural/1261.png,loveda_m2a/Train/Rural/masks_png/1261.png,ec9eeb00fa05b72fc940e1963dd1f889718f4673881dee5c40e97771830bd8a4
loveda_train_rural_1263,probe_train,rural,processed/LoveDA/ssl_train_rgb/rural/1263.png,loveda_m2a/Train/Rural/masks_png/1263.png,ef5a5865a77df5f3af4a35ccb2e01f612231b783c06443ce5e2871791f7ac5a0
loveda_train_rural_1264,probe_train,rural,processed/LoveDA/ssl_train_rgb/rural/1264.png,loveda_m2a/Train/Rural/masks_png/1264.png,fdd96e85c08f7c99fc83d8654b6ba5c2cc1f6d266e4af2ec08660c50a21b4b3f
loveda_train_rural_1265,probe_train,rural,processed/LoveDA/ssl_train_rgb/rural/1265.png,loveda_m2a/Train/Rural/masks_png/1265.png,4d1b1f58b7b7289d83775173113cbd2c69c1835c025e5d9c338a798b1f9e256b
loveda_train_rural_1267,probe_train,rural,processed/LoveDA/ssl_train_rgb/rural/1267.png,loveda_m2a/Train/Rural/masks_png/1267.png,57b32803d35c8cbb5d1f4b8fba646573860c7bb55cfdc92d2a841698f8edc981
loveda_train_rural_1268,probe_train,rural,processed/LoveDA/ssl_train_rgb/rural/1268.png,loveda_m2a/Train/Rural/masks_png/1268.png,037b9cd992550ce381ef3f6490cb8eebac4580f2f9c7d99106a7c66444683264
loveda_train_rural_1269,probe_train,rural,processed/LoveDA/ssl_train_rgb/rural/1269.png,loveda_m2a/Train/Rural/masks_png/1269.png,f3f15d0d2b90f99ea0ad02064cc4f8383be7c670c14a5fc5bfecd9d558027e2a
loveda_train_rural_127,probe_train,rural,processed/LoveDA/ssl_train_rgb/rural/127.png,loveda_m2a/Train/Rural/masks_png/127.png,7d2d8403f7979987aeb40012a84dface196d5a9ad3fedaf6de3bb7d9b373667d
loveda_train_rural_1270,probe_train,rural,processed/LoveDA/ssl_train_rgb/rural/1270.png,loveda_m2a/Train/Rural/masks_png/1270.png,dbb266fbc28de37de8199faba35864bddfc9f3f8cf333a00cab9fd4d4569d0e7
loveda_train_rural_1271,probe_train,rural,processed/LoveDA/ssl_train_rgb/rural/1271.png,loveda_m2a/Train/Rural/masks_png/1271.png,36afebe99b74049ef3659978df51aba9c8bcb23ebc7795d5c2131ec169f34711
loveda_train_rural_1272,probe_train,rural,processed/LoveDA/ssl_train_rgb/rural/1272.png,loveda_m2a/Train/Rural/masks_png/1272.png,05f7941959202ec34733dbda308c292db39ad2f102f89e6bfef9b9047cdefa8c
loveda_train_rural_1273,probe_train,rural,processed/LoveDA/ssl_train_rgb/rural/1273.png,loveda_m2a/Train/Rural/masks_png/1273.png,ca666d89bbe234362d3bb56415c9f9cdceacb6f222309744cf8d9c19ba189236
loveda_train_rural_1274,probe_train,rural,processed/LoveDA/ssl_train_rgb/rural/1274.png,loveda_m2a/Train/Rural/masks_png/1274.png,45bf0b4b5f2e6d11383bb4b7e584fb30e9cedc2203e84edd6bbf6e80fc6fcde3
loveda_train_rural_1275,probe_train,rural,processed/LoveDA/ssl_train_rgb/rural/1275.png,loveda_m2a/Train/Rural/masks_png/1275.png,1e1dbdd09b92e521deacc8102cee0af45374e20a8948ecafc80f9dad5476973d
loveda_train_rural_1276,probe_train,rural,processed/LoveDA/ssl_train_rgb/rural/1276.png,loveda_m2a/Train/Rural/masks_png/1276.png,0aae4d8b7218c813f751e77139feec58fe130732186aaf47a202cfff91e49ca2
loveda_train_rural_1277,probe_train,rural,processed/LoveDA/ssl_train_rgb/rural/1277.png,loveda_m2a/Train/Rural/masks_png/1277.png,c8d668df347f3a1028df14be9db8fb7089f5ac71107b494c2550c85f3f98c6ff
loveda_train_rural_1278,probe_train,rural,processed/LoveDA/ssl_train_rgb/rural/1278.png,loveda_m2a/Train/Rural/masks_png/1278.png,486a92f37688a56112e40c7dde23b3e02278926811d8e94a964b5e7a638f05ad
loveda_train_rural_1279,probe_train,rural,processed/LoveDA/ssl_train_rgb/rural/1279.png,loveda_m2a/Train/Rural/masks_png/1279.png,cfd8ed4806463c89f68182b1fb0f3b7848cc2f0ca9ef206cfa08960b054cce07
loveda_train_rural_1280,probe_train,rural,processed/LoveDA/ssl_train_rgb/rural/1280.png,loveda_m2a/Train/Rural/masks_png/1280.png,be1e032a0cf34c5e65e89cf330676322951760bb68dea9a51273243a6a4d72df
loveda_train_rural_1281,probe_train,rural,processed/LoveDA/ssl_train_rgb/rural/1281.png,loveda_m2a/Train/Rural/masks_png/1281.png,76e065046a378d45e0f41851ba0d99de786b1413e8a88b3f150d930d15c7f948
loveda_train_rural_1282,probe_train,rural,processed/LoveDA/ssl_train_rgb/rural/1282.png,loveda_m2a/Train/Rural/masks_png/1282.png,902c7b9640fc9e5a1228c845ec5f843d439275a786dbd1473639c81d8dc2c7b5
loveda_train_rural_1283,probe_train,rural,processed/LoveDA/ssl_train_rgb/rural/1283.png,loveda_m2a/Train/Rural/masks_png/1283.png,a033be4bc680dc5d3410125834b9efef54193f5a51b9b091b11427bb8e5963c6
loveda_train_rural_1285,probe_train,rural,processed/LoveDA/ssl_train_rgb/rural/1285.png,loveda_m2a/Train/Rural/masks_png/1285.png,bacb45360241fc7e2d253ca9f574abf294ad90919b8e44302b4c40b9bcebd94c
loveda_train_rural_1286,probe_train,rural,processed/LoveDA/ssl_train_rgb/rural/1286.png,loveda_m2a/Train/Rural/masks_png/1286.png,a00afea2dcdda525f5dfa2efa2e303762003aca4dc609aa7c76f0c91c41a572e
loveda_train_rural_1287,probe_train,rural,processed/LoveDA/ssl_train_rgb/rural/1287.png,loveda_m2a/Train/Rural/masks_png/1287.png,19c237c8675d8fc4b4d1bdbb3f9a60ac6a428fdde92923a646621c341313fa8e
loveda_train_rural_1288,probe_train,rural,processed/LoveDA/ssl_train_rgb/rural/1288.png,loveda_m2a/Train/Rural/masks_png/1288.png,d813fe4a08de0703191fbb31354dfb6a6073a3329110a47a117e6503cf311133
loveda_train_rural_1289,probe_train,rural,processed/LoveDA/ssl_train_rgb/rural/1289.png,loveda_m2a/Train/Rural/masks_png/1289.png,24ca564e7e937eb69723fb56c7e330c488258c163ae1dce0b0adb8a85894f405
loveda_train_rural_1290,probe_train,rural,processed/LoveDA/ssl_train_rgb/rural/1290.png,loveda_m2a/Train/Rural/masks_png/1290.png,3ca9512213a93388d15b8a760ac829f701caef9234190fcac122d1adfd9938e6
loveda_train_rural_1291,probe_train,rural,processed/LoveDA/ssl_train_rgb/rural/1291.png,loveda_m2a/Train/Rural/masks_png/1291.png,fad18d47a32ded42da6657335ab0a1924b8e7af0e8ad0fdcd8232f0c8a9eee77
loveda_train_rural_1292,probe_train,rural,processed/LoveDA/ssl_train_rgb/rural/1292.png,loveda_m2a/Train/Rural/masks_png/1292.png,2c271f423ba4a35001fe6eca90c83825f7b3922610e433642277f1b66e4cc646
loveda_train_rural_1293,probe_train,rural,processed/LoveDA/ssl_train_rgb/rural/1293.png,loveda_m2a/Train/Rural/masks_png/1293.png,79e3700c4d4699fef832f1e5d3a2085d5fa27e24480f27dacd701732124a276a
loveda_train_rural_1294,probe_train,rural,processed/LoveDA/ssl_train_rgb/rural/1294.png,loveda_m2a/Train/Rural/masks_png/1294.png,7c8e4743d6f949b39d6c4885f0ddf662b4ed955bf5c52ee8e59b31762028bd5d
loveda_train_rural_1295,probe_train,rural,processed/LoveDA/ssl_train_rgb/rural/1295.png,loveda_m2a/Train/Rural/masks_png/1295.png,dbf463c41c15188bbd41caba16f0a1c7194f686ab2500a3ec8972937f44eef83
loveda_train_rural_1296,probe_train,rural,processed/LoveDA/ssl_train_rgb/rural/1296.png,loveda_m2a/Train/Rural/masks_png/1296.png,9d1cb5c1e506d64d09ec3dba94c1920c6a7d8a65a93bf0c06d281625d7cdbb91
loveda_train_rural_1297,probe_train,rural,processed/LoveDA/ssl_train_rgb/rural/1297.png,loveda_m2a/Train/Rural/masks_png/1297.png,9e5f1af8cf0b4e281b97daaf441a24603bbad6dc76ffa6b6200234284840d9d6
loveda_train_rural_1299,probe_train,rural,processed/LoveDA/ssl_train_rgb/rural/1299.png,loveda_m2a/Train/Rural/masks_png/1299.png,ebe8820bae721a47c465802331305f4d7f9b36314df4599f8fa29e7c45267a26
loveda_train_rural_13,probe_train,rural,processed/LoveDA/ssl_train_rgb/rural/13.png,loveda_m2a/Train/Rural/masks_png/13.png,e7ba6052776f3643a195e318d67f9e7ae232aa7fadf6d81ddb453c578f859b3b
loveda_train_rural_130,probe_train,rural,processed/LoveDA/ssl_train_rgb/rural/130.png,loveda_m2a/Train/Rural/masks_png/130.png,86859c2de7accf002e902b84fee3a25547fac4aa1df9c7ac271522b5e3e68e26
loveda_train_rural_1300,probe_train,rural,processed/LoveDA/ssl_train_rgb/rural/1300.png,loveda_m2a/Train/Rural/masks_png/1300.png,28d690bff253697596396de7c8cbf6dbac17b99ea006ddfcc9163f827e436fdf
loveda_train_rural_1301,probe_train,rural,processed/LoveDA/ssl_train_rgb/rural/1301.png,loveda_m2a/Train/Rural/masks_png/1301.png,dafff3e1c8d1bf8c2d74fe03363386cc833bbb588f0cfb0ba75d2f4e2e6db149
loveda_train_rural_1302,probe_train,rural,processed/LoveDA/ssl_train_rgb/rural/1302.png,loveda_m2a/Train/Rural/masks_png/1302.png,71abaae7a709960f35d29c4e746426254f7f06305099623f5a7ba0e9ec4a182d
loveda_train_rural_1303,probe_train,rural,processed/LoveDA/ssl_train_rgb/rural/1303.png,loveda_m2a/Train/Rural/masks_png/1303.png,97a59c16ad202bf5b7b8d06b1f976c40e291eb3a9efcbd34f0c2e898ba7776fb
loveda_train_rural_1304,probe_train,rural,processed/LoveDA/ssl_train_rgb/rural/1304.png,loveda_m2a/Train/Rural/masks_png/1304.png,04586f3b545373eb6cc08b0b9abe91c00ff2002aa6bd4f260ea0dc3a8103af52
loveda_train_rural_1305,probe_train,rural,processed/LoveDA/ssl_train_rgb/rural/1305.png,loveda_m2a/Train/Rural/masks_png/1305.png,05809c7f10f8320b6f2bf8d031e3bf4c2d5d897cac065ec4b886c3c76c790ebe
loveda_train_rural_1306,probe_train,rural,processed/LoveDA/ssl_train_rgb/rural/1306.png,loveda_m2a/Train/Rural/masks_png/1306.png,464951010043839535ddcf76787b3011ae9bc7516e76a0d2eb185ce0b836ae23
loveda_train_rural_1307,probe_train,rural,processed/LoveDA/ssl_train_rgb/rural/1307.png,loveda_m2a/Train/Rural/masks_png/1307.png,e101076e4f0f009f1f3a70732f266cbb6c04704811940f412527300199d1d92c
loveda_train_rural_1308,probe_train,rural,processed/LoveDA/ssl_train_rgb/rural/1308.png,loveda_m2a/Train/Rural/masks_png/1308.png,84dff39688b6cf0b2e6c2554d5ce5da9a16ceae5967415bae0b560fe8f1998dd
loveda_train_rural_1309,probe_train,rural,processed/LoveDA/ssl_train_rgb/rural/1309.png,loveda_m2a/Train/Rural/masks_png/1309.png,0c610e4aa154fa8242d98e54c951b534d03e8b314644b1218266defb9affec4f
loveda_train_rural_131,probe_train,rural,processed/LoveDA/ssl_train_rgb/rural/131.png,loveda_m2a/Train/Rural/masks_png/131.png,9d2ba6cd851b00f5c2298061713f942b02233ce20fb1503fa6b719cd2d108dc9
loveda_train_rural_1310,probe_train,rural,processed/LoveDA/ssl_train_rgb/rural/1310.png,loveda_m2a/Train/Rural/masks_png/1310.png,b7e88c638928f68d4eecc159b1a05c10348b727ed1109aaf55203ff84d9822a8
loveda_train_rural_1311,probe_train,rural,processed/LoveDA/ssl_train_rgb/rural/1311.png,loveda_m2a/Train/Rural/masks_png/1311.png,4214fda8d885fb94b866f5d5bce8eca1ee68f511d59e99b715fa10b425ec3184
loveda_train_rural_1312,probe_train,rural,processed/LoveDA/ssl_train_rgb/rural/1312.png,loveda_m2a/Train/Rural/masks_png/1312.png,6feb0f3f4c3a3feca0451ee8817b054be79b6592bb8b5ea71b49c472a4bec515
loveda_train_rural_1313,probe_train,rural,processed/LoveDA/ssl_train_rgb/rural/1313.png,loveda_m2a/Train/Rural/masks_png/1313.png,a163587f1cd4432be59413682f6bd361ceef5f520137f396169eb1628be0a09d
loveda_train_rural_1316,probe_train,rural,processed/LoveDA/ssl_train_rgb/rural/1316.png,loveda_m2a/Train/Rural/masks_png/1316.png,da8554ac8586162ebab7107c0844f7f9686e68f55b0c41febc21f5a7d72e2334
loveda_train_rural_1317,probe_train,rural,processed/LoveDA/ssl_train_rgb/rural/1317.png,loveda_m2a/Train/Rural/masks_png/1317.png,08dac2283dad9c187f12b834434b5b785458c509c4a2a33f678898f900f9a3be
loveda_train_rural_1318,probe_train,rural,processed/LoveDA/ssl_train_rgb/rural/1318.png,loveda_m2a/Train/Rural/masks_png/1318.png,e1f9d4c4207d5934164f6bc44aec749c19c8796584e33da681bf40c179b21aae
loveda_train_rural_1319,probe_train,rural,processed/LoveDA/ssl_train_rgb/rural/1319.png,loveda_m2a/Train/Rural/masks_png/1319.png,87484909c74db60cd7879dd4dd4e6605f74d5693ef8281e12895de361b0caf5d
loveda_train_rural_132,probe_train,rural,processed/LoveDA/ssl_train_rgb/rural/132.png,loveda_m2a/Train/Rural/masks_png/132.png,226f7bca796f4e6a3b80eeb8450be825aa0ee88440307f7524c092c05d5592fb
loveda_train_rural_1320,probe_train,rural,processed/LoveDA/ssl_train_rgb/rural/1320.png,loveda_m2a/Train/Rural/masks_png/1320.png,5d81a9733631f486a4d463fee3b3980ee325db0c2b18ca4c64a24a48bcf63d37
loveda_train_rural_1321,probe_train,rural,processed/LoveDA/ssl_train_rgb/rural/1321.png,loveda_m2a/Train/Rural/masks_png/1321.png,181ce2d244b88c3a005127dcec13b6b2b8ef7283eec19027fe496b80e202ee5b
loveda_train_rural_1322,probe_train,rural,processed/LoveDA/ssl_train_rgb/rural/1322.png,loveda_m2a/Train/Rural/masks_png/1322.png,88664e424b4827ca2abdbc36a760abb9a1d80d9ff81d0a65a34d816bf58707d9
loveda_train_rural_1323,probe_train,rural,processed/LoveDA/ssl_train_rgb/rural/1323.png,loveda_m2a/Train/Rural/masks_png/1323.png,ce92c91ed98f27088f1d896d2f88a82db10f2d092f30e1001f86434bc5f7a43c
loveda_train_rural_1324,probe_train,rural,processed/LoveDA/ssl_train_rgb/rural/1324.png,loveda_m2a/Train/Rural/masks_png/1324.png,0dac910493cfa4f40f4ea0dbca7254a2f96930dab60ee23a0f3ec14d8e80191e
loveda_train_rural_1327,probe_train,rural,processed/LoveDA/ssl_train_rgb/rural/1327.png,loveda_m2a/Train/Rural/masks_png/1327.png,413489fb2564a9ff04aee672144581bfb0a835d5be5120f27ecf566159df67de
loveda_train_rural_1328,probe_train,rural,processed/LoveDA/ssl_train_rgb/rural/1328.png,loveda_m2a/Train/Rural/masks_png/1328.png,8ec49cf1581e80137ecaacad32688e74e87ee60691941d96830dd336ed6715d9
loveda_train_rural_1329,probe_train,rural,processed/LoveDA/ssl_train_rgb/rural/1329.png,loveda_m2a/Train/Rural/masks_png/1329.png,2c75281139cade0f81b1415543cb8e70dc239ef987bf0423da54e334dcec2571
loveda_train_rural_133,probe_train,rural,processed/LoveDA/ssl_train_rgb/rural/133.png,loveda_m2a/Train/Rural/masks_png/133.png,368f0f0fc587d689781043ed5d59bb7a08d32fde90f90b12913e3ab231471d7c
loveda_train_rural_1332,probe_train,rural,processed/LoveDA/ssl_train_rgb/rural/1332.png,loveda_m2a/Train/Rural/masks_png/1332.png,56946ec959fe3f209f0fe1ad55fd1dd3fe2976e28b7cf8935ad2e253766df2e8
loveda_train_rural_1333,probe_train,rural,processed/LoveDA/ssl_train_rgb/rural/1333.png,loveda_m2a/Train/Rural/masks_png/1333.png,d27bee25e0d7e8a67f79a7799e69850b1377290cb6deee0cb0c1bd08ab5943f7
loveda_train_rural_1334,probe_train,rural,processed/LoveDA/ssl_train_rgb/rural/1334.png,loveda_m2a/Train/Rural/masks_png/1334.png,c7fa11cc75c066b0392f5371188ea18b0496ed6555e9a0e48d58d1983c628d15
loveda_train_rural_1335,probe_train,rural,processed/LoveDA/ssl_train_rgb/rural/1335.png,loveda_m2a/Train/Rural/masks_png/1335.png,d7f2874fe494b73156750ec166274cbde40808c9a3bdea578790f1b65034c7bd
loveda_train_rural_1336,probe_train,rural,processed/LoveDA/ssl_train_rgb/rural/1336.png,loveda_m2a/Train/Rural/masks_png/1336.png,2da14ad49c7113c41ea987a4a4b657086c931bfcbbbab2109edea994ecd8e6f8
loveda_train_rural_1337,probe_train,rural,processed/LoveDA/ssl_train_rgb/rural/1337.png,loveda_m2a/Train/Rural/masks_png/1337.png,292fdcf894c53f5b8d47b2dc31da2d3b3a36998d2406e67bbd709c07f599262f
loveda_train_rural_1339,probe_train,rural,processed/LoveDA/ssl_train_rgb/rural/1339.png,loveda_m2a/Train/Rural/masks_png/1339.png,cc60d11e0ca0fae5050f3b472ac6f501bba6baae2df5357536418f0c74ebb684
loveda_train_rural_134,probe_train,rural,processed/LoveDA/ssl_train_rgb/rural/134.png,loveda_m2a/Train/Rural/masks_png/134.png,dc5f0ac782e88d8c3cb99735a22ef67fe86ac4ee45b4151a9d4330967194ad48
loveda_train_rural_1340,probe_train,rural,processed/LoveDA/ssl_train_rgb/rural/1340.png,loveda_m2a/Train/Rural/masks_png/1340.png,ac013e3d215d35e2a0444bd69c2587d49a2c6ce5e3dafad2cab745fc1f8a40ae
loveda_train_rural_1341,probe_train,rural,processed/LoveDA/ssl_train_rgb/rural/1341.png,loveda_m2a/Train/Rural/masks_png/1341.png,bb5c306d4e6b4636575092c7e4856f8a5a7dbca8513ece95c649f71b68ee0c5d
loveda_train_rural_1342,probe_train,rural,processed/LoveDA/ssl_train_rgb/rural/1342.png,loveda_m2a/Train/Rural/masks_png/1342.png,d365cea235ad86d64569fb79c3e89cca639d179264d5605f35c60c12739490d5
loveda_train_rural_1345,probe_train,rural,processed/LoveDA/ssl_train_rgb/rural/1345.png,loveda_m2a/Train/Rural/masks_png/1345.png,75563a8b19e0591ea052c36f8f2b7724dbe9bcb93ea8080ff8c685ec9cbd0271
loveda_train_rural_1346,probe_train,rural,processed/LoveDA/ssl_train_rgb/rural/1346.png,loveda_m2a/Train/Rural/masks_png/1346.png,b62095fbf65a753f2b417ac8d3d21acdd7b03281f184adf34634ce6e9829998a
loveda_train_rural_1347,probe_train,rural,processed/LoveDA/ssl_train_rgb/rural/1347.png,loveda_m2a/Train/Rural/masks_png/1347.png,cf3c9222c8f6ddd340666aecd3b46e7073fbc3db97b830134412b5079bbf9441
loveda_train_rural_1348,probe_train,rural,processed/LoveDA/ssl_train_rgb/rural/1348.png,loveda_m2a/Train/Rural/masks_png/1348.png,d79ea3c563393e333a5441fb7717df1811af6d6e2f6efe5f8d61ed404f37a5d5
loveda_train_rural_1349,probe_train,rural,processed/LoveDA/ssl_train_rgb/rural/1349.png,loveda_m2a/Train/Rural/masks_png/1349.png,f0c4ade07efe5ebd9c745b43c3dfc9c4f474fd9c0a46af26cd512991bc8aa3a1
loveda_train_rural_135,probe_train,rural,processed/LoveDA/ssl_train_rgb/rural/135.png,loveda_m2a/Train/Rural/masks_png/135.png,24a9a4b6f2fa8a5e857fb52576d12d8cbc0f9b8856b500a1dfb50f04ef2c402b
loveda_train_rural_1350,probe_train,rural,processed/LoveDA/ssl_train_rgb/rural/1350.png,loveda_m2a/Train/Rural/masks_png/1350.png,f561c239cc90c0688ea486d66399f8461aeaf03d952d126f3155b4ba42d70ed9
loveda_train_rural_1351,probe_train,rural,processed/LoveDA/ssl_train_rgb/rural/1351.png,loveda_m2a/Train/Rural/masks_png/1351.png,b11be9aa48ca2067959048b614daa9d654f13c9ea0df4b7a584d7f1d18231dab
loveda_train_rural_1352,probe_train,rural,processed/LoveDA/ssl_train_rgb/rural/1352.png,loveda_m2a/Train/Rural/masks_png/1352.png,613c31f2b77b4aadc1aa682c4f1710460fb2ded6d3a2324c4e68852b90c3336f
loveda_train_rural_1353,probe_train,rural,processed/LoveDA/ssl_train_rgb/rural/1353.png,loveda_m2a/Train/Rural/masks_png/1353.png,dbfd0b145d63d55fbe8cfa1e88a9550ecb9cdecab04deb50e7bae80e2003c7f1
loveda_train_rural_1355,probe_train,rural,processed/LoveDA/ssl_train_rgb/rural/1355.png,loveda_m2a/Train/Rural/masks_png/1355.png,100aa3da272251ef0a9f8345d7e8ed09644d62bdccf34e9d332d112ee6e1eac9
loveda_train_rural_1356,probe_train,rural,processed/LoveDA/ssl_train_rgb/rural/1356.png,loveda_m2a/Train/Rural/masks_png/1356.png,7d50f4e7d03a93d9c1afb24aeb284689818bec94ce2a005ca602ce2be4c6589f
loveda_train_rural_1358,probe_train,rural,processed/LoveDA/ssl_train_rgb/rural/1358.png,loveda_m2a/Train/Rural/masks_png/1358.png,ff2eb67b72e593089ce43d01e9c9ab693893fb4c9129f081eb0d43d269f48d6b
loveda_train_rural_1359,probe_train,rural,processed/LoveDA/ssl_train_rgb/rural/1359.png,loveda_m2a/Train/Rural/masks_png/1359.png,c9cfa8ad5567d19cec3e93413524bfb3e4be63a29bc5ab7ae16aa40cbd177bd6
loveda_train_rural_136,probe_train,rural,processed/LoveDA/ssl_train_rgb/rural/136.png,loveda_m2a/Train/Rural/masks_png/136.png,df7ff4268a70b2f39a6d7052a32ccd1b84c3774e09ad412c817f221fddafe89b
loveda_train_rural_1361,probe_train,rural,processed/LoveDA/ssl_train_rgb/rural/1361.png,loveda_m2a/Train/Rural/masks_png/1361.png,15d1fab3c08b60b58c56289c84324db445651c483d704127e1c02ec812e6b7b1
loveda_train_rural_1362,probe_train,rural,processed/LoveDA/ssl_train_rgb/rural/1362.png,loveda_m2a/Train/Rural/masks_png/1362.png,cd959500c64b552e4b214d260b16e7a8c91fa8a352170a21d790189846804795
loveda_train_rural_1363,probe_train,rural,processed/LoveDA/ssl_train_rgb/rural/1363.png,loveda_m2a/Train/Rural/masks_png/1363.png,836af71eec486f8ed2de305c4c24f8797e81169a0cc1757ee100e0a5fdd24a0c
loveda_train_rural_1364,probe_train,rural,processed/LoveDA/ssl_train_rgb/rural/1364.png,loveda_m2a/Train/Rural/masks_png/1364.png,f94182028e8b1720153c4f23c384cdef4af5742d2c0105a126b824b16bf83b5d
loveda_train_rural_138,probe_train,rural,processed/LoveDA/ssl_train_rgb/rural/138.png,loveda_m2a/Train/Rural/masks_png/138.png,5ee3e243d0aa827d55cfb3b75f5271e140c167b261c09c11897a51665de73dee
loveda_train_rural_140,probe_train,rural,processed/LoveDA/ssl_train_rgb/rural/140.png,loveda_m2a/Train/Rural/masks_png/140.png,1dd28c40c48d4b1466200681d2f64c650bbb9a85f845936914437a3f425f7811
loveda_train_rural_142,probe_train,rural,processed/LoveDA/ssl_train_rgb/rural/142.png,loveda_m2a/Train/Rural/masks_png/142.png,1667df9abde3f1e4e45676f4027c4af3cc5f72c3a72ee0d69fcf55e957965e33
loveda_train_rural_143,probe_train,rural,processed/LoveDA/ssl_train_rgb/rural/143.png,loveda_m2a/Train/Rural/masks_png/143.png,610f77ab23c607ac440ee499599bae495f8d40f6af541b3acd76218004853d6b
loveda_train_rural_144,probe_train,rural,processed/LoveDA/ssl_train_rgb/rural/144.png,loveda_m2a/Train/Rural/masks_png/144.png,077c91ab4e04d8efc5b2214a0a772933c43a2fbffecc8b363e2ecdbc00f4d3c4
loveda_train_rural_145,probe_train,rural,processed/LoveDA/ssl_train_rgb/rural/145.png,loveda_m2a/Train/Rural/masks_png/145.png,f4173087c7136a8ff804c6c355b8536cf0cda1091bc8cc7da3607c8354899aff
loveda_train_rural_146,probe_train,rural,processed/LoveDA/ssl_train_rgb/rural/146.png,loveda_m2a/Train/Rural/masks_png/146.png,8d99f3bd5b6c515d3174613d661c25cdeed01d7b89bf280feaf97cd0ec8c058b
loveda_train_rural_147,probe_train,rural,processed/LoveDA/ssl_train_rgb/rural/147.png,loveda_m2a/Train/Rural/masks_png/147.png,4e3cd075f614c654e098ea7acacd22f20f1cde3f0b1da48a1e782cacf010de75
loveda_train_rural_148,probe_train,rural,processed/LoveDA/ssl_train_rgb/rural/148.png,loveda_m2a/Train/Rural/masks_png/148.png,d205f58f529c82a54de1ba68fa2798d7c84f955a995d31da979cd8c0a18eb7f8
loveda_train_rural_149,probe_train,rural,processed/LoveDA/ssl_train_rgb/rural/149.png,loveda_m2a/Train/Rural/masks_png/149.png,ec5be7ab81dc0857fa925c7c0711a1c1632e8b3cb49090b45c044acb857300ff
loveda_train_rural_15,probe_train,rural,processed/LoveDA/ssl_train_rgb/rural/15.png,loveda_m2a/Train/Rural/masks_png/15.png,198b50b546fe0652bf0a1eb0867e43b957df052a6be5d4c37f1cfe6ce19a4ebb
loveda_train_rural_150,probe_train,rural,processed/LoveDA/ssl_train_rgb/rural/150.png,loveda_m2a/Train/Rural/masks_png/150.png,59e1d242e4f5c384b9b70f581e46e172eaac15c854a2d6aa7bd70bbca1937c44
loveda_train_rural_151,probe_train,rural,processed/LoveDA/ssl_train_rgb/rural/151.png,loveda_m2a/Train/Rural/masks_png/151.png,d987628c3fb6351a1e097f8b73130ff31d8ff58ce38707476eff05ad42634af5
loveda_train_rural_152,probe_train,rural,processed/LoveDA/ssl_train_rgb/rural/152.png,loveda_m2a/Train/Rural/masks_png/152.png,33338d507568448ece12717c287cad26dfdda953c9ec3447290538e75f7c2a92
loveda_train_rural_154,probe_train,rural,processed/LoveDA/ssl_train_rgb/rural/154.png,loveda_m2a/Train/Rural/masks_png/154.png,5f9b6895e8d021990d0f138d05b0cc97aad79288313da8c13ad5e415b2c91c02
loveda_train_rural_158,probe_train,rural,processed/LoveDA/ssl_train_rgb/rural/158.png,loveda_m2a/Train/Rural/masks_png/158.png,0def7ef086015bb31ded0b31fdf41b6d875530776396fb802e671bd2a8f772d1
loveda_train_rural_159,probe_train,rural,processed/LoveDA/ssl_train_rgb/rural/159.png,loveda_m2a/Train/Rural/masks_png/159.png,e94fc153d24aa3c85d1401681a0a5cdbe392e13d400af109ece47f4474942b90
loveda_train_rural_16,probe_train,rural,processed/LoveDA/ssl_train_rgb/rural/16.png,loveda_m2a/Train/Rural/masks_png/16.png,9f1d55a0e75e544ba6f79ef3062dfd12bc7fb63705b48cd50a97cd496894cc97
loveda_train_rural_160,probe_train,rural,processed/LoveDA/ssl_train_rgb/rural/160.png,loveda_m2a/Train/Rural/masks_png/160.png,0befbf5c5752201cde6b4a52544cfe67be99b2b894c17604840d0759befabdb0
loveda_train_rural_161,probe_train,rural,processed/LoveDA/ssl_train_rgb/rural/161.png,loveda_m2a/Train/Rural/masks_png/161.png,1338b06c3a90f34fc70bbcec204ebd0857e402abe8e8b940cb95d95f7394ab1f
loveda_train_rural_163,probe_train,rural,processed/LoveDA/ssl_train_rgb/rural/163.png,loveda_m2a/Train/Rural/masks_png/163.png,6085653c21657dc7153a1d7494252f4734fc1b0c04912830afd9ed5ea0b264a8
loveda_train_rural_164,probe_train,rural,processed/LoveDA/ssl_train_rgb/rural/164.png,loveda_m2a/Train/Rural/masks_png/164.png,ec35906cc939df1fbee35211cc504267c3fa15ce5f21958aa1c5178094cfc349
loveda_train_rural_165,probe_train,rural,processed/LoveDA/ssl_train_rgb/rural/165.png,loveda_m2a/Train/Rural/masks_png/165.png,3671089c329479d0b005b9c4f4640f0fe447f855e419e442ccc1f77777d8c3b5
loveda_train_rural_167,probe_train,rural,processed/LoveDA/ssl_train_rgb/rural/167.png,loveda_m2a/Train/Rural/masks_png/167.png,9dfabe5afba0ae920721b00cbaca2defbe14876319165277ed2c609680d3aae2
loveda_train_rural_169,probe_train,rural,processed/LoveDA/ssl_train_rgb/rural/169.png,loveda_m2a/Train/Rural/masks_png/169.png,bcd5668ee83d4e4de899452c750594d15730102a7b9283fdc24044fd61926537
loveda_train_rural_17,probe_train,rural,processed/LoveDA/ssl_train_rgb/rural/17.png,loveda_m2a/Train/Rural/masks_png/17.png,4081c36e9f97777cc9d8ef3f28ad910bf3c4c2366744b6e18dbdc8fd98afd2f0
loveda_train_rural_170,probe_train,rural,processed/LoveDA/ssl_train_rgb/rural/170.png,loveda_m2a/Train/Rural/masks_png/170.png,4b1c23477df77b58f397956a76d19be67739148ecbb415de122b09e0176a63b4
loveda_train_rural_171,probe_train,rural,processed/LoveDA/ssl_train_rgb/rural/171.png,loveda_m2a/Train/Rural/masks_png/171.png,3af40cef429d4c5eae86eb90b740e82063b239eeb799f6a0545bdfbb7bde2dd3
loveda_train_rural_172,probe_train,rural,processed/LoveDA/ssl_train_rgb/rural/172.png,loveda_m2a/Train/Rural/masks_png/172.png,68e81dbe607f78dc3860e0fed1213bfb2a8e21a2a51b10ab23f43c4d4be32df2
loveda_train_rural_173,probe_train,rural,processed/LoveDA/ssl_train_rgb/rural/173.png,loveda_m2a/Train/Rural/masks_png/173.png,d1f2d2387767164bb25cbf5305df517bde86f1332ec03399b37cd55da9fc3609
loveda_train_rural_174,probe_train,rural,processed/LoveDA/ssl_train_rgb/rural/174.png,loveda_m2a/Train/Rural/masks_png/174.png,71646af3581adb2570c90b43b7885e2e8e45577f87c7276ddf21e4f62491a032
loveda_train_rural_175,probe_train,rural,processed/LoveDA/ssl_train_rgb/rural/175.png,loveda_m2a/Train/Rural/masks_png/175.png,b04fb4e59166b56a6cc2e1c27277ce878f81a6837066e333b7febdc6985f38f7
loveda_train_rural_176,probe_train,rural,processed/LoveDA/ssl_train_rgb/rural/176.png,loveda_m2a/Train/Rural/masks_png/176.png,701723338ee72764c771affbd99c70add3f60d1e83ea75599a45c3fd0f8e8454
loveda_train_rural_177,probe_train,rural,processed/LoveDA/ssl_train_rgb/rural/177.png,loveda_m2a/Train/Rural/masks_png/177.png,abdcb0a5c9c8851ffdb92b6e72824a40031e3d8d522a73506e1a990f541eb4bc
loveda_train_rural_179,probe_train,rural,processed/LoveDA/ssl_train_rgb/rural/179.png,loveda_m2a/Train/Rural/masks_png/179.png,b072c207f5a89887c866e4b7db9b6dc92eb8aabab9e421293b7da61807740b89
loveda_train_rural_18,probe_train,rural,processed/LoveDA/ssl_train_rgb/rural/18.png,loveda_m2a/Train/Rural/masks_png/18.png,f5e31e057a27cfeb4830a25a7440d84d6aecb11e8396fcf08e9be71b97b7eb97
loveda_train_rural_180,probe_train,rural,processed/LoveDA/ssl_train_rgb/rural/180.png,loveda_m2a/Train/Rural/masks_png/180.png,1a87064371e8bb231dbccec07ec12c731052d608c7066261d07a6fc2d58a8692
loveda_train_rural_181,probe_train,rural,processed/LoveDA/ssl_train_rgb/rural/181.png,loveda_m2a/Train/Rural/masks_png/181.png,2b97f61d44712fb0a5299de5ad0e333a96586ca618a84dbd6919128aa79b1bb0
loveda_train_rural_182,probe_train,rural,processed/LoveDA/ssl_train_rgb/rural/182.png,loveda_m2a/Train/Rural/masks_png/182.png,cbd192320730748323aec0a0641a27d30a911ade2178007eee315119bf5cbf52
loveda_train_rural_183,probe_train,rural,processed/LoveDA/ssl_train_rgb/rural/183.png,loveda_m2a/Train/Rural/masks_png/183.png,d8174922b718e91d7e08fd359e77b722bda470656bada3062f9a5162f242a89e
loveda_train_rural_184,probe_train,rural,processed/LoveDA/ssl_train_rgb/rural/184.png,loveda_m2a/Train/Rural/masks_png/184.png,daa512981d56b5ce10e881be77e8c22667d98626adce08e4a5e2a7724a55166f
loveda_train_rural_185,probe_train,rural,processed/LoveDA/ssl_train_rgb/rural/185.png,loveda_m2a/Train/Rural/masks_png/185.png,1af730028f201b5521a88b615f6acd12f5fa8a32ba8668298714727cc0c52fe3
loveda_train_rural_186,probe_train,rural,processed/LoveDA/ssl_train_rgb/rural/186.png,loveda_m2a/Train/Rural/masks_png/186.png,b09299fb5a6552beb00893e4663b329c60dffc187059ae7106716e77a0f7ca7b
loveda_train_rural_188,probe_train,rural,processed/LoveDA/ssl_train_rgb/rural/188.png,loveda_m2a/Train/Rural/masks_png/188.png,1b86eaed8a655a44a97cdb1d4721061f98e6402a7d3082b65cb637e4d8f6e2bd
loveda_train_rural_189,probe_train,rural,processed/LoveDA/ssl_train_rgb/rural/189.png,loveda_m2a/Train/Rural/masks_png/189.png,d81c5a508615dc3d67904825b773d703d28f9312871df31b08bdfbd377ee9d04
loveda_train_rural_19,probe_train,rural,processed/LoveDA/ssl_train_rgb/rural/19.png,loveda_m2a/Train/Rural/masks_png/19.png,11adc97b6ad9f5bd3bcbdecd8ecf8c32cd1204e882f29d286c5be1be8a8dac6a
loveda_train_rural_190,probe_train,rural,processed/LoveDA/ssl_train_rgb/rural/190.png,loveda_m2a/Train/Rural/masks_png/190.png,860e502b87525b2d30377394ab7e85579a3737473621a319b08bdc921cc8b823
loveda_train_rural_191,probe_train,rural,processed/LoveDA/ssl_train_rgb/rural/191.png,loveda_m2a/Train/Rural/masks_png/191.png,90d6e6c779fd7dd34b0638632eccb1d92c3b466d84e8fe8a97840dda315cc168
loveda_train_rural_192,probe_train,rural,processed/LoveDA/ssl_train_rgb/rural/192.png,loveda_m2a/Train/Rural/masks_png/192.png,28dd3c41896dcb4d8d3cb56a13fcc3555eaab003824d69c43914a42c077e5e5b
loveda_train_rural_193,probe_train,rural,processed/LoveDA/ssl_train_rgb/rural/193.png,loveda_m2a/Train/Rural/masks_png/193.png,9fe9fc66f319fd5f455d6e30a1ccd4bd812d5cbd804eb8e2b0619fb49e1ac522
loveda_train_rural_194,probe_train,rural,processed/LoveDA/ssl_train_rgb/rural/194.png,loveda_m2a/Train/Rural/masks_png/194.png,35475ab9ece34102110aae5ce0373c49ca81ec867f93c4cb7631dcfa704992e1
loveda_train_rural_196,probe_train,rural,processed/LoveDA/ssl_train_rgb/rural/196.png,loveda_m2a/Train/Rural/masks_png/196.png,53c74e4fd77a81ffe2f581467de5a05667d3b72b1443b3121c1faea263adff65
loveda_train_rural_197,probe_train,rural,processed/LoveDA/ssl_train_rgb/rural/197.png,loveda_m2a/Train/Rural/masks_png/197.png,2bc88fbc1decafc70193fed4d3b77b9e8275d6bfb074652740492e464dd0fa8c
loveda_train_rural_2,probe_train,rural,processed/LoveDA/ssl_train_rgb/rural/2.png,loveda_m2a/Train/Rural/masks_png/2.png,95b0d5f0abc2bf7915b1c8bf44283a31b4377a585d50104c65f2a632b664000d
loveda_train_rural_20,probe_train,rural,processed/LoveDA/ssl_train_rgb/rural/20.png,loveda_m2a/Train/Rural/masks_png/20.png,add3693cd07d7ba8e9a927acfc2259b13e9a010fa74db50a31f01133063d645a
loveda_train_rural_200,probe_train,rural,processed/LoveDA/ssl_train_rgb/rural/200.png,loveda_m2a/Train/Rural/masks_png/200.png,e1c84490351772b45d5f65e1f78b7240901a0b7c2681cee596f8c003c6d4c37f
loveda_train_rural_201,probe_train,rural,processed/LoveDA/ssl_train_rgb/rural/201.png,loveda_m2a/Train/Rural/masks_png/201.png,a101c44b242c5b22444cf09cf71f56d20ec7b0166e2653ca3ebc86df24d63239
loveda_train_rural_202,probe_train,rural,processed/LoveDA/ssl_train_rgb/rural/202.png,loveda_m2a/Train/Rural/masks_png/202.png,df8ee7c533fe73988feca131401409cd9a170d744857dc21e9aea1aa76b36693
loveda_train_rural_203,probe_train,rural,processed/LoveDA/ssl_train_rgb/rural/203.png,loveda_m2a/Train/Rural/masks_png/203.png,c30cdeef10312e10c54b1dec11c38cfebc691a877bc98368c028c1b36c8bfa37
loveda_train_rural_205,probe_train,rural,processed/LoveDA/ssl_train_rgb/rural/205.png,loveda_m2a/Train/Rural/masks_png/205.png,32d5e72e8ea97020c433a8231d02af5ac3cce37d73ec10e1d00c35a3e8fc4fcb
loveda_train_rural_206,probe_train,rural,processed/LoveDA/ssl_train_rgb/rural/206.png,loveda_m2a/Train/Rural/masks_png/206.png,9849cffae23abbda14951d956e26f60c2bb54d4bbd7de5d1b56146ccb034ca34
loveda_train_rural_207,probe_train,rural,processed/LoveDA/ssl_train_rgb/rural/207.png,loveda_m2a/Train/Rural/masks_png/207.png,50891206aebe8908c79569abc931392bd384914853ea14bc9bdc833a2e9c5129
loveda_train_rural_208,probe_train,rural,processed/LoveDA/ssl_train_rgb/rural/208.png,loveda_m2a/Train/Rural/masks_png/208.png,bf9ffc472e33a6a16dbde067cc06063b9423600d50a1eb59a43cddd917f2dcd4
loveda_train_rural_21,probe_train,rural,processed/LoveDA/ssl_train_rgb/rural/21.png,loveda_m2a/Train/Rural/masks_png/21.png,9276cfe3b5bc190207ee73cc01e9f37476d209c914e3b9e7a91eeeb38b2b0da3
loveda_train_rural_210,probe_train,rural,processed/LoveDA/ssl_train_rgb/rural/210.png,loveda_m2a/Train/Rural/masks_png/210.png,cf61846b710c07f38bc02d2a653c83e6a06c4433bf8945592d8974dd9c08b5a4
loveda_train_rural_211,probe_train,rural,processed/LoveDA/ssl_train_rgb/rural/211.png,loveda_m2a/Train/Rural/masks_png/211.png,2a3d6084cde6a477c0fe371fdbf6167e16286c7d6fba39c46fef5295017c24c1
loveda_train_rural_212,probe_train,rural,processed/LoveDA/ssl_train_rgb/rural/212.png,loveda_m2a/Train/Rural/masks_png/212.png,2487f1115c1e4dd0a3f5219b588d276869ac7714d296340b830de98f2e09e429
loveda_train_rural_213,probe_train,rural,processed/LoveDA/ssl_train_rgb/rural/213.png,loveda_m2a/Train/Rural/masks_png/213.png,ad66a647f919c403db0366ed8ccecbde3f16e71ed62d33f3559994d096b8cb3f
loveda_train_rural_214,probe_train,rural,processed/LoveDA/ssl_train_rgb/rural/214.png,loveda_m2a/Train/Rural/masks_png/214.png,39b8506980ca293800e83e257982b6ad9e956f32303fafef97cfe48d1b3c247d
loveda_train_rural_216,probe_train,rural,processed/LoveDA/ssl_train_rgb/rural/216.png,loveda_m2a/Train/Rural/masks_png/216.png,dc4382d6d5bc3c5921e6caaf7a6b39e801a5d0deaf63a4b9a28a171b3b1d4892
loveda_train_rural_217,probe_train,rural,processed/LoveDA/ssl_train_rgb/rural/217.png,loveda_m2a/Train/Rural/masks_png/217.png,a90ba17cbf675897f89447c639d65fd51818dfe053a247d3f67baa2a44b45547
loveda_train_rural_218,probe_train,rural,processed/LoveDA/ssl_train_rgb/rural/218.png,loveda_m2a/Train/Rural/masks_png/218.png,3cfa45dfc30c14f928ec22cf9aab0f92682053bb97eafeb30aceeef8312e6295
loveda_train_rural_22,probe_train,rural,processed/LoveDA/ssl_train_rgb/rural/22.png,loveda_m2a/Train/Rural/masks_png/22.png,b2a7f223d6915d227fd5a20222bb615aedaad7ccdf88ac731cb79f005f5d1d97
loveda_train_rural_220,probe_train,rural,processed/LoveDA/ssl_train_rgb/rural/220.png,loveda_m2a/Train/Rural/masks_png/220.png,3d3d6ab44c6a20090912a21be06ac2904d288bd4e5384be5c4f0c96cdf6015d0
loveda_train_rural_222,probe_train,rural,processed/LoveDA/ssl_train_rgb/rural/222.png,loveda_m2a/Train/Rural/masks_png/222.png,9e0694f594f272a2f7ff1345f8849cde3c116f35f89de8f22e4caadfe8763496
loveda_train_rural_223,probe_train,rural,processed/LoveDA/ssl_train_rgb/rural/223.png,loveda_m2a/Train/Rural/masks_png/223.png,fc92fffe94daa1ea32349017bc720e1ca12532252976c84f72840db2f5c770da
loveda_train_rural_224,probe_train,rural,processed/LoveDA/ssl_train_rgb/rural/224.png,loveda_m2a/Train/Rural/masks_png/224.png,ab7e6a21962e4da567f6b44cd5b21c44c1a2ddaae43dc6fdb161b162716db8fe
loveda_train_rural_225,probe_train,rural,processed/LoveDA/ssl_train_rgb/rural/225.png,loveda_m2a/Train/Rural/masks_png/225.png,00a20be955a00259657e63ea170e1a0fbb7521498beeb64f64740a5eca5d4196
loveda_train_rural_226,probe_train,rural,processed/LoveDA/ssl_train_rgb/rural/226.png,loveda_m2a/Train/Rural/masks_png/226.png,cba2fa85324930e5a01d40e8a619ad7981651ad0f19e28f64e268ea1227914ad
loveda_train_rural_227,probe_train,rural,processed/LoveDA/ssl_train_rgb/rural/227.png,loveda_m2a/Train/Rural/masks_png/227.png,0d71b9fb6f930984b020d27381022cbd3fe4ab26d15317adba7a11e310dec850
loveda_train_rural_228,probe_train,rural,processed/LoveDA/ssl_train_rgb/rural/228.png,loveda_m2a/Train/Rural/masks_png/228.png,0059ed20ae3a85e5e39780a6ebac18506a012ad09ee6f34197aa8bc923d9f801
loveda_train_rural_229,probe_train,rural,processed/LoveDA/ssl_train_rgb/rural/229.png,loveda_m2a/Train/Rural/masks_png/229.png,b12511ae6ea4c79fa927706256eef5dc82ed6a716fad06ca0bcf3cf2d1372e92
loveda_train_rural_23,probe_train,rural,processed/LoveDA/ssl_train_rgb/rural/23.png,loveda_m2a/Train/Rural/masks_png/23.png,5ca569853bfc2e708b6fb3360e8e62371fc3819c2355dcf8868acecdd9b3b2fd
loveda_train_rural_231,probe_train,rural,processed/LoveDA/ssl_train_rgb/rural/231.png,loveda_m2a/Train/Rural/masks_png/231.png,78b7ebab99b3d60adf024963634f853a87a6bc6a5ca337e1137abd3f1d902de2
loveda_train_rural_232,probe_train,rural,processed/LoveDA/ssl_train_rgb/rural/232.png,loveda_m2a/Train/Rural/masks_png/232.png,6a3cae0b83290533623e7abf95b305e1d1692e63623399fcf0041d3d6d850e90
loveda_train_rural_233,probe_train,rural,processed/LoveDA/ssl_train_rgb/rural/233.png,loveda_m2a/Train/Rural/masks_png/233.png,bca54557bc3c99d278ef6670c298e5854cd036ea8ec8c58d5c277d7f4e43feef
loveda_train_rural_234,probe_train,rural,processed/LoveDA/ssl_train_rgb/rural/234.png,loveda_m2a/Train/Rural/masks_png/234.png,70be9addfefaa619c8081a7235adf65ca8f6ed8f1a19ba477ecf0dcc0591ab61
loveda_train_rural_235,probe_train,rural,processed/LoveDA/ssl_train_rgb/rural/235.png,loveda_m2a/Train/Rural/masks_png/235.png,503d53c5090143e611902c773d08115bdcc4c72553e413ac4349a25b1dc17d35
loveda_train_rural_236,probe_train,rural,processed/LoveDA/ssl_train_rgb/rural/236.png,loveda_m2a/Train/Rural/masks_png/236.png,f6d44005a70a8d27b75ea5f0af8dfd79167f239340c09ca0a0b6306645ce356f
loveda_train_rural_237,probe_train,rural,processed/LoveDA/ssl_train_rgb/rural/237.png,loveda_m2a/Train/Rural/masks_png/237.png,f0cec42dd9f4f6c22d383a26ef164d8963ba37fbde7e8089aa802e1e626de347
loveda_train_rural_239,probe_train,rural,processed/LoveDA/ssl_train_rgb/rural/239.png,loveda_m2a/Train/Rural/masks_png/239.png,12381cfddca37023cde163c1c6eb927f633d994b388d2137625f42edcbb0d0e6
loveda_train_rural_24,probe_train,rural,processed/LoveDA/ssl_train_rgb/rural/24.png,loveda_m2a/Train/Rural/masks_png/24.png,a2b36f9122aec54a78e1b61496d5f0618b91944e4eb511765e5f07f68984204c
loveda_train_rural_240,probe_train,rural,processed/LoveDA/ssl_train_rgb/rural/240.png,loveda_m2a/Train/Rural/masks_png/240.png,73a754aabc92cf502ebd277fcc52e89f3ae19952bda4332ab06f5d943528ea2b
loveda_train_rural_241,probe_train,rural,processed/LoveDA/ssl_train_rgb/rural/241.png,loveda_m2a/Train/Rural/masks_png/241.png,c3e06260dec468167f428eaaba731943ca55f410edd036640fd5ffc7367e7a87
loveda_train_rural_243,probe_train,rural,processed/LoveDA/ssl_train_rgb/rural/243.png,loveda_m2a/Train/Rural/masks_png/243.png,382ce5fd6faa33a6d2c49f13a336ac91c1359b45c407620b273c0bf9c5df6512
loveda_train_rural_244,probe_train,rural,processed/LoveDA/ssl_train_rgb/rural/244.png,loveda_m2a/Train/Rural/masks_png/244.png,4c3461d05caf250b0ecd7e98c162ed033ac4ad24b4138e32592148f5b8509436
loveda_train_rural_245,probe_train,rural,processed/LoveDA/ssl_train_rgb/rural/245.png,loveda_m2a/Train/Rural/masks_png/245.png,cb718623c7b4cb5dde7dca5599283744744b7a5607ac0273aac71c3a35c93b4f
loveda_train_rural_246,probe_train,rural,processed/LoveDA/ssl_train_rgb/rural/246.png,loveda_m2a/Train/Rural/masks_png/246.png,f3fd83cfb00cfe42df9ffaa6f35bba2e91f11c05ccbe050872c3cfb6f3bf04d5
loveda_train_rural_247,probe_train,rural,processed/LoveDA/ssl_train_rgb/rural/247.png,loveda_m2a/Train/Rural/masks_png/247.png,5e045606bd89be34351f854af441117c42e5992a568c7c72105074207ef57c8c
loveda_train_rural_248,probe_train,rural,processed/LoveDA/ssl_train_rgb/rural/248.png,loveda_m2a/Train/Rural/masks_png/248.png,bac13ec598b32451f855c7bc62872679fb82779097fe64165f2e4c5b43bc6762
loveda_train_rural_25,probe_train,rural,processed/LoveDA/ssl_train_rgb/rural/25.png,loveda_m2a/Train/Rural/masks_png/25.png,2971a11bed7e0d214b3bc1fddba2fd2331932d24a80e685e9bb3c4994f29fb7f
loveda_train_rural_250,probe_train,rural,processed/LoveDA/ssl_train_rgb/rural/250.png,loveda_m2a/Train/Rural/masks_png/250.png,d46d6ae840a16816e7f360b8ac5c9f25eb3894dd238fdd03da161b07cb6438aa
loveda_train_rural_251,probe_train,rural,processed/LoveDA/ssl_train_rgb/rural/251.png,loveda_m2a/Train/Rural/masks_png/251.png,7320714039ce5311c3678eb77474da46a9b060a3cb0f9abeed26fa0059b3e368
loveda_train_rural_252,probe_train,rural,processed/LoveDA/ssl_train_rgb/rural/252.png,loveda_m2a/Train/Rural/masks_png/252.png,1d711118a7b6b584e35ac68eefec25fe0239da4fd2673f9a4a104806cc35fdbd
loveda_train_rural_253,probe_train,rural,processed/LoveDA/ssl_train_rgb/rural/253.png,loveda_m2a/Train/Rural/masks_png/253.png,057314b9231cbc7e6950580803ce496d1a86b15f74f7cd3a9f8032687225b83d
loveda_train_rural_255,probe_train,rural,processed/LoveDA/ssl_train_rgb/rural/255.png,loveda_m2a/Train/Rural/masks_png/255.png,f0f2a8408a329c3cb6daa09e09bbd1cc916917aef23d9d7ceb4167edcbf7f986
loveda_train_rural_256,probe_train,rural,processed/LoveDA/ssl_train_rgb/rural/256.png,loveda_m2a/Train/Rural/masks_png/256.png,56cb64fc1f98e2ac658e90c9429879942930be01b1a4b8266c373bf90bfd91b5
loveda_train_rural_257,probe_train,rural,processed/LoveDA/ssl_train_rgb/rural/257.png,loveda_m2a/Train/Rural/masks_png/257.png,d35fd36d372e951f14ef9a2c90166aec90317ec57523abf1fff9ba084c419b3f
loveda_train_rural_259,probe_train,rural,processed/LoveDA/ssl_train_rgb/rural/259.png,loveda_m2a/Train/Rural/masks_png/259.png,e39a1dce112ae4c27f8f822bbdaeb54e8fe9a98f4801fc1a42876c539e854e77
loveda_train_rural_26,probe_train,rural,processed/LoveDA/ssl_train_rgb/rural/26.png,loveda_m2a/Train/Rural/masks_png/26.png,5cdbc567943a252ab1a905ea60ba7fa1b8b73207c64e94c793c73643519a5103
loveda_train_rural_262,probe_train,rural,processed/LoveDA/ssl_train_rgb/rural/262.png,loveda_m2a/Train/Rural/masks_png/262.png,648ceaf528b6fb50da6e76fe55ebb08ad0efce361e5cd4cc703fb1b5a57246f8
loveda_train_rural_263,probe_train,rural,processed/LoveDA/ssl_train_rgb/rural/263.png,loveda_m2a/Train/Rural/masks_png/263.png,cc0fe277f4c9a232b566bb1fe5a50f504043352cf029f663ada58b9a506fc69b
loveda_train_rural_264,probe_train,rural,processed/LoveDA/ssl_train_rgb/rural/264.png,loveda_m2a/Train/Rural/masks_png/264.png,c44f8652c4c0a27bc1a8871ac01a4d9fba4663205f4c525a4a1b3f51f28e5567
loveda_train_rural_265,probe_train,rural,processed/LoveDA/ssl_train_rgb/rural/265.png,loveda_m2a/Train/Rural/masks_png/265.png,4370a44b79b6dfdf64316f67b7fb7c0c638dbec9eb448716e799f8a3596a9f80
loveda_train_rural_268,probe_train,rural,processed/LoveDA/ssl_train_rgb/rural/268.png,loveda_m2a/Train/Rural/masks_png/268.png,60b7bd18f04641b72e45fc0d682a403994f915f3bb0b5a5964c9b17b08030067
loveda_train_rural_27,probe_train,rural,processed/LoveDA/ssl_train_rgb/rural/27.png,loveda_m2a/Train/Rural/masks_png/27.png,ae663754092d9e8685d1a00a3beb0b38044e901d5fa13ee2142770727f599d16
loveda_train_rural_270,probe_train,rural,processed/LoveDA/ssl_train_rgb/rural/270.png,loveda_m2a/Train/Rural/masks_png/270.png,94a496cdc114c542caa74cef4e6be9758f0f74793317c68b74ee617a759adcb0
loveda_train_rural_271,probe_train,rural,processed/LoveDA/ssl_train_rgb/rural/271.png,loveda_m2a/Train/Rural/masks_png/271.png,713d492374956815aac9395844c3b2c9709f99a392d0e69b3f5ac454ef094875
loveda_train_rural_272,probe_train,rural,processed/LoveDA/ssl_train_rgb/rural/272.png,loveda_m2a/Train/Rural/masks_png/272.png,413035113e1ca0f67b2f8fdcf7ce756b8eb008b6e42a29138ad14bf7d4200cd8
loveda_train_rural_274,probe_train,rural,processed/LoveDA/ssl_train_rgb/rural/274.png,loveda_m2a/Train/Rural/masks_png/274.png,dc0300ccb033623233d1d3d04cb616ea69d53cc97fa82da1613089f1bcbb259c
loveda_train_rural_276,probe_train,rural,processed/LoveDA/ssl_train_rgb/rural/276.png,loveda_m2a/Train/Rural/masks_png/276.png,b1f70f1ccace2a0953fe80327f544c2297525a5d98d93dd6c5cef530843b0253
loveda_train_rural_277,probe_train,rural,processed/LoveDA/ssl_train_rgb/rural/277.png,loveda_m2a/Train/Rural/masks_png/277.png,c8b67b46d7b89b9937d4d2123fbaa50f4fecb4e86336e1033d486df266ce8ef7
loveda_train_rural_278,probe_train,rural,processed/LoveDA/ssl_train_rgb/rural/278.png,loveda_m2a/Train/Rural/masks_png/278.png,96fe952597e684e03d215d44914aaeb125cdeb78f8bcaa41e8af091d90725d70
loveda_train_rural_279,probe_train,rural,processed/LoveDA/ssl_train_rgb/rural/279.png,loveda_m2a/Train/Rural/masks_png/279.png,bb2ad6e80380d06fa14aba9be8b91f73b80d4bdcd961b808cb2e216ccd4a3abb
loveda_train_rural_28,probe_train,rural,processed/LoveDA/ssl_train_rgb/rural/28.png,loveda_m2a/Train/Rural/masks_png/28.png,ebcfdb4708558e218d6b7d53cde4e1a32aa9c442c194f0e9cdbdf6545f7f8d0d
loveda_train_rural_280,probe_train,rural,processed/LoveDA/ssl_train_rgb/rural/280.png,loveda_m2a/Train/Rural/masks_png/280.png,4300d706ece4a300d74ed110f184eebb1679bd1e030e86a2d58d4a457d08b123
loveda_train_rural_281,probe_train,rural,processed/LoveDA/ssl_train_rgb/rural/281.png,loveda_m2a/Train/Rural/masks_png/281.png,0f18c23e6de8b3819d12277fd935091327af6ac2bf115716ffe4328f19a67a62
loveda_train_rural_282,probe_train,rural,processed/LoveDA/ssl_train_rgb/rural/282.png,loveda_m2a/Train/Rural/masks_png/282.png,483938fbbbe553df79a2a72145205c5bf1a01863c7fc23904a5f66e7375ffb5f
loveda_train_rural_283,probe_train,rural,processed/LoveDA/ssl_train_rgb/rural/283.png,loveda_m2a/Train/Rural/masks_png/283.png,86b863de40d361bc70b4916ae736d7f15cb65e7eebdc99c52f1602916f578b8c
loveda_train_rural_284,probe_train,rural,processed/LoveDA/ssl_train_rgb/rural/284.png,loveda_m2a/Train/Rural/masks_png/284.png,a68b82aee68f5c1a8bd748947553c009b9618c57b7f2fedebf2bc715ba5ef5ac
loveda_train_rural_285,probe_train,rural,processed/LoveDA/ssl_train_rgb/rural/285.png,loveda_m2a/Train/Rural/masks_png/285.png,7b2d84a609f0d206f70a7c3ea3103bbb9ca2419ed5fafd6b9040a2ee3fffc64f
loveda_train_rural_286,probe_train,rural,processed/LoveDA/ssl_train_rgb/rural/286.png,loveda_m2a/Train/Rural/masks_png/286.png,38eb0226cb15bef2ee55423364d8d08cc9bc76ed2aff0f9742631b797b8aed42
loveda_train_rural_287,probe_train,rural,processed/LoveDA/ssl_train_rgb/rural/287.png,loveda_m2a/Train/Rural/masks_png/287.png,ec6afa34f65195d58262dc5df60ba13091c1feebf5a467a6b427d4c4af3b44e5
loveda_train_rural_289,probe_train,rural,processed/LoveDA/ssl_train_rgb/rural/289.png,loveda_m2a/Train/Rural/masks_png/289.png,4399984d496ca1733dfb757c35b58075b47e9fecf065be37f01cc0019ab0840a
loveda_train_rural_29,probe_train,rural,processed/LoveDA/ssl_train_rgb/rural/29.png,loveda_m2a/Train/Rural/masks_png/29.png,2bbd00cf748f86bba150bc1fb2ab057481b47322bd8ab3ac7f83dae9679104c5
loveda_train_rural_290,probe_train,rural,processed/LoveDA/ssl_train_rgb/rural/290.png,loveda_m2a/Train/Rural/masks_png/290.png,f56e0e461b7ee4c4ffce3aeb0d9243d5abe48b8658a13fe933c16ac4bef9274d
loveda_train_rural_293,probe_train,rural,processed/LoveDA/ssl_train_rgb/rural/293.png,loveda_m2a/Train/Rural/masks_png/293.png,ae04452087cd9802685196b440af91976d8dc24daf25b2f243e4cd352a3eba75
loveda_train_rural_294,probe_train,rural,processed/LoveDA/ssl_train_rgb/rural/294.png,loveda_m2a/Train/Rural/masks_png/294.png,5b9d9e054d82e966497eed58664b99ee3277bb149c8c616e96864d3001728fcd
loveda_train_rural_295,probe_train,rural,processed/LoveDA/ssl_train_rgb/rural/295.png,loveda_m2a/Train/Rural/masks_png/295.png,f10e69212bc3ea903a13268aacc56b9ee58a86abf5d118e4c610a595d1e8388a
loveda_train_rural_296,probe_train,rural,processed/LoveDA/ssl_train_rgb/rural/296.png,loveda_m2a/Train/Rural/masks_png/296.png,fd1146fe752d1f7914d4b4755eea4124a20341bae3853d8bddcc8171475634a7
loveda_train_rural_297,probe_train,rural,processed/LoveDA/ssl_train_rgb/rural/297.png,loveda_m2a/Train/Rural/masks_png/297.png,418cb0f0e613f50774e3022bffef47ef4ea40cae82045babd36c0c19755ab0cf
loveda_train_rural_298,probe_train,rural,processed/LoveDA/ssl_train_rgb/rural/298.png,loveda_m2a/Train/Rural/masks_png/298.png,3076df761eaed31b5c4e8e9e00b68bd012c7ae0b0492f787e4aa3e63c0baa8a7
loveda_train_rural_299,probe_train,rural,processed/LoveDA/ssl_train_rgb/rural/299.png,loveda_m2a/Train/Rural/masks_png/299.png,d744d9a63026587047ee83dcbb770d5817c56b38fb661187ad016258af072c24
loveda_train_rural_30,probe_train,rural,processed/LoveDA/ssl_train_rgb/rural/30.png,loveda_m2a/Train/Rural/masks_png/30.png,e1eb46b62e683f7dbfee651647e393936d9550c1f945c064f7fd0a7623577000
loveda_train_rural_300,probe_train,rural,processed/LoveDA/ssl_train_rgb/rural/300.png,loveda_m2a/Train/Rural/masks_png/300.png,adc712d705b1cc88fec33a75eb61d27ff52bd8fb5309b3305d44cf1494da49c5
loveda_train_rural_301,probe_train,rural,processed/LoveDA/ssl_train_rgb/rural/301.png,loveda_m2a/Train/Rural/masks_png/301.png,2ba88583b180e98fd46db68b39e9ace6840536f28344ed6aa433a7e18f507dec
loveda_train_rural_302,probe_train,rural,processed/LoveDA/ssl_train_rgb/rural/302.png,loveda_m2a/Train/Rural/masks_png/302.png,62a8c95cdd0b48bbb4a66633a5ed62e44ccb8801e143e9a4efaf112cc835d42c
loveda_train_rural_303,probe_train,rural,processed/LoveDA/ssl_train_rgb/rural/303.png,loveda_m2a/Train/Rural/masks_png/303.png,381f6aa866ba5a84e042e8c24373ff52a1bc725261d301d3e51dc8bf9f88a9b4
loveda_train_rural_304,probe_train,rural,processed/LoveDA/ssl_train_rgb/rural/304.png,loveda_m2a/Train/Rural/masks_png/304.png,29245d53c8e007a578a23f7d103afa431bbd681c4d6c03952901ada5c9593e27
loveda_train_rural_305,probe_train,rural,processed/LoveDA/ssl_train_rgb/rural/305.png,loveda_m2a/Train/Rural/masks_png/305.png,809205854a5b184277374a4e41075eaf251ae2571e4b4d2f907658f322f47c78
loveda_train_rural_306,probe_train,rural,processed/LoveDA/ssl_train_rgb/rural/306.png,loveda_m2a/Train/Rural/masks_png/306.png,06fb58e3e5018c18b6b592f625bd27f13256c2582266932458d2d8129ac40a35
loveda_train_rural_308,probe_train,rural,processed/LoveDA/ssl_train_rgb/rural/308.png,loveda_m2a/Train/Rural/masks_png/308.png,0b2167f13c2594a3ab8d339e4b4ad25cd2876115942f736dde4e00f19970b206
loveda_train_rural_309,probe_train,rural,processed/LoveDA/ssl_train_rgb/rural/309.png,loveda_m2a/Train/Rural/masks_png/309.png,4d3f570659a74d868b0ad92ee1151e96daffb4c0057b35ff305da047ffd070cb
loveda_train_rural_31,probe_train,rural,processed/LoveDA/ssl_train_rgb/rural/31.png,loveda_m2a/Train/Rural/masks_png/31.png,527caa292028e5f72536651b62601c0b1cbe5031b715370f2b63350c07963ebb
loveda_train_rural_310,probe_train,rural,processed/LoveDA/ssl_train_rgb/rural/310.png,loveda_m2a/Train/Rural/masks_png/310.png,14c565d9fd4b32ce0cbdb916e390ff10ecbda241d015434c057215738f770e17
loveda_train_rural_311,probe_train,rural,processed/LoveDA/ssl_train_rgb/rural/311.png,loveda_m2a/Train/Rural/masks_png/311.png,f3bd163ad8c368a6f29f31f26ebeebecf46819fc572f1ed3631bbeb7a2e4a9ff
loveda_train_rural_312,probe_train,rural,processed/LoveDA/ssl_train_rgb/rural/312.png,loveda_m2a/Train/Rural/masks_png/312.png,97a150e978ce6a8b036cfe32fbea0e46ae1110bc479bc8d46942a1604e201e40
loveda_train_rural_313,probe_train,rural,processed/LoveDA/ssl_train_rgb/rural/313.png,loveda_m2a/Train/Rural/masks_png/313.png,ae1c629bfcffb8e685d48051d3b91863de6319d4309a2149637f9aa04938dcda
loveda_train_rural_314,probe_train,rural,processed/LoveDA/ssl_train_rgb/rural/314.png,loveda_m2a/Train/Rural/masks_png/314.png,ca4333a71295dccb633227df69a2742f64b726591aec4cc810fbc86818ee662d
loveda_train_rural_315,probe_train,rural,processed/LoveDA/ssl_train_rgb/rural/315.png,loveda_m2a/Train/Rural/masks_png/315.png,ea7de27434c8a07fce3bd1a10e8d19e08e24a794939e801d6eb962609ca5957b
loveda_train_rural_317,probe_train,rural,processed/LoveDA/ssl_train_rgb/rural/317.png,loveda_m2a/Train/Rural/masks_png/317.png,c4bf73465dc9528d4f933746b7d4a0c90d8a6b5b04edbe92bb6d7b4d4f44c535
loveda_train_rural_318,probe_train,rural,processed/LoveDA/ssl_train_rgb/rural/318.png,loveda_m2a/Train/Rural/masks_png/318.png,9fe243bab9d39c30761a17588b318157051d4b57a2bd28201af531a03d6ceace
loveda_train_rural_319,probe_train,rural,processed/LoveDA/ssl_train_rgb/rural/319.png,loveda_m2a/Train/Rural/masks_png/319.png,391d4f6444d676a82ca1aca1261507f25e11188b7067aa1649bc53a38d26f5b2
loveda_train_rural_32,probe_train,rural,processed/LoveDA/ssl_train_rgb/rural/32.png,loveda_m2a/Train/Rural/masks_png/32.png,d0818f76b1c089227b46f2c6eda1aba25a9df6cd4a41364944748d84d87550c6
loveda_train_rural_320,probe_train,rural,processed/LoveDA/ssl_train_rgb/rural/320.png,loveda_m2a/Train/Rural/masks_png/320.png,2c8caad325792b63816f2ac0b6ff2ee069d1a49ab8a8ac577225f3f57ed5867d
loveda_train_rural_321,probe_train,rural,processed/LoveDA/ssl_train_rgb/rural/321.png,loveda_m2a/Train/Rural/masks_png/321.png,b18f913616d036a41b6133072b17bdcef820567368307256cfeb6ac0c7b07583
loveda_train_rural_323,probe_train,rural,processed/LoveDA/ssl_train_rgb/rural/323.png,loveda_m2a/Train/Rural/masks_png/323.png,30e923fc4eafbebe0e808bf89c1215c78631467a0189fc5de0e3a30a1721b5f1
loveda_train_rural_324,probe_train,rural,processed/LoveDA/ssl_train_rgb/rural/324.png,loveda_m2a/Train/Rural/masks_png/324.png,a24b936eff603d18843d0bf1234c76b44410d03b5d66d4d23ba857e1ad667fd0
loveda_train_rural_326,probe_train,rural,processed/LoveDA/ssl_train_rgb/rural/326.png,loveda_m2a/Train/Rural/masks_png/326.png,b47f18499df66fa658552b550deb2d9f6fb7ce5698a033d3929133d0c8ea9b4e
loveda_train_rural_328,probe_train,rural,processed/LoveDA/ssl_train_rgb/rural/328.png,loveda_m2a/Train/Rural/masks_png/328.png,b15c8fae7ef1f1a662aab79715db02d53c2c818c695b89645e18b35f5e486758
loveda_train_rural_329,probe_train,rural,processed/LoveDA/ssl_train_rgb/rural/329.png,loveda_m2a/Train/Rural/masks_png/329.png,04485b256b2e4b1f51aaba06cd9f85b13f781798bf02a50e54ec00706d2e6df3
loveda_train_rural_33,probe_train,rural,processed/LoveDA/ssl_train_rgb/rural/33.png,loveda_m2a/Train/Rural/masks_png/33.png,7042e0d2036a083785ec2c9cf1beb92fd422204466ea32a2c2094c53a7535d29
loveda_train_rural_330,probe_train,rural,processed/LoveDA/ssl_train_rgb/rural/330.png,loveda_m2a/Train/Rural/masks_png/330.png,247a4a9963233b1fbaf5495e7ce619143f12dd6d27e486185222abb48a1eaffd
loveda_train_rural_332,probe_train,rural,processed/LoveDA/ssl_train_rgb/rural/332.png,loveda_m2a/Train/Rural/masks_png/332.png,ad547be7c75f4dd2e4ca2431777fab999fcc864b0e5eb4dbc1394d373f88d150
loveda_train_rural_333,probe_train,rural,processed/LoveDA/ssl_train_rgb/rural/333.png,loveda_m2a/Train/Rural/masks_png/333.png,133f220f1b2a31cadcd0e7cb916a44900aecafd8042e74081ccf6394f627d882
loveda_train_rural_335,probe_train,rural,processed/LoveDA/ssl_train_rgb/rural/335.png,loveda_m2a/Train/Rural/masks_png/335.png,f936e9c824ef581c854898f51982179e1852d0f9aaeb0973e82e80396652971a
loveda_train_rural_336,probe_train,rural,processed/LoveDA/ssl_train_rgb/rural/336.png,loveda_m2a/Train/Rural/masks_png/336.png,e26bd923c2de5bc0e27586235cac159685862fda6b6a3d0f6a13b53c04489533
loveda_train_rural_337,probe_train,rural,processed/LoveDA/ssl_train_rgb/rural/337.png,loveda_m2a/Train/Rural/masks_png/337.png,9eacf07c6fef71ec1c259bb4151e11a99ef6c57730694e971c4e75105aedba79
loveda_train_rural_338,probe_train,rural,processed/LoveDA/ssl_train_rgb/rural/338.png,loveda_m2a/Train/Rural/masks_png/338.png,e33635158c154d8bb09628f62001a20a909c61515176895cd5bf9f9c414af3e5
loveda_train_rural_339,probe_train,rural,processed/LoveDA/ssl_train_rgb/rural/339.png,loveda_m2a/Train/Rural/masks_png/339.png,a18e88591892e146ef48d296bfe81dbfaa7bb18f1e49310a12e176cf3da79940
loveda_train_rural_34,probe_train,rural,processed/LoveDA/ssl_train_rgb/rural/34.png,loveda_m2a/Train/Rural/masks_png/34.png,342c1a1292b4e4151c845f59ff2ab2947887931d774a427297f4bbe4ac771182
loveda_train_rural_341,probe_train,rural,processed/LoveDA/ssl_train_rgb/rural/341.png,loveda_m2a/Train/Rural/masks_png/341.png,50b79d3cf2a1abd9ed0015f21c1b46e0dc884041fc014e559dcf810f23499c0c
loveda_train_rural_342,probe_train,rural,processed/LoveDA/ssl_train_rgb/rural/342.png,loveda_m2a/Train/Rural/masks_png/342.png,5885b314b73e9b78b6bb9f7f668455da9160ceb354e7fa84e4151a17f95e36f2
loveda_train_rural_343,probe_train,rural,processed/LoveDA/ssl_train_rgb/rural/343.png,loveda_m2a/Train/Rural/masks_png/343.png,2f2bd0bdea78ef15a6c992e35c751c32d16bbf8b7e4e560e0d5d453ef87cf1a9
loveda_train_rural_344,probe_train,rural,processed/LoveDA/ssl_train_rgb/rural/344.png,loveda_m2a/Train/Rural/masks_png/344.png,93b88a6d09871d3f1cdfbdaf1eed3c831a1cd14ba528655184ea2cc84ef19041
loveda_train_rural_347,probe_train,rural,processed/LoveDA/ssl_train_rgb/rural/347.png,loveda_m2a/Train/Rural/masks_png/347.png,4ec8dd22a51ac6be9d22bb3ad18abd24c8d9fc02a980b7455b0e9fca29d5ba8e
loveda_train_rural_349,probe_train,rural,processed/LoveDA/ssl_train_rgb/rural/349.png,loveda_m2a/Train/Rural/masks_png/349.png,09a86d45a297680158543160c30f2c9275f12bf59ff86c892ceb22ea067337cb
loveda_train_rural_35,probe_train,rural,processed/LoveDA/ssl_train_rgb/rural/35.png,loveda_m2a/Train/Rural/masks_png/35.png,98f6d96fb28cd4940335aa5eaa427c7f71ec45e10dd6ce738544e91323bcd1ea
loveda_train_rural_350,probe_train,rural,processed/LoveDA/ssl_train_rgb/rural/350.png,loveda_m2a/Train/Rural/masks_png/350.png,2e65d277d70f5c369fddfc40799319a8fb84cba7f5120b6ab9ec6d63a0583ddb
loveda_train_rural_351,probe_train,rural,processed/LoveDA/ssl_train_rgb/rural/351.png,loveda_m2a/Train/Rural/masks_png/351.png,0696e884eefc4fbbfb5493d58c8a305abfaa04a28f83d268a2f789a3dd63972e
loveda_train_rural_352,probe_train,rural,processed/LoveDA/ssl_train_rgb/rural/352.png,loveda_m2a/Train/Rural/masks_png/352.png,f25bfbb69ded8b3afc1013d373ce140b21e12f6ec68afd1d9fa9d8fe7e74a843
loveda_train_rural_353,probe_train,rural,processed/LoveDA/ssl_train_rgb/rural/353.png,loveda_m2a/Train/Rural/masks_png/353.png,835da06ed9b4fd1d397793ba28004664bacb39db40c516530a60f8b786c17fb8
loveda_train_rural_356,probe_train,rural,processed/LoveDA/ssl_train_rgb/rural/356.png,loveda_m2a/Train/Rural/masks_png/356.png,f137ba28afd2a49ad5fcc165b1bc265ad111b8e5aabba82d3118320616718982
loveda_train_rural_357,probe_train,rural,processed/LoveDA/ssl_train_rgb/rural/357.png,loveda_m2a/Train/Rural/masks_png/357.png,89471956d0a053fc9c4b1e703207332665b392c2f28467ae0a7270e7128183fe
loveda_train_rural_358,probe_train,rural,processed/LoveDA/ssl_train_rgb/rural/358.png,loveda_m2a/Train/Rural/masks_png/358.png,ed2f43a5049b29fa0b51177c0f5fc4b2bb9403a34f1027040db187189523c8e7
loveda_train_rural_359,probe_train,rural,processed/LoveDA/ssl_train_rgb/rural/359.png,loveda_m2a/Train/Rural/masks_png/359.png,9fc588fb56e70edce54257ca61f5a2c6efebe01646bd02ef7f7a584edffd8bf6
loveda_train_rural_36,probe_train,rural,processed/LoveDA/ssl_train_rgb/rural/36.png,loveda_m2a/Train/Rural/masks_png/36.png,1a0edf337299f821da48c56c0b9872312ab3b390b2d46dff543983cf362f38b9
loveda_train_rural_364,probe_train,rural,processed/LoveDA/ssl_train_rgb/rural/364.png,loveda_m2a/Train/Rural/masks_png/364.png,4d9f6e098d2d5475cb844b4a50eb12f4608a525d15f3ec7e10567ebc07062b31
loveda_train_rural_365,probe_train,rural,processed/LoveDA/ssl_train_rgb/rural/365.png,loveda_m2a/Train/Rural/masks_png/365.png,184c3d670426a3729931ee91d9b6b0ba8849d49cc433c20a8ff4cf8191c0e4f8
loveda_train_rural_366,probe_train,rural,processed/LoveDA/ssl_train_rgb/rural/366.png,loveda_m2a/Train/Rural/masks_png/366.png,c6cabf827af943cd903de01167170253264008876c52348605beb395d6544367
loveda_train_rural_367,probe_train,rural,processed/LoveDA/ssl_train_rgb/rural/367.png,loveda_m2a/Train/Rural/masks_png/367.png,8ada07699f276d5591cab6d356af56747cd866c6972fd3783ef859bbe15fd819
loveda_train_rural_368,probe_train,rural,processed/LoveDA/ssl_train_rgb/rural/368.png,loveda_m2a/Train/Rural/masks_png/368.png,b3560832d308ee3d01ea57bb0fa75d568027f4383f81b094cbadd998558802bc
loveda_train_rural_369,probe_train,rural,processed/LoveDA/ssl_train_rgb/rural/369.png,loveda_m2a/Train/Rural/masks_png/369.png,a7a35652be8849d1e65766a07007920df8f1c0b8876af6b465ef0f9462ae3334
loveda_train_rural_37,probe_train,rural,processed/LoveDA/ssl_train_rgb/rural/37.png,loveda_m2a/Train/Rural/masks_png/37.png,a988a186eafcee09a46e048e93e9057eeb95c01159bc395cfd28afe2c6b9eeb5
loveda_train_rural_371,probe_train,rural,processed/LoveDA/ssl_train_rgb/rural/371.png,loveda_m2a/Train/Rural/masks_png/371.png,712b0f96701a54d3c902bb3402f7482174eaaf84abe7efd22eef74572ec8e19f
loveda_train_rural_372,probe_train,rural,processed/LoveDA/ssl_train_rgb/rural/372.png,loveda_m2a/Train/Rural/masks_png/372.png,60ae69be9c5b5f68794499a4397391e104cf1116321bb7a1ab0cd3a2d4e12dfb
loveda_train_rural_373,probe_train,rural,processed/LoveDA/ssl_train_rgb/rural/373.png,loveda_m2a/Train/Rural/masks_png/373.png,939f51c844dcc6c5dc49b800424d46ea64e0d7643ee3be2d2b23c6e6214fdbf8
loveda_train_rural_375,probe_train,rural,processed/LoveDA/ssl_train_rgb/rural/375.png,loveda_m2a/Train/Rural/masks_png/375.png,27039f8d88420a056c742b7bfe5c38d0e67b7ccc3d98086aede84f8fde1a5149
loveda_train_rural_376,probe_train,rural,processed/LoveDA/ssl_train_rgb/rural/376.png,loveda_m2a/Train/Rural/masks_png/376.png,b3e9dd2df7aae738f31026c10ecf2a7c0ea8cfdf2c04490fa6d28d348bd9bc44
loveda_train_rural_378,probe_train,rural,processed/LoveDA/ssl_train_rgb/rural/378.png,loveda_m2a/Train/Rural/masks_png/378.png,127bbe3321dfe2a227912497b2c3714153351105c76ca712ede44244d16036ad
loveda_train_rural_379,probe_train,rural,processed/LoveDA/ssl_train_rgb/rural/379.png,loveda_m2a/Train/Rural/masks_png/379.png,e75d05879aa18ae81cb47b7fde61fe35d4e778eaa06b763f3300a93650e41d3a
loveda_train_rural_38,probe_train,rural,processed/LoveDA/ssl_train_rgb/rural/38.png,loveda_m2a/Train/Rural/masks_png/38.png,6657e29bf7378f14db0d890771f6b6eb6b54d5e0725e1daf7905dc26dbc495a8
loveda_train_rural_381,probe_train,rural,processed/LoveDA/ssl_train_rgb/rural/381.png,loveda_m2a/Train/Rural/masks_png/381.png,8e61dc6eec13bb348aa2552e6823b5eb93cb65931d8c9829548578968050bdda
loveda_train_rural_382,probe_train,rural,processed/LoveDA/ssl_train_rgb/rural/382.png,loveda_m2a/Train/Rural/masks_png/382.png,68261bf82efa2e98502507c01fd46f63cd0c0b4b6a13157deeb36f5ac5732b25
loveda_train_rural_383,probe_train,rural,processed/LoveDA/ssl_train_rgb/rural/383.png,loveda_m2a/Train/Rural/masks_png/383.png,eb96053b13f2742e8da0a72e4f4705ed078272bfc8911812f85dfe3cd6a1ace7
loveda_train_rural_384,probe_train,rural,processed/LoveDA/ssl_train_rgb/rural/384.png,loveda_m2a/Train/Rural/masks_png/384.png,bc7e9fd79d4dd572df036a1c68bec5b0e2e9102674b4d4155a14e05727c14264
loveda_train_rural_385,probe_train,rural,processed/LoveDA/ssl_train_rgb/rural/385.png,loveda_m2a/Train/Rural/masks_png/385.png,8eab648c7861fd11986504bfc391a388a34af310d2081057350c43bad748a89f
loveda_train_rural_386,probe_train,rural,processed/LoveDA/ssl_train_rgb/rural/386.png,loveda_m2a/Train/Rural/masks_png/386.png,1efc76b53f562c590c04567cb560eb235525c6c88952997cce7b279b546d02ca
loveda_train_rural_387,probe_train,rural,processed/LoveDA/ssl_train_rgb/rural/387.png,loveda_m2a/Train/Rural/masks_png/387.png,70c9fe1a9d12dfc05dc020cb0c59793c537f7a86c7ff13db1d5073e034bb6901
loveda_train_rural_388,probe_train,rural,processed/LoveDA/ssl_train_rgb/rural/388.png,loveda_m2a/Train/Rural/masks_png/388.png,3ee5ddd92904dcd8c1aba4b97b18433266304e390e3944e87ec8d6885d7bc69d
loveda_train_rural_389,probe_train,rural,processed/LoveDA/ssl_train_rgb/rural/389.png,loveda_m2a/Train/Rural/masks_png/389.png,782c2665645c9917f695822ddd972377fff2bc62087b3c5d118101320e186753
loveda_train_rural_39,probe_train,rural,processed/LoveDA/ssl_train_rgb/rural/39.png,loveda_m2a/Train/Rural/masks_png/39.png,2e5cf1cf43050396864ac8d218ec29f92826e72d5c9732abe75e1f8bb8685b1f
loveda_train_rural_390,probe_train,rural,processed/LoveDA/ssl_train_rgb/rural/390.png,loveda_m2a/Train/Rural/masks_png/390.png,1ca11694c63d3d7d1e44b674149b96f7a0fd104283ecfccd5d621a6bc4b45291
loveda_train_rural_391,probe_train,rural,processed/LoveDA/ssl_train_rgb/rural/391.png,loveda_m2a/Train/Rural/masks_png/391.png,cd38be21f3b91c1e8e66c8ed355a4190957e6791c7697401e30dcd0c9b036c38
loveda_train_rural_393,probe_train,rural,processed/LoveDA/ssl_train_rgb/rural/393.png,loveda_m2a/Train/Rural/masks_png/393.png,002f326b318ce51d925e698219b9de51159b6864a43ded67b107ba8d98634177
loveda_train_rural_394,probe_train,rural,processed/LoveDA/ssl_train_rgb/rural/394.png,loveda_m2a/Train/Rural/masks_png/394.png,963c3d2ad87a4295a72b1f224524bb2722ee484b3e1ecec9a19039083ca4c8fc
loveda_train_rural_395,probe_train,rural,processed/LoveDA/ssl_train_rgb/rural/395.png,loveda_m2a/Train/Rural/masks_png/395.png,e9e7d2055cacec55d20c2d59a9b974c4002939168cf9554db69891b2b7489a72
loveda_train_rural_396,probe_train,rural,processed/LoveDA/ssl_train_rgb/rural/396.png,loveda_m2a/Train/Rural/masks_png/396.png,2e3779258aa5d5552a69acb173cb23597a0d6635547a5475cdfb89f6c61150e9
loveda_train_rural_398,probe_train,rural,processed/LoveDA/ssl_train_rgb/rural/398.png,loveda_m2a/Train/Rural/masks_png/398.png,0069269f66347393bffee13b8b2aa32bb91fa7242813f8d6b0b9d71cbcda345a
loveda_train_rural_40,probe_train,rural,processed/LoveDA/ssl_train_rgb/rural/40.png,loveda_m2a/Train/Rural/masks_png/40.png,350d1c3288dbc754f41d69ad4ca9f57bdafb5aadfc26dbfdec73ae739b18d24f
loveda_train_rural_400,probe_train,rural,processed/LoveDA/ssl_train_rgb/rural/400.png,loveda_m2a/Train/Rural/masks_png/400.png,361e71435209beb0893f960a85b4c1fbe8c8140a0d5f5eeaf8b5e80b6a69d294
loveda_train_rural_401,probe_train,rural,processed/LoveDA/ssl_train_rgb/rural/401.png,loveda_m2a/Train/Rural/masks_png/401.png,92903ad21fde8add6341fd175c815978f5ef0e92eea8050138f7ea9034e9a433
loveda_train_rural_402,probe_train,rural,processed/LoveDA/ssl_train_rgb/rural/402.png,loveda_m2a/Train/Rural/masks_png/402.png,1b4814a2812a5d905fa94e50c7c01b18b3a7ec4ea4bb3f71773e76c0421ca485
loveda_train_rural_403,probe_train,rural,processed/LoveDA/ssl_train_rgb/rural/403.png,loveda_m2a/Train/Rural/masks_png/403.png,ea58a42a5c92b2334d49f328ce1f60037fcb515e600c4c1358511b34f653cf56
loveda_train_rural_404,probe_train,rural,processed/LoveDA/ssl_train_rgb/rural/404.png,loveda_m2a/Train/Rural/masks_png/404.png,36b447b2aca9e6430ecf82fd77c69aa6e3c56ec3096c4b740bc45b742c745118
loveda_train_rural_406,probe_train,rural,processed/LoveDA/ssl_train_rgb/rural/406.png,loveda_m2a/Train/Rural/masks_png/406.png,b459a69332ccb13cb4a00d76a1d5cc8a6155bf9627b2c99f37a494894b819eb3
loveda_train_rural_408,probe_train,rural,processed/LoveDA/ssl_train_rgb/rural/408.png,loveda_m2a/Train/Rural/masks_png/408.png,495b02519f51474ab3aa23ce7ecc4991001c70d5cf9558a10852af3ef100a180
loveda_train_rural_409,probe_train,rural,processed/LoveDA/ssl_train_rgb/rural/409.png,loveda_m2a/Train/Rural/masks_png/409.png,8f3a794ae9684cbb3c3f8643f4a3b24b9c115ab9ea5930e770de5f3f09710286
loveda_train_rural_410,probe_train,rural,processed/LoveDA/ssl_train_rgb/rural/410.png,loveda_m2a/Train/Rural/masks_png/410.png,df766881c306278e05e12be859dc6d864b9334dc63d8bb173ec7896e7ff4dc50
loveda_train_rural_411,probe_train,rural,processed/LoveDA/ssl_train_rgb/rural/411.png,loveda_m2a/Train/Rural/masks_png/411.png,6dc7cd40a6c01efa51d3c7baf60d93e3909f027fe18a88da46759a3e3df37ed9
loveda_train_rural_412,probe_train,rural,processed/LoveDA/ssl_train_rgb/rural/412.png,loveda_m2a/Train/Rural/masks_png/412.png,f8964daec8f5b7fef24ea2e9ae09dbe04b6511f39df7324fdc9ab7f0c14196e4
loveda_train_rural_413,probe_train,rural,processed/LoveDA/ssl_train_rgb/rural/413.png,loveda_m2a/Train/Rural/masks_png/413.png,6e25a3250d954e0ca2209f54acd6a86cddc04743fd717f80811e4c9d501a6c24
loveda_train_rural_415,probe_train,rural,processed/LoveDA/ssl_train_rgb/rural/415.png,loveda_m2a/Train/Rural/masks_png/415.png,597900e49f0e82990fdab831c10050aec8bb7118d3100593f58438c7ea36fba2
loveda_train_rural_416,probe_train,rural,processed/LoveDA/ssl_train_rgb/rural/416.png,loveda_m2a/Train/Rural/masks_png/416.png,e4f5d2eabe6d8c28fa0a155b5d819d0121e579d2044dd1d6ef8da723cb56e338
loveda_train_rural_417,probe_train,rural,processed/LoveDA/ssl_train_rgb/rural/417.png,loveda_m2a/Train/Rural/masks_png/417.png,eddc5f526788d03f709da269022640012a58a31a6b0907ff4b54aca00e7ae118
loveda_train_rural_418,probe_train,rural,processed/LoveDA/ssl_train_rgb/rural/418.png,loveda_m2a/Train/Rural/masks_png/418.png,4c89f9820c5f622665085c482258df0e9f8f7e0cb65340a024ccd9076427ecc9
loveda_train_rural_419,probe_train,rural,processed/LoveDA/ssl_train_rgb/rural/419.png,loveda_m2a/Train/Rural/masks_png/419.png,d2e428ee60f6970c5ae5b6a0e0c247c9a29f3cd5a1afde6630d242fc424d667b
loveda_train_rural_42,probe_train,rural,processed/LoveDA/ssl_train_rgb/rural/42.png,loveda_m2a/Train/Rural/masks_png/42.png,534afa0db6f9298c23578ea206c467f8b96e0efad5e91e813f33c6fca95f406a
loveda_train_rural_420,probe_train,rural,processed/LoveDA/ssl_train_rgb/rural/420.png,loveda_m2a/Train/Rural/masks_png/420.png,4c069332c027d78375aabd0d0c4ff0d65c79d614cdb4cbca7e32677270c5401e
loveda_train_rural_422,probe_train,rural,processed/LoveDA/ssl_train_rgb/rural/422.png,loveda_m2a/Train/Rural/masks_png/422.png,cdc368f48bda10b6d1e85b48191b3eec34da28f65ca647189d27db4ed6e11a74
loveda_train_rural_425,probe_train,rural,processed/LoveDA/ssl_train_rgb/rural/425.png,loveda_m2a/Train/Rural/masks_png/425.png,60a501168440e8fb9f7560bb2941b9aa4070f43d61322b628f2f1ac93ab11e8c
loveda_train_rural_426,probe_train,rural,processed/LoveDA/ssl_train_rgb/rural/426.png,loveda_m2a/Train/Rural/masks_png/426.png,57785b66b6b9e620bb9f979df94f222720a90e48283aa80aec3ecdbd55f3cfeb
loveda_train_rural_428,probe_train,rural,processed/LoveDA/ssl_train_rgb/rural/428.png,loveda_m2a/Train/Rural/masks_png/428.png,75dfd72ab45d78779bb94111938e788510e211c8ca6f64dcd98fd92d8305580a
loveda_train_rural_429,probe_train,rural,processed/LoveDA/ssl_train_rgb/rural/429.png,loveda_m2a/Train/Rural/masks_png/429.png,553807867689a656bd0eb8d165a876d28d5c2e4247ec885dd026c76f7f008769
loveda_train_rural_43,probe_train,rural,processed/LoveDA/ssl_train_rgb/rural/43.png,loveda_m2a/Train/Rural/masks_png/43.png,f1b61338a914d66e55881037fcac6ca2f97d8de19d11e4f1d651b227e8ebee7b
loveda_train_rural_430,probe_train,rural,processed/LoveDA/ssl_train_rgb/rural/430.png,loveda_m2a/Train/Rural/masks_png/430.png,b3b8eb1517d036229012bc38b95014967f05880ad31b172a08519158619e31c3
loveda_train_rural_431,probe_train,rural,processed/LoveDA/ssl_train_rgb/rural/431.png,loveda_m2a/Train/Rural/masks_png/431.png,05f5ebbf5b0781ea6d3598b1f7fe5deafede7eb299ca3991b8c1ea07e020547f
loveda_train_rural_433,probe_train,rural,processed/LoveDA/ssl_train_rgb/rural/433.png,loveda_m2a/Train/Rural/masks_png/433.png,58c40bd6b6932d34251134adf2e0d4468e8dff8049b815f8c1c96b1889cc9506
loveda_train_rural_435,probe_train,rural,processed/LoveDA/ssl_train_rgb/rural/435.png,loveda_m2a/Train/Rural/masks_png/435.png,f46f7812dc1dc16fdc960e96fd3a1c34b6d1ffdf79f494b115bde248b135c857
loveda_train_rural_436,probe_train,rural,processed/LoveDA/ssl_train_rgb/rural/436.png,loveda_m2a/Train/Rural/masks_png/436.png,1c950f8ca3b15bfb98ef8c2907524ebca833e8db1ce314f5a1b47cc00e9081a2
loveda_train_rural_437,probe_train,rural,processed/LoveDA/ssl_train_rgb/rural/437.png,loveda_m2a/Train/Rural/masks_png/437.png,e127980933ee0258aa7cd00f1e9e653d8e8bb266c2fc477664fe381de4de5936
loveda_train_rural_438,probe_train,rural,processed/LoveDA/ssl_train_rgb/rural/438.png,loveda_m2a/Train/Rural/masks_png/438.png,cd45da54516fb177a8a07c55202575e7cf7276bb3b7ca57bec5ef1e9be3a4959
loveda_train_rural_439,probe_train,rural,processed/LoveDA/ssl_train_rgb/rural/439.png,loveda_m2a/Train/Rural/masks_png/439.png,dc8ca0e18897a987b475c497327ae67bc431db881f61e1439bb8882effb4cab0
loveda_train_rural_441,probe_train,rural,processed/LoveDA/ssl_train_rgb/rural/441.png,loveda_m2a/Train/Rural/masks_png/441.png,0cb07a94b9e14f905adbccaaf7c63776b8b7b2267cad42e3cd9dd1880e8de90f
loveda_train_rural_442,probe_train,rural,processed/LoveDA/ssl_train_rgb/rural/442.png,loveda_m2a/Train/Rural/masks_png/442.png,61e122d844aa4bccce1b80b29a9f54b6a134167bc36e9511da9299480063cb46
loveda_train_rural_443,probe_train,rural,processed/LoveDA/ssl_train_rgb/rural/443.png,loveda_m2a/Train/Rural/masks_png/443.png,905d94bc88016c0050d8300cb22f7876fad6c36b72ec616254006517cfcc9871
loveda_train_rural_444,probe_train,rural,processed/LoveDA/ssl_train_rgb/rural/444.png,loveda_m2a/Train/Rural/masks_png/444.png,c7e296009a2cc26d6fe999d53b54bb015e30382f4c2140e10d6455c7e9fe14f9
loveda_train_rural_445,probe_train,rural,processed/LoveDA/ssl_train_rgb/rural/445.png,loveda_m2a/Train/Rural/masks_png/445.png,0f621a853ebdf2b31f1fecac4a84e70aaa381b1b05800239725d3b599765e581
loveda_train_rural_446,probe_train,rural,processed/LoveDA/ssl_train_rgb/rural/446.png,loveda_m2a/Train/Rural/masks_png/446.png,ffa1365bf0542b4871662ad232086a030e636a2854ff61ba5cca1cad13238676
loveda_train_rural_447,probe_train,rural,processed/LoveDA/ssl_train_rgb/rural/447.png,loveda_m2a/Train/Rural/masks_png/447.png,a1cb154d20fbfdd5cb706ff3fdcecc3f54ee3994ea3caa7334de918e718ba1bf
loveda_train_rural_449,probe_train,rural,processed/LoveDA/ssl_train_rgb/rural/449.png,loveda_m2a/Train/Rural/masks_png/449.png,1b6d6117850f2df581d120c0bee521780244848c988b7d7dafc240babb28565e
loveda_train_rural_450,probe_train,rural,processed/LoveDA/ssl_train_rgb/rural/450.png,loveda_m2a/Train/Rural/masks_png/450.png,6a460430d244435d02d7d4f706e7f5be264a678f8c4782c3f37a2f38495eb003
loveda_train_rural_451,probe_train,rural,processed/LoveDA/ssl_train_rgb/rural/451.png,loveda_m2a/Train/Rural/masks_png/451.png,0e18c2357f0d22bbbdce8f7da8d3558ba0aeb735fbf718458fd73a6d08df5882
loveda_train_rural_452,probe_train,rural,processed/LoveDA/ssl_train_rgb/rural/452.png,loveda_m2a/Train/Rural/masks_png/452.png,9a833ea9e2e07cc8c8966324c62f7790885275b84fcdf352643d528af0446a00
loveda_train_rural_453,probe_train,rural,processed/LoveDA/ssl_train_rgb/rural/453.png,loveda_m2a/Train/Rural/masks_png/453.png,d10bbf3dd728863fdd6279c5154f28835f98b7d257717d92c21695ce52341896
loveda_train_rural_454,probe_train,rural,processed/LoveDA/ssl_train_rgb/rural/454.png,loveda_m2a/Train/Rural/masks_png/454.png,f3fe23496bb7f87de138ada5abf732aceb379fe48779e5cd3d5410a8a69259d3
loveda_train_rural_456,probe_train,rural,processed/LoveDA/ssl_train_rgb/rural/456.png,loveda_m2a/Train/Rural/masks_png/456.png,2af29018497e0ab7b774936cb3f0dd0c074c93f48c7789417314d5ab65ac8907
loveda_train_rural_457,probe_train,rural,processed/LoveDA/ssl_train_rgb/rural/457.png,loveda_m2a/Train/Rural/masks_png/457.png,4c3cf85c4dd74e41c64bda73de4f8e9db9876db94e1197be6371e7713f8bebec
loveda_train_rural_458,probe_train,rural,processed/LoveDA/ssl_train_rgb/rural/458.png,loveda_m2a/Train/Rural/masks_png/458.png,69195140a19b80f962fe1660b68fbbbaea355d621af2dd8f8988ac9b005d6b02
loveda_train_rural_459,probe_train,rural,processed/LoveDA/ssl_train_rgb/rural/459.png,loveda_m2a/Train/Rural/masks_png/459.png,0c30bccab8534739e0ad526f15cb7335aa8a6c7c835edcca2d290480d6cb80f0
loveda_train_rural_46,probe_train,rural,processed/LoveDA/ssl_train_rgb/rural/46.png,loveda_m2a/Train/Rural/masks_png/46.png,e901bd5acd88e05142b39988724abe21007d3e79b26da124982c512292c820c8
loveda_train_rural_460,probe_train,rural,processed/LoveDA/ssl_train_rgb/rural/460.png,loveda_m2a/Train/Rural/masks_png/460.png,23122cf6b0107bc11ea2fb8b79535c38cdbc20a9b04502c5e3a8d0947c71f004
loveda_train_rural_461,probe_train,rural,processed/LoveDA/ssl_train_rgb/rural/461.png,loveda_m2a/Train/Rural/masks_png/461.png,66397f68d63a74a4eba7657fa29a6470fb28dcfc89852655126d1a3cbc30128c
loveda_train_rural_462,probe_train,rural,processed/LoveDA/ssl_train_rgb/rural/462.png,loveda_m2a/Train/Rural/masks_png/462.png,dcd903c03f2a37b09bdad953d9d867aee1daff01c22eaed005743cb10f149370
loveda_train_rural_463,probe_train,rural,processed/LoveDA/ssl_train_rgb/rural/463.png,loveda_m2a/Train/Rural/masks_png/463.png,99e9d4b514176a0078f4fa754dffb5dd22d227332ecdf09428608b0d1adb502e
loveda_train_rural_465,probe_train,rural,processed/LoveDA/ssl_train_rgb/rural/465.png,loveda_m2a/Train/Rural/masks_png/465.png,f2137671829f11a95d6d5909846525b20f5490495d95191f74c7d08c56cb1f2c
loveda_train_rural_467,probe_train,rural,processed/LoveDA/ssl_train_rgb/rural/467.png,loveda_m2a/Train/Rural/masks_png/467.png,0215eedee34748b33a650963d98065dfc5d8f1e8d81e6be2b1a9e99ddb6d0f54
loveda_train_rural_468,probe_train,rural,processed/LoveDA/ssl_train_rgb/rural/468.png,loveda_m2a/Train/Rural/masks_png/468.png,8bfeb560f801ce5756dc3232b23436ee26fc8252b04249ad73659ec4ace9a568
loveda_train_rural_469,probe_train,rural,processed/LoveDA/ssl_train_rgb/rural/469.png,loveda_m2a/Train/Rural/masks_png/469.png,9256bdb9ec202b0782fd1d648c92371b591e2bcbb4bbc6b9170ec9b52c678895
loveda_train_rural_47,probe_train,rural,processed/LoveDA/ssl_train_rgb/rural/47.png,loveda_m2a/Train/Rural/masks_png/47.png,53ebf2259a67f31e39934367d9c3bd7b81ec9c0646616c33cabc3fe8106466e4
loveda_train_rural_470,probe_train,rural,processed/LoveDA/ssl_train_rgb/rural/470.png,loveda_m2a/Train/Rural/masks_png/470.png,e4b548a6b5320d0f02f4eb85c8771f2f147f40adea7c0becdbf9b851d9af647b
loveda_train_rural_471,probe_train,rural,processed/LoveDA/ssl_train_rgb/rural/471.png,loveda_m2a/Train/Rural/masks_png/471.png,b405bf8e3d4bf1ecaf5c899a60bf3f6223e67f1ad143e494cfcfe0a64c9fe45a
loveda_train_rural_472,probe_train,rural,processed/LoveDA/ssl_train_rgb/rural/472.png,loveda_m2a/Train/Rural/masks_png/472.png,76e0b79b99a98e299c9afe67c6c7e01a81c5af06cd0478ec0f0dc1ff65aad934
loveda_train_rural_473,probe_train,rural,processed/LoveDA/ssl_train_rgb/rural/473.png,loveda_m2a/Train/Rural/masks_png/473.png,5883cac7bf224786cd10b094b7be494d3509036b045c9a586b154a1c1957d30d
loveda_train_rural_474,probe_train,rural,processed/LoveDA/ssl_train_rgb/rural/474.png,loveda_m2a/Train/Rural/masks_png/474.png,dce1b2a5c48c8e8ed8313dc946e1471fd5f415e13fa12747f07927c814de35fe
loveda_train_rural_475,probe_train,rural,processed/LoveDA/ssl_train_rgb/rural/475.png,loveda_m2a/Train/Rural/masks_png/475.png,13bf27b656515461bd8957c9a06938c9dc2804d951461a5603700a4bea27a344
loveda_train_rural_476,probe_train,rural,processed/LoveDA/ssl_train_rgb/rural/476.png,loveda_m2a/Train/Rural/masks_png/476.png,36aa9a0517ace8163b3693ebaed491a41fd5df4834b782d579032e7dc058495f
loveda_train_rural_477,probe_train,rural,processed/LoveDA/ssl_train_rgb/rural/477.png,loveda_m2a/Train/Rural/masks_png/477.png,f5e22e92c77a59864760f6be757dddf78f0a69600b66e0939234784961622a1f
loveda_train_rural_478,probe_train,rural,processed/LoveDA/ssl_train_rgb/rural/478.png,loveda_m2a/Train/Rural/masks_png/478.png,86e7afb763b5060929684d8fc52bb786094cc62d55e9523437cdb26627ed3574
loveda_train_rural_479,probe_train,rural,processed/LoveDA/ssl_train_rgb/rural/479.png,loveda_m2a/Train/Rural/masks_png/479.png,45c9f0fed4aa9fc76f8cc01a2d95342b74ee13bf0fda9a514df459ba7004a797
loveda_train_rural_480,probe_train,rural,processed/LoveDA/ssl_train_rgb/rural/480.png,loveda_m2a/Train/Rural/masks_png/480.png,4c94bb65571d6bec9fa0da7ef8dcbb28b7d3f01bf15c77d18bd6ef3f77f17980
loveda_train_rural_481,probe_train,rural,processed/LoveDA/ssl_train_rgb/rural/481.png,loveda_m2a/Train/Rural/masks_png/481.png,99db65a497715946e690ec2024ceef1f48a329835dcb21901f0a505dc0db54b1
loveda_train_rural_484,probe_train,rural,processed/LoveDA/ssl_train_rgb/rural/484.png,loveda_m2a/Train/Rural/masks_png/484.png,620209c72a88fff518157ea764c43510f489f7db85cb1682580f5c9e9ddf2baf
loveda_train_rural_485,probe_train,rural,processed/LoveDA/ssl_train_rgb/rural/485.png,loveda_m2a/Train/Rural/masks_png/485.png,afc4e114e2647691d14fabade43d47c1f874eada6dba6cd6a69374af5a47f801
loveda_train_rural_486,probe_train,rural,processed/LoveDA/ssl_train_rgb/rural/486.png,loveda_m2a/Train/Rural/masks_png/486.png,3d26ca2651cbde178d6f2912658fda01270a2d0dd9d9684736f89083f7f0024e
loveda_train_rural_487,probe_train,rural,processed/LoveDA/ssl_train_rgb/rural/487.png,loveda_m2a/Train/Rural/masks_png/487.png,f72c484b53b02819b86ff35a377920cc1f3a9a0d64f37c8138e5bf5f857eefa3
loveda_train_rural_489,probe_train,rural,processed/LoveDA/ssl_train_rgb/rural/489.png,loveda_m2a/Train/Rural/masks_png/489.png,8eedbfc9cb9c6ac187a4af3d748fd412f4395ef4fbc608b69301948e8519f4fd
loveda_train_rural_49,probe_train,rural,processed/LoveDA/ssl_train_rgb/rural/49.png,loveda_m2a/Train/Rural/masks_png/49.png,5eecccca464d01ae6e8c64456d000d922a18cd371fa7913619dd34afc4ae983a
loveda_train_rural_491,probe_train,rural,processed/LoveDA/ssl_train_rgb/rural/491.png,loveda_m2a/Train/Rural/masks_png/491.png,4e968af6ddfaebf9df3551cec0ba4aa157df57b76259f8e53415f630f9a2db56
loveda_train_rural_492,probe_train,rural,processed/LoveDA/ssl_train_rgb/rural/492.png,loveda_m2a/Train/Rural/masks_png/492.png,9f395b4e807c2fee9bb86265fd258e7e69c87718f893a79e9059b8ac22338252
loveda_train_rural_493,probe_train,rural,processed/LoveDA/ssl_train_rgb/rural/493.png,loveda_m2a/Train/Rural/masks_png/493.png,822650fc969cb74987a2622009a661d955a1257d63bf86405f1adf0f877e1722
loveda_train_rural_495,probe_train,rural,processed/LoveDA/ssl_train_rgb/rural/495.png,loveda_m2a/Train/Rural/masks_png/495.png,f5b0bd900f0ade841b938cc322f9abe4ddff136463cf67011ee8888028f144d1
loveda_train_rural_496,probe_train,rural,processed/LoveDA/ssl_train_rgb/rural/496.png,loveda_m2a/Train/Rural/masks_png/496.png,71bf7c66190817556a8b90ff79f7e84a02460a2c5d127fb9b360ebed7fddd4d2
loveda_train_rural_497,probe_train,rural,processed/LoveDA/ssl_train_rgb/rural/497.png,loveda_m2a/Train/Rural/masks_png/497.png,f565dcc0bc0a03c508277eec84fe6458bd59d86350006c142f3f2eb8359b743a
loveda_train_rural_498,probe_train,rural,processed/LoveDA/ssl_train_rgb/rural/498.png,loveda_m2a/Train/Rural/masks_png/498.png,d4702a6d0fb35ff3ac916aa08c509d9f66036e9f6cd28c3fcd2759a6e28faf16
loveda_train_rural_499,probe_train,rural,processed/LoveDA/ssl_train_rgb/rural/499.png,loveda_m2a/Train/Rural/masks_png/499.png,4b6ba2e152401414ab4be603da383b48fdc2a2415d30401fcecd965a1c775e7e
loveda_train_rural_5,probe_train,rural,processed/LoveDA/ssl_train_rgb/rural/5.png,loveda_m2a/Train/Rural/masks_png/5.png,df569e1ce48ec598b606ce9f3feb11ab8a0a1e7248379c7098d7f7a2010fb247
loveda_train_rural_500,probe_train,rural,processed/LoveDA/ssl_train_rgb/rural/500.png,loveda_m2a/Train/Rural/masks_png/500.png,9a5dc5dad3e73fc7a1632ce574150d05f870bf4537a9fb836780f233241dbb42
loveda_train_rural_502,probe_train,rural,processed/LoveDA/ssl_train_rgb/rural/502.png,loveda_m2a/Train/Rural/masks_png/502.png,08dbb21514e79686a31e214917c49a63b0a40601cc6649fea4b84a4ec57d54fd
loveda_train_rural_504,probe_train,rural,processed/LoveDA/ssl_train_rgb/rural/504.png,loveda_m2a/Train/Rural/masks_png/504.png,de1713c51cf3e855406bfd8070e4ae2b58c889cb512fe0573f5db92c23e766a6
loveda_train_rural_505,probe_train,rural,processed/LoveDA/ssl_train_rgb/rural/505.png,loveda_m2a/Train/Rural/masks_png/505.png,3419eba2ea17f20f9ba890bfc7f131d14cf8607392ffd1bb76139750a4110d9a
loveda_train_rural_507,probe_train,rural,processed/LoveDA/ssl_train_rgb/rural/507.png,loveda_m2a/Train/Rural/masks_png/507.png,433e4c4ac959b0f20dca3de50fe4ab8dcc6c6520c6f1e638a55a28529141449e
loveda_train_rural_509,probe_train,rural,processed/LoveDA/ssl_train_rgb/rural/509.png,loveda_m2a/Train/Rural/masks_png/509.png,38bc0b81867dfca722c58172b970bb0c97b0fc6290bf74e4f19981af9d242943
loveda_train_rural_51,probe_train,rural,processed/LoveDA/ssl_train_rgb/rural/51.png,loveda_m2a/Train/Rural/masks_png/51.png,d970981f68b6b2fe9423533530593e12b9e344feea3b1009cba12ef356ea72d5
loveda_train_rural_510,probe_train,rural,processed/LoveDA/ssl_train_rgb/rural/510.png,loveda_m2a/Train/Rural/masks_png/510.png,32f2276dd934edb1d17ea492e699eca254398b2fe810e2fe5fa29cfedf953ada
loveda_train_rural_511,probe_train,rural,processed/LoveDA/ssl_train_rgb/rural/511.png,loveda_m2a/Train/Rural/masks_png/511.png,ac6a91def5f278073bfc618b671310047ebcca3639badf90643712c749f94f91
loveda_train_rural_512,probe_train,rural,processed/LoveDA/ssl_train_rgb/rural/512.png,loveda_m2a/Train/Rural/masks_png/512.png,8223cd28350ae53fb87d34a1c8dad84842011857195115da51c3d5d1482d21e0
loveda_train_rural_513,probe_train,rural,processed/LoveDA/ssl_train_rgb/rural/513.png,loveda_m2a/Train/Rural/masks_png/513.png,350be260bb09ad55b2f9c7af068f358ed1c0229ea5a6ff17fb25bfcce7dfa5bb
loveda_train_rural_514,probe_train,rural,processed/LoveDA/ssl_train_rgb/rural/514.png,loveda_m2a/Train/Rural/masks_png/514.png,400d87e4d84564e54f95e06081b20d56dda5679754786f3b2dba4d693c61d31f
loveda_train_rural_516,probe_train,rural,processed/LoveDA/ssl_train_rgb/rural/516.png,loveda_m2a/Train/Rural/masks_png/516.png,c547abe5934bbdd38f29a6996d506d2318e0b777fc86cb6c9e2a2f0c2477ee29
loveda_train_rural_517,probe_train,rural,processed/LoveDA/ssl_train_rgb/rural/517.png,loveda_m2a/Train/Rural/masks_png/517.png,ca54185679bba74cfd0394814626afb15890d259decfd99ae97a83e14c5d0793
loveda_train_rural_519,probe_train,rural,processed/LoveDA/ssl_train_rgb/rural/519.png,loveda_m2a/Train/Rural/masks_png/519.png,79ab98fe06a10ad0ab62bdb44dff96e930f4ed7d4953671822ffe6117bdb1ca3
loveda_train_rural_52,probe_train,rural,processed/LoveDA/ssl_train_rgb/rural/52.png,loveda_m2a/Train/Rural/masks_png/52.png,1d4f98c776b5a3084aa92f73601757bb29b4287cd7604fa82810c38998131942
loveda_train_rural_520,probe_train,rural,processed/LoveDA/ssl_train_rgb/rural/520.png,loveda_m2a/Train/Rural/masks_png/520.png,39a220eeefabd6ce8c9ead6b3c39c9febb8ac2b113b044c8ec97c5d64fa704e2
loveda_train_rural_521,probe_train,rural,processed/LoveDA/ssl_train_rgb/rural/521.png,loveda_m2a/Train/Rural/masks_png/521.png,eac19c3005c0cc3d268f22242a680c64546ff55235e2824736253b6e419b85e2
loveda_train_rural_522,probe_train,rural,processed/LoveDA/ssl_train_rgb/rural/522.png,loveda_m2a/Train/Rural/masks_png/522.png,0fd4bd326e18e7eea96c53483484a5f620006e01a1283ee864395cb6c9b7f4f3
loveda_train_rural_523,probe_train,rural,processed/LoveDA/ssl_train_rgb/rural/523.png,loveda_m2a/Train/Rural/masks_png/523.png,b3f66df9062c9057efd04bdc8fd8be2f93478dd66f22746fab4659a704dff8f3
loveda_train_rural_524,probe_train,rural,processed/LoveDA/ssl_train_rgb/rural/524.png,loveda_m2a/Train/Rural/masks_png/524.png,0d92904a594d111106d9ab6b626d8775735b267dd0be258a1b7575106cf23cee
loveda_train_rural_525,probe_train,rural,processed/LoveDA/ssl_train_rgb/rural/525.png,loveda_m2a/Train/Rural/masks_png/525.png,20ff1847449bbdbb9baf765b43acc93e60b2abc99214b8bf81455a5bd9362fa6
loveda_train_rural_526,probe_train,rural,processed/LoveDA/ssl_train_rgb/rural/526.png,loveda_m2a/Train/Rural/masks_png/526.png,d9666dd077cb44938adec4bb81a2001ef6c314800fa5129bd21b4d9893d3cd61
loveda_train_rural_527,probe_train,rural,processed/LoveDA/ssl_train_rgb/rural/527.png,loveda_m2a/Train/Rural/masks_png/527.png,1a0eecd14262fe62417527b3dbe8909f0e57f517c7490e36011114a31671c519
loveda_train_rural_528,probe_train,rural,processed/LoveDA/ssl_train_rgb/rural/528.png,loveda_m2a/Train/Rural/masks_png/528.png,836417087156d60a155fb5e58caf040381c8680f7d388ff594a8b6a5f1c4a477
loveda_train_rural_530,probe_train,rural,processed/LoveDA/ssl_train_rgb/rural/530.png,loveda_m2a/Train/Rural/masks_png/530.png,ace90bbfd5f91f940a7c155ccdca3d412fa1da6dbe8eb9a0af2486ab9de8d074
loveda_train_rural_531,probe_train,rural,processed/LoveDA/ssl_train_rgb/rural/531.png,loveda_m2a/Train/Rural/masks_png/531.png,ae74fd9a45b9b921844e4be24cd1ce33d8d8b5fb7eca6e788fc4ccb4cddad057
loveda_train_rural_532,probe_train,rural,processed/LoveDA/ssl_train_rgb/rural/532.png,loveda_m2a/Train/Rural/masks_png/532.png,a0d751d0222e5174a9467fea45fd4887202d1e8f953824a846404e9a0c9c8d3a
loveda_train_rural_533,probe_train,rural,processed/LoveDA/ssl_train_rgb/rural/533.png,loveda_m2a/Train/Rural/masks_png/533.png,0ddcceb2263e8729ddaca1b7c2d24faec355e0524f61833c43a006605437255e
loveda_train_rural_535,probe_train,rural,processed/LoveDA/ssl_train_rgb/rural/535.png,loveda_m2a/Train/Rural/masks_png/535.png,48f9942ff4779cace6053e0a8c1fda127f827459ca482558e0e776e82791337a
loveda_train_rural_537,probe_train,rural,processed/LoveDA/ssl_train_rgb/rural/537.png,loveda_m2a/Train/Rural/masks_png/537.png,0383a948a2ed248d77ca6f87759b6706305bdd4cf869e997d34d2f6368b6f0b7
loveda_train_rural_540,probe_train,rural,processed/LoveDA/ssl_train_rgb/rural/540.png,loveda_m2a/Train/Rural/masks_png/540.png,7a7a63139a24015bd7bf5e77327a1ae9bbf0cf5699c2f23d37106d68dbe9d5f3
loveda_train_rural_541,probe_train,rural,processed/LoveDA/ssl_train_rgb/rural/541.png,loveda_m2a/Train/Rural/masks_png/541.png,97500fc7685761e1a698a34dfbc1ce36895d9c2a8d56baa8946b6111e1047511
loveda_train_rural_542,probe_train,rural,processed/LoveDA/ssl_train_rgb/rural/542.png,loveda_m2a/Train/Rural/masks_png/542.png,fb23ea3b7cba553d6560ce3670a657492e5b9fd9a56e972563195502a9851837
loveda_train_rural_543,probe_train,rural,processed/LoveDA/ssl_train_rgb/rural/543.png,loveda_m2a/Train/Rural/masks_png/543.png,5920925ef105980ffd9230cb1d7bd3fd503f1c14718ae9bf9fc8a41f75c14e5f
loveda_train_rural_544,probe_train,rural,processed/LoveDA/ssl_train_rgb/rural/544.png,loveda_m2a/Train/Rural/masks_png/544.png,7ccce6db238fb3ecac227e9602c7f8e80ed239cef3de5b13d3fb44f80aa0db36
loveda_train_rural_545,probe_train,rural,processed/LoveDA/ssl_train_rgb/rural/545.png,loveda_m2a/Train/Rural/masks_png/545.png,bf6bfb245d997ae3a154ca947c8ce54128a7d72e40cd163467e52b2a0b83f0fe
loveda_train_rural_546,probe_train,rural,processed/LoveDA/ssl_train_rgb/rural/546.png,loveda_m2a/Train/Rural/masks_png/546.png,1916d51ea171cd025d5ed37d5ed93c7c6c8503eb92039bcb94db0f050c048bb7
loveda_train_rural_548,probe_train,rural,processed/LoveDA/ssl_train_rgb/rural/548.png,loveda_m2a/Train/Rural/masks_png/548.png,bcf8f141975d3e1387e7b3c1d0f367416480c3641eca4c033fdc3a82e59007fb
loveda_train_rural_549,probe_train,rural,processed/LoveDA/ssl_train_rgb/rural/549.png,loveda_m2a/Train/Rural/masks_png/549.png,45aa773791c5d3804e467d531c67ce4782084c985c3907c172d7380ce3a95207
loveda_train_rural_550,probe_train,rural,processed/LoveDA/ssl_train_rgb/rural/550.png,loveda_m2a/Train/Rural/masks_png/550.png,a025dc0ec902017511a31b3cc2ab7cfc5b513f437342d00b9c6f4eb110ff4e80
loveda_train_rural_551,probe_train,rural,processed/LoveDA/ssl_train_rgb/rural/551.png,loveda_m2a/Train/Rural/masks_png/551.png,12f713fb9838302895f5772e5a37efa8c80ae25c6b10a4d48479be03c998cfcc
loveda_train_rural_552,probe_train,rural,processed/LoveDA/ssl_train_rgb/rural/552.png,loveda_m2a/Train/Rural/masks_png/552.png,c5a7e9338ec4389fd55c00fb40501d81bb7b48567fded3ea801107c5af8c1d6d
loveda_train_rural_553,probe_train,rural,processed/LoveDA/ssl_train_rgb/rural/553.png,loveda_m2a/Train/Rural/masks_png/553.png,614b547f8f5d489c41cabdfcbcd59471517c728c9e59363e0be94be5ac9907d8
loveda_train_rural_554,probe_train,rural,processed/LoveDA/ssl_train_rgb/rural/554.png,loveda_m2a/Train/Rural/masks_png/554.png,320d93777b104b864f4ea067b11af3897959ec4f94e41197f08d7a0bcf401282
loveda_train_rural_556,probe_train,rural,processed/LoveDA/ssl_train_rgb/rural/556.png,loveda_m2a/Train/Rural/masks_png/556.png,c14ad059b777f290c8af0e0a98a0b834195ec1530a39334154c3af2d9a0003a4
loveda_train_rural_557,probe_train,rural,processed/LoveDA/ssl_train_rgb/rural/557.png,loveda_m2a/Train/Rural/masks_png/557.png,313a1b592ca03d01c674489069464a37807b446ae353bc73c646a2f54280002a
loveda_train_rural_558,probe_train,rural,processed/LoveDA/ssl_train_rgb/rural/558.png,loveda_m2a/Train/Rural/masks_png/558.png,ed574f331d98636cee04f8b91291949d452948c5a56ecd7551b4a1f2dd4b56ea
loveda_train_rural_559,probe_train,rural,processed/LoveDA/ssl_train_rgb/rural/559.png,loveda_m2a/Train/Rural/masks_png/559.png,c55cc7fa9955f97cd0147bb82edbb5f4002fb62d4a105a6c714f2e33dd48b874
loveda_train_rural_561,probe_train,rural,processed/LoveDA/ssl_train_rgb/rural/561.png,loveda_m2a/Train/Rural/masks_png/561.png,49a59cae448d0d755268f987f60d2e9a287da2a721e9a984b25eadc0257e3a0d
loveda_train_rural_562,probe_train,rural,processed/LoveDA/ssl_train_rgb/rural/562.png,loveda_m2a/Train/Rural/masks_png/562.png,b6488dfbc79d937fc933beaede4f0294764154b4324280282c86d710f8587d90
loveda_train_rural_563,probe_train,rural,processed/LoveDA/ssl_train_rgb/rural/563.png,loveda_m2a/Train/Rural/masks_png/563.png,f8b3fc28eab214dbafb951766498c4126d0fe5cd070d35e3b5d68476f3c4ad9f
loveda_train_rural_564,probe_train,rural,processed/LoveDA/ssl_train_rgb/rural/564.png,loveda_m2a/Train/Rural/masks_png/564.png,0550e8060a286252b583714e09145badb93889e69780a321097fd717f0c50117
loveda_train_rural_566,probe_train,rural,processed/LoveDA/ssl_train_rgb/rural/566.png,loveda_m2a/Train/Rural/masks_png/566.png,9ec2790d712c78312be0b01e6a7345046bfd8b4cc0268ecb35f5cddfc7c3277b
loveda_train_rural_567,probe_train,rural,processed/LoveDA/ssl_train_rgb/rural/567.png,loveda_m2a/Train/Rural/masks_png/567.png,f9b565d0030e5689ec95564a14a4592bcd307f381573fc821c86bc0358707572
loveda_train_rural_568,probe_train,rural,processed/LoveDA/ssl_train_rgb/rural/568.png,loveda_m2a/Train/Rural/masks_png/568.png,0317a7a2077ea343371b8588b015f647491dc9e2dfce9abe0f940e53899da378
loveda_train_rural_569,probe_train,rural,processed/LoveDA/ssl_train_rgb/rural/569.png,loveda_m2a/Train/Rural/masks_png/569.png,91c491180a93fd14df172b015fbd19b9307e17a042f71f93d5790c036fc8d9b2
loveda_train_rural_57,probe_train,rural,processed/LoveDA/ssl_train_rgb/rural/57.png,loveda_m2a/Train/Rural/masks_png/57.png,f10e94a879f95fe25775e5d1303db34ecf161cdd6bcf5003dc1cb91bf4f7ddd6
loveda_train_rural_570,probe_train,rural,processed/LoveDA/ssl_train_rgb/rural/570.png,loveda_m2a/Train/Rural/masks_png/570.png,371a8febd27d19a24bae4d6ea4db3bad24209393da3183773c2cd2cae8efd00f
loveda_train_rural_572,probe_train,rural,processed/LoveDA/ssl_train_rgb/rural/572.png,loveda_m2a/Train/Rural/masks_png/572.png,7b5f7e7f11582c51821a623b484402317fa0fd4f09e836b65db231d1aea325e5
loveda_train_rural_575,probe_train,rural,processed/LoveDA/ssl_train_rgb/rural/575.png,loveda_m2a/Train/Rural/masks_png/575.png,f6229825e22627359f03267e2265c9f1f3d165ff811dbf19f14fe0ff6db85baa
loveda_train_rural_576,probe_train,rural,processed/LoveDA/ssl_train_rgb/rural/576.png,loveda_m2a/Train/Rural/masks_png/576.png,b7562731f5f029697411e7137ee7d2668dcffc48eb7f1e633e32761c9b21ea6b
loveda_train_rural_577,probe_train,rural,processed/LoveDA/ssl_train_rgb/rural/577.png,loveda_m2a/Train/Rural/masks_png/577.png,a1e1171c83860509c0fa5cbd36bf385534fa9e664d4a2d825237f23e64260298
loveda_train_rural_578,probe_train,rural,processed/LoveDA/ssl_train_rgb/rural/578.png,loveda_m2a/Train/Rural/masks_png/578.png,df010a5b45921deeb3b91807ff80c58f4b72c10f5173fb40186dedbd974d7dd5
loveda_train_rural_579,probe_train,rural,processed/LoveDA/ssl_train_rgb/rural/579.png,loveda_m2a/Train/Rural/masks_png/579.png,03f735c45a88cc311eedf7c4715394ce98b63fc7699f3a507a47dfd0f2465354
loveda_train_rural_58,probe_train,rural,processed/LoveDA/ssl_train_rgb/rural/58.png,loveda_m2a/Train/Rural/masks_png/58.png,7ebd3722f381d9be4a9a440a7c96c342c40f73049719eb9dc7c02471028ef635
loveda_train_rural_580,probe_train,rural,processed/LoveDA/ssl_train_rgb/rural/580.png,loveda_m2a/Train/Rural/masks_png/580.png,fccafa9d2c15e1ea0bd8bf390d1bd1251831c484a4420c50a28df460b39aae14
loveda_train_rural_581,probe_train,rural,processed/LoveDA/ssl_train_rgb/rural/581.png,loveda_m2a/Train/Rural/masks_png/581.png,a0ea5206863feb8a26bae5fdaf776a479065b89a83563ac900eb9854f2d7f215
loveda_train_rural_582,probe_train,rural,processed/LoveDA/ssl_train_rgb/rural/582.png,loveda_m2a/Train/Rural/masks_png/582.png,4c9cb85f8442a3a8db8bba0c3fd1daad73904e63962065961326746788bdbddd
loveda_train_rural_584,probe_train,rural,processed/LoveDA/ssl_train_rgb/rural/584.png,loveda_m2a/Train/Rural/masks_png/584.png,0ac5c5ab1349d05f7827684c292763de361ecb371f9626c74b9d9061e654254e
loveda_train_rural_586,probe_train,rural,processed/LoveDA/ssl_train_rgb/rural/586.png,loveda_m2a/Train/Rural/masks_png/586.png,4135ed85fee568666cdb9b632627af87a74a2bc24f3e5f32a7c774544f8c69fd
loveda_train_rural_587,probe_train,rural,processed/LoveDA/ssl_train_rgb/rural/587.png,loveda_m2a/Train/Rural/masks_png/587.png,e917b8c8960b9b2bfd98f0f4e1acacdb555f0b40e312f1e9e9033289b7e429a0
loveda_train_rural_588,probe_train,rural,processed/LoveDA/ssl_train_rgb/rural/588.png,loveda_m2a/Train/Rural/masks_png/588.png,ae4b3d6f6fcdae61cbfb8cc789ed86abdebd2db1b04e74b7693aab50dcbde806
loveda_train_rural_589,probe_train,rural,processed/LoveDA/ssl_train_rgb/rural/589.png,loveda_m2a/Train/Rural/masks_png/589.png,b2d308fc59724a8cbf48da01b2f470a111cdfa9560aaf993bb7868462c71c92d
loveda_train_rural_59,probe_train,rural,processed/LoveDA/ssl_train_rgb/rural/59.png,loveda_m2a/Train/Rural/masks_png/59.png,62d2c50a405b7d3019224c56c84fe41240d9aab35828b6a6b895f3e943e25c41
loveda_train_rural_590,probe_train,rural,processed/LoveDA/ssl_train_rgb/rural/590.png,loveda_m2a/Train/Rural/masks_png/590.png,e51e1bfce70932de4edcf1ee13fff4eeefeb927ae388e6af7f2dfde9009cea91
loveda_train_rural_591,probe_train,rural,processed/LoveDA/ssl_train_rgb/rural/591.png,loveda_m2a/Train/Rural/masks_png/591.png,09eb9a5ba71ebe686ce88097792acf0d5869ee6faf4f09cd0d3648039cc73b1a
loveda_train_rural_592,probe_train,rural,processed/LoveDA/ssl_train_rgb/rural/592.png,loveda_m2a/Train/Rural/masks_png/592.png,edd0ef8ab863757dc8a18a43a70721ed386c7c94d3bd62272db41560f54848c1
loveda_train_rural_593,probe_train,rural,processed/LoveDA/ssl_train_rgb/rural/593.png,loveda_m2a/Train/Rural/masks_png/593.png,d32358ee88742698fb1d5a560d2c209f3efd2a1073bdebc436ed5f14ee5ba406
loveda_train_rural_594,probe_train,rural,processed/LoveDA/ssl_train_rgb/rural/594.png,loveda_m2a/Train/Rural/masks_png/594.png,4f2aa342f97f183c6e2b8d517c0ff4115ba459cd286c13463f7798d46a3a0a51
loveda_train_rural_596,probe_train,rural,processed/LoveDA/ssl_train_rgb/rural/596.png,loveda_m2a/Train/Rural/masks_png/596.png,9de5743e3e85a82299855b41db2bf3c4f8fb0e5c543d33719f0c935de95ded93
loveda_train_rural_597,probe_train,rural,processed/LoveDA/ssl_train_rgb/rural/597.png,loveda_m2a/Train/Rural/masks_png/597.png,c335dee318e88d6a0cad62506015674514242abf00783231a641fcdb8714f858
loveda_train_rural_598,probe_train,rural,processed/LoveDA/ssl_train_rgb/rural/598.png,loveda_m2a/Train/Rural/masks_png/598.png,dcabf2cd53a05054c59c2a05b555a44e8eb4ec54d82cff94116c77799a1cf145
loveda_train_rural_599,probe_train,rural,processed/LoveDA/ssl_train_rgb/rural/599.png,loveda_m2a/Train/Rural/masks_png/599.png,ad128fdbad765f0e7d23d788e56b5c005c0084d42c71d9c1337e9ddd73b0679b
loveda_train_rural_6,probe_train,rural,processed/LoveDA/ssl_train_rgb/rural/6.png,loveda_m2a/Train/Rural/masks_png/6.png,cfdd675042d0f1d9419763181031d37a6cb5590de70b0424d12c3a4137ade891
loveda_train_rural_60,probe_train,rural,processed/LoveDA/ssl_train_rgb/rural/60.png,loveda_m2a/Train/Rural/masks_png/60.png,8655db357a673084fe5040c38c689e22da9d644142f9424aeda83d755abee918
loveda_train_rural_600,probe_train,rural,processed/LoveDA/ssl_train_rgb/rural/600.png,loveda_m2a/Train/Rural/masks_png/600.png,2357e708202791b6b5a94867efdc59a4130ba8f05822698d7b8440fc44dc6b78
loveda_train_rural_601,probe_train,rural,processed/LoveDA/ssl_train_rgb/rural/601.png,loveda_m2a/Train/Rural/masks_png/601.png,c81adb8801d78a77abb2a1973e6ffb610ec68dfc4e52b61a8283689e3f7102c2
loveda_train_rural_603,probe_train,rural,processed/LoveDA/ssl_train_rgb/rural/603.png,loveda_m2a/Train/Rural/masks_png/603.png,38296dc480d5d40340c531539e0a4ebe0dc9ca3c9017626b868074eab8df1238
loveda_train_rural_605,probe_train,rural,processed/LoveDA/ssl_train_rgb/rural/605.png,loveda_m2a/Train/Rural/masks_png/605.png,80e788c88c20b55d7c9318669bbaad7d2ffe9f0234bc3123986e00aa99dbef8d
loveda_train_rural_606,probe_train,rural,processed/LoveDA/ssl_train_rgb/rural/606.png,loveda_m2a/Train/Rural/masks_png/606.png,43e1429965684e8062711799940aeb96970275ff712963e4251d4cc5413399b7
loveda_train_rural_608,probe_train,rural,processed/LoveDA/ssl_train_rgb/rural/608.png,loveda_m2a/Train/Rural/masks_png/608.png,2df81fad10c1b1e93de56aa3719a2a7125ccd7b0282fc2dfe5f4e15a0b9576bd
loveda_train_rural_609,probe_train,rural,processed/LoveDA/ssl_train_rgb/rural/609.png,loveda_m2a/Train/Rural/masks_png/609.png,5e5fba1dc4d0b26648f5505ba5b36b474d37c6889e61734df64c028a7950fac3
loveda_train_rural_61,probe_train,rural,processed/LoveDA/ssl_train_rgb/rural/61.png,loveda_m2a/Train/Rural/masks_png/61.png,b7256c6d1bd7d5e37e82fda1c2a06e58acffdcd3da555b82edcf14a87dd1e24b
loveda_train_rural_610,probe_train,rural,processed/LoveDA/ssl_train_rgb/rural/610.png,loveda_m2a/Train/Rural/masks_png/610.png,0ee48fbd0d92775007bed199ce1f1057f09deda8e48ea4f24304e0142870ebd2
loveda_train_rural_611,probe_train,rural,processed/LoveDA/ssl_train_rgb/rural/611.png,loveda_m2a/Train/Rural/masks_png/611.png,2db1852f1aff19ba1054df0e4f94abbba46be83b6684249bd36b7c3c9c7b56ad
loveda_train_rural_612,probe_train,rural,processed/LoveDA/ssl_train_rgb/rural/612.png,loveda_m2a/Train/Rural/masks_png/612.png,5c0c7808587ecc5d945587c614128f0143585f839b99b1bc4268c56d4ee886f0
loveda_train_rural_613,probe_train,rural,processed/LoveDA/ssl_train_rgb/rural/613.png,loveda_m2a/Train/Rural/masks_png/613.png,137808e020a7bbb8801eac18263d4ce53f387648d5c0f33efe9c892d6dec920b
loveda_train_rural_614,probe_train,rural,processed/LoveDA/ssl_train_rgb/rural/614.png,loveda_m2a/Train/Rural/masks_png/614.png,f17e00a165904fe6e63751e6de30e708f367b6a3d986cd87bfc3a21c02a3e0b2
loveda_train_rural_615,probe_train,rural,processed/LoveDA/ssl_train_rgb/rural/615.png,loveda_m2a/Train/Rural/masks_png/615.png,47f6d105a14b23e0c2ece1c61f5040dd4c8d92d1dbe5df8a8e5f6dc53149059e
loveda_train_rural_616,probe_train,rural,processed/LoveDA/ssl_train_rgb/rural/616.png,loveda_m2a/Train/Rural/masks_png/616.png,7a95b8d425692a57851a7b874e57ade084444c953435d6113a71166e66a0b572
loveda_train_rural_617,probe_train,rural,processed/LoveDA/ssl_train_rgb/rural/617.png,loveda_m2a/Train/Rural/masks_png/617.png,09e7cf3c407f80a349993b79b90099823da5fc9c4ed8fd74ff2a75958a24aa89
loveda_train_rural_618,probe_train,rural,processed/LoveDA/ssl_train_rgb/rural/618.png,loveda_m2a/Train/Rural/masks_png/618.png,05ce2b1c26c82b3b133fcbb4ed4be94a3bfb87941fba024dabd5cdf440b5e5b2
loveda_train_rural_619,probe_train,rural,processed/LoveDA/ssl_train_rgb/rural/619.png,loveda_m2a/Train/Rural/masks_png/619.png,25bd8eac8d7ee1413ff991b111c4e3a5f750aea4a080c55025feb7a91345181a
loveda_train_rural_62,probe_train,rural,processed/LoveDA/ssl_train_rgb/rural/62.png,loveda_m2a/Train/Rural/masks_png/62.png,e420f5f14be1a6b3d90033de815e7a061b426c07882131da0826de907acadfc8
loveda_train_rural_620,probe_train,rural,processed/LoveDA/ssl_train_rgb/rural/620.png,loveda_m2a/Train/Rural/masks_png/620.png,4d0fcbb6512f8fd54ee9a089dfd76adeabe9340ea97e48f9237ea60719dc2013
loveda_train_rural_621,probe_train,rural,processed/LoveDA/ssl_train_rgb/rural/621.png,loveda_m2a/Train/Rural/masks_png/621.png,14cfcac2b77381e3a383721f9c937626a0755170bded34fc0688df9deb7899a1
loveda_train_rural_623,probe_train,rural,processed/LoveDA/ssl_train_rgb/rural/623.png,loveda_m2a/Train/Rural/masks_png/623.png,f9bf875bcc40ee2b61c4a71652e7b759e9a7268585a5b2ed061f9a97ac50d35c
loveda_train_rural_624,probe_train,rural,processed/LoveDA/ssl_train_rgb/rural/624.png,loveda_m2a/Train/Rural/masks_png/624.png,8f81f685a89797916c9b16e2696bf858e169beca7a3f909d898500eb7104e575
loveda_train_rural_625,probe_train,rural,processed/LoveDA/ssl_train_rgb/rural/625.png,loveda_m2a/Train/Rural/masks_png/625.png,dd73407c935135585882e12534d36c4c85ef429949c2dd5df4a055edcb065f58
loveda_train_rural_626,probe_train,rural,processed/LoveDA/ssl_train_rgb/rural/626.png,loveda_m2a/Train/Rural/masks_png/626.png,2b8a23bebd4d9a48309ece78e4f85abac2fec122be2fbe1987e3df2f5539e056
loveda_train_rural_627,probe_train,rural,processed/LoveDA/ssl_train_rgb/rural/627.png,loveda_m2a/Train/Rural/masks_png/627.png,ee9cd2e471b3d8c1f4c9d203ade68f80fdd79b707f96057ccb6def0ca9bbe8fe
loveda_train_rural_629,probe_train,rural,processed/LoveDA/ssl_train_rgb/rural/629.png,loveda_m2a/Train/Rural/masks_png/629.png,b9b8df2766a3e31298acaf49fed97b92102c7c68bfa69808267912afcd6baf6e
loveda_train_rural_63,probe_train,rural,processed/LoveDA/ssl_train_rgb/rural/63.png,loveda_m2a/Train/Rural/masks_png/63.png,0a1506ad9bc4e3537012fbb28894793d083207188cb68dc14db7c65d33d6caed
loveda_train_rural_630,probe_train,rural,processed/LoveDA/ssl_train_rgb/rural/630.png,loveda_m2a/Train/Rural/masks_png/630.png,271612a7cd9c2b12e253431f9c852559d8be370a4c4afebcfabdf1410dcee20b
loveda_train_rural_631,probe_train,rural,processed/LoveDA/ssl_train_rgb/rural/631.png,loveda_m2a/Train/Rural/masks_png/631.png,045a38d13c477a0967654748bf29ad57842738be16bc80ecb8db29e8203a3ada
loveda_train_rural_632,probe_train,rural,processed/LoveDA/ssl_train_rgb/rural/632.png,loveda_m2a/Train/Rural/masks_png/632.png,fa52f45549160f94bece1810dcfca433908782878f21889192a9ea0e55827546
loveda_train_rural_633,probe_train,rural,processed/LoveDA/ssl_train_rgb/rural/633.png,loveda_m2a/Train/Rural/masks_png/633.png,7c52dfd0626dca86292319b2b03b63cc0b4ee3fa9db6adbb462fa07bc954a281
loveda_train_rural_634,probe_train,rural,processed/LoveDA/ssl_train_rgb/rural/634.png,loveda_m2a/Train/Rural/masks_png/634.png,b37e38b4a6af5154e7866b71d77ac3c2ccf5ef74cdd2130b8b846ca6a0694772
loveda_train_rural_635,probe_train,rural,processed/LoveDA/ssl_train_rgb/rural/635.png,loveda_m2a/Train/Rural/masks_png/635.png,eb7737f4cfe0e3c579b3deead139519ae3c6bbb85eeb0e505c4d85a52a3c0061
loveda_train_rural_636,probe_train,rural,processed/LoveDA/ssl_train_rgb/rural/636.png,loveda_m2a/Train/Rural/masks_png/636.png,f8301830f51ae0766c01950eddcd0d06f1576dec8caa0fa742b1f79273185f14
loveda_train_rural_637,probe_train,rural,processed/LoveDA/ssl_train_rgb/rural/637.png,loveda_m2a/Train/Rural/masks_png/637.png,d9b065a5d66fa87bd28ad084d32956471a2c16b87b3715fd91a2fdb6ea97b01b
loveda_train_rural_638,probe_train,rural,processed/LoveDA/ssl_train_rgb/rural/638.png,loveda_m2a/Train/Rural/masks_png/638.png,3725c250c5670a75573824e142ffbb9ab8df76af891821d37c96839eb687dc87
loveda_train_rural_639,probe_train,rural,processed/LoveDA/ssl_train_rgb/rural/639.png,loveda_m2a/Train/Rural/masks_png/639.png,582c112f864d95a0cb7bc37e369f9445718909baef3ba45ce1e386ad2dd0af4c
loveda_train_rural_64,probe_train,rural,processed/LoveDA/ssl_train_rgb/rural/64.png,loveda_m2a/Train/Rural/masks_png/64.png,fc1fe9eb56afc4746a2017d71dec68e15ecbe71db52bd3a0aea347eca4ec82e8
loveda_train_rural_640,probe_train,rural,processed/LoveDA/ssl_train_rgb/rural/640.png,loveda_m2a/Train/Rural/masks_png/640.png,7e283ab9bde5c5a0ae84019fa1d56e4d54a4e70328eb41b8ebd57ba724257fe8
loveda_train_rural_641,probe_train,rural,processed/LoveDA/ssl_train_rgb/rural/641.png,loveda_m2a/Train/Rural/masks_png/641.png,0466d9e589a210047514e97f5ea003d1b7bee4344cf65dc3e05017045dd23fca
loveda_train_rural_648,probe_train,rural,processed/LoveDA/ssl_train_rgb/rural/648.png,loveda_m2a/Train/Rural/masks_png/648.png,c142b9ff340f7bafbb6194a8e34ca27c3815eaa06edad60b41956f308ec3377c
loveda_train_rural_65,probe_train,rural,processed/LoveDA/ssl_train_rgb/rural/65.png,loveda_m2a/Train/Rural/masks_png/65.png,db884e85ad772db9543e7d3eee946cf82d4042f37af80060b646a17c7721a146
loveda_train_rural_650,probe_train,rural,processed/LoveDA/ssl_train_rgb/rural/650.png,loveda_m2a/Train/Rural/masks_png/650.png,488a26836508af73b9850724bd79fc0add6963e8aa5221f7c508f063ae5a009f
loveda_train_rural_652,probe_train,rural,processed/LoveDA/ssl_train_rgb/rural/652.png,loveda_m2a/Train/Rural/masks_png/652.png,5e317a975e9f18a088b140bfaec20fa79b616df311d5e98750c3e29b7e0dbeb6
loveda_train_rural_653,probe_train,rural,processed/LoveDA/ssl_train_rgb/rural/653.png,loveda_m2a/Train/Rural/masks_png/653.png,b3b5761c80f2451c63b0d88fde68aeef951ec1217ba40a50adaf9a63d89394a8
loveda_train_rural_654,probe_train,rural,processed/LoveDA/ssl_train_rgb/rural/654.png,loveda_m2a/Train/Rural/masks_png/654.png,e19af72c3c3d12880f6ab6b992af4dd67308fa6d2fd3194123a2fef66d2e69fb
loveda_train_rural_655,probe_train,rural,processed/LoveDA/ssl_train_rgb/rural/655.png,loveda_m2a/Train/Rural/masks_png/655.png,9f07a89ff44ed8c245dab9cab3b255085a226b62b3df77b95a040109561a7618
loveda_train_rural_656,probe_train,rural,processed/LoveDA/ssl_train_rgb/rural/656.png,loveda_m2a/Train/Rural/masks_png/656.png,4c583c3d69aa1f760e208a761ebaca4f7af9db7cf097931c232529c88c4c7f34
loveda_train_rural_657,probe_train,rural,processed/LoveDA/ssl_train_rgb/rural/657.png,loveda_m2a/Train/Rural/masks_png/657.png,a7b2c10530072da504984094fd682c4fba645bd2cf982c19765efaf57e7d62bb
loveda_train_rural_658,probe_train,rural,processed/LoveDA/ssl_train_rgb/rural/658.png,loveda_m2a/Train/Rural/masks_png/658.png,883ead9cbb6d24d2b9cd8225772b3813182222486f8e80ee2df85ea6b314a3e9
loveda_train_rural_659,probe_train,rural,processed/LoveDA/ssl_train_rgb/rural/659.png,loveda_m2a/Train/Rural/masks_png/659.png,40aa0dbd7f8546f630b63a543ef2beb3d27f86101dc5288d62d868a6a6e3e878
loveda_train_rural_66,probe_train,rural,processed/LoveDA/ssl_train_rgb/rural/66.png,loveda_m2a/Train/Rural/masks_png/66.png,d09532c78193217fbff1622419f2af7968e18046b352e7438894322180d46b8b
loveda_train_rural_661,probe_train,rural,processed/LoveDA/ssl_train_rgb/rural/661.png,loveda_m2a/Train/Rural/masks_png/661.png,c36ea6a3f37f64030d9b096df14b8d51ddd8ad86125556cb2d2e8ad5b5696bc5
loveda_train_rural_663,probe_train,rural,processed/LoveDA/ssl_train_rgb/rural/663.png,loveda_m2a/Train/Rural/masks_png/663.png,c2e11d2d4cbf3a4ffb6602837630ba0e0a1b7cfed880f4ccadaa4ebfcfa7c76d
loveda_train_rural_664,probe_train,rural,processed/LoveDA/ssl_train_rgb/rural/664.png,loveda_m2a/Train/Rural/masks_png/664.png,05470aac52b01d84fd78b782a48e755759e20c428bc9b39215a814c45f072356
loveda_train_rural_665,probe_train,rural,processed/LoveDA/ssl_train_rgb/rural/665.png,loveda_m2a/Train/Rural/masks_png/665.png,609b848b0b8d6ac4f376a158574ff8e1b7d0d086d26c630f876908cfe6714a30
loveda_train_rural_666,probe_train,rural,processed/LoveDA/ssl_train_rgb/rural/666.png,loveda_m2a/Train/Rural/masks_png/666.png,ddd1b795030bc0cb6cb8e200818e34d50626286a7818e2499f0714207d22d3ff
loveda_train_rural_667,probe_train,rural,processed/LoveDA/ssl_train_rgb/rural/667.png,loveda_m2a/Train/Rural/masks_png/667.png,b5e62db58b5a3dbbb78b0bf8b46843f3435c0e1cad1456c3be88fc19d8b73312
loveda_train_rural_668,probe_train,rural,processed/LoveDA/ssl_train_rgb/rural/668.png,loveda_m2a/Train/Rural/masks_png/668.png,5780d14733568f1ed5ba7ec7f4df3817c173ee09cb93c591333a7ea7cbec9ac9
loveda_train_rural_669,probe_train,rural,processed/LoveDA/ssl_train_rgb/rural/669.png,loveda_m2a/Train/Rural/masks_png/669.png,4d24472b3fb7c6517d6b78f772195da90cbb4610f41bc739bbbd6e98feaea77a
loveda_train_rural_67,probe_train,rural,processed/LoveDA/ssl_train_rgb/rural/67.png,loveda_m2a/Train/Rural/masks_png/67.png,0baf17e1dfb9492053adc1f537ae0913f8235026d789e240269ef0253e55b90d
loveda_train_rural_670,probe_train,rural,processed/LoveDA/ssl_train_rgb/rural/670.png,loveda_m2a/Train/Rural/masks_png/670.png,47f3f36f5ef1557243dbcfa1e6f9ca93aa773786be7b01696524c60663f2f94a
loveda_train_rural_671,probe_train,rural,processed/LoveDA/ssl_train_rgb/rural/671.png,loveda_m2a/Train/Rural/masks_png/671.png,e94c3fe55639f36bd8ab72306bfe23200f8d19546c647a001214f85d608b6799
loveda_train_rural_672,probe_train,rural,processed/LoveDA/ssl_train_rgb/rural/672.png,loveda_m2a/Train/Rural/masks_png/672.png,97c0c6bbd4c888ad90c5641a750ce8a1ec80a414657800a9210554d936601c26
loveda_train_rural_673,probe_train,rural,processed/LoveDA/ssl_train_rgb/rural/673.png,loveda_m2a/Train/Rural/masks_png/673.png,ea3f2b435cdb1f5d28c944013f656e68fb4fa95b69761a5ab82d8f8f43762328
loveda_train_rural_674,probe_train,rural,processed/LoveDA/ssl_train_rgb/rural/674.png,loveda_m2a/Train/Rural/masks_png/674.png,4b2498b96bbe073a6ce9e6930ab709ee8e59883ce921d647d730e21ba6de1c89
loveda_train_rural_675,probe_train,rural,processed/LoveDA/ssl_train_rgb/rural/675.png,loveda_m2a/Train/Rural/masks_png/675.png,a668dc65ebdd9938125ac087450921030b92caec06404e4cd50ceebed9941954
loveda_train_rural_676,probe_train,rural,processed/LoveDA/ssl_train_rgb/rural/676.png,loveda_m2a/Train/Rural/masks_png/676.png,cb79aa115f4de3bc26a72cb6c6c21162817d63338410e47babfb3bb609e06359
loveda_train_rural_677,probe_train,rural,processed/LoveDA/ssl_train_rgb/rural/677.png,loveda_m2a/Train/Rural/masks_png/677.png,4c7e7e75add0ec805278209200e2e9bd6ad98568052336c2644aacb523b63d35
loveda_train_rural_678,probe_train,rural,processed/LoveDA/ssl_train_rgb/rural/678.png,loveda_m2a/Train/Rural/masks_png/678.png,f108fb6f43a706565955159678e70d8df2f90bdd79dc1ed5d593e1b77b87f563
loveda_train_rural_68,probe_train,rural,processed/LoveDA/ssl_train_rgb/rural/68.png,loveda_m2a/Train/Rural/masks_png/68.png,1d6bfed5714f0c6d8ad3a4ba5938d4c1e29ec811de27156bc40a2badd0c843ca
loveda_train_rural_680,probe_train,rural,processed/LoveDA/ssl_train_rgb/rural/680.png,loveda_m2a/Train/Rural/masks_png/680.png,70b1f64e0bc6878c6a1b84a0352f8548a1b42d86a453a8be44ff6364f5975091
loveda_train_rural_681,probe_train,rural,processed/LoveDA/ssl_train_rgb/rural/681.png,loveda_m2a/Train/Rural/masks_png/681.png,34badf3bf0c798200a3e33c567b912a90c68b6de38db5e4761576087ef6024f4
loveda_train_rural_682,probe_train,rural,processed/LoveDA/ssl_train_rgb/rural/682.png,loveda_m2a/Train/Rural/masks_png/682.png,b5cb4cddfed0e35a1c2d1db1cba8d34c0bade9fba3a3a24201aacb7bbc3c055c
loveda_train_rural_683,probe_train,rural,processed/LoveDA/ssl_train_rgb/rural/683.png,loveda_m2a/Train/Rural/masks_png/683.png,cb3a92f215c47aa39768d460d145c2e31334021ad28655732b03136a7024f907
loveda_train_rural_684,probe_train,rural,processed/LoveDA/ssl_train_rgb/rural/684.png,loveda_m2a/Train/Rural/masks_png/684.png,2f0c8ae7af8ff2b321bb4aca6a71e7c01f5abd0ada096c508f73db62cd48c97b
loveda_train_rural_685,probe_train,rural,processed/LoveDA/ssl_train_rgb/rural/685.png,loveda_m2a/Train/Rural/masks_png/685.png,f2663b3975ebf374062b8e13b3edf469cb7da39d914b808f9fef44b7c4358145
loveda_train_rural_687,probe_train,rural,processed/LoveDA/ssl_train_rgb/rural/687.png,loveda_m2a/Train/Rural/masks_png/687.png,13f2ba6b923b7336a6b89ed51c090081779607835bb6f01c3ae2144c49714dae
loveda_train_rural_688,probe_train,rural,processed/LoveDA/ssl_train_rgb/rural/688.png,loveda_m2a/Train/Rural/masks_png/688.png,b40b0ebc7cc773aed174262c26fd9aa2ea2df23d62a3dc0b2bc4a477287122f4
loveda_train_rural_689,probe_train,rural,processed/LoveDA/ssl_train_rgb/rural/689.png,loveda_m2a/Train/Rural/masks_png/689.png,9407d0df75a98805ccac4d12ef54d9d39c840c287985204a95ce968a1e15fe17
loveda_train_rural_69,probe_train,rural,processed/LoveDA/ssl_train_rgb/rural/69.png,loveda_m2a/Train/Rural/masks_png/69.png,72980623f413b2c98898b823b0c3170dd739425d884da3989ae122cc249ee666
loveda_train_rural_690,probe_train,rural,processed/LoveDA/ssl_train_rgb/rural/690.png,loveda_m2a/Train/Rural/masks_png/690.png,9022fc0bc8f88f920c730a540bf3ebf48870c3f5c1cfa2f20274c717b037b5de
loveda_train_rural_691,probe_train,rural,processed/LoveDA/ssl_train_rgb/rural/691.png,loveda_m2a/Train/Rural/masks_png/691.png,7656cb48299e739ee6d2f09cf51a97e5de9f3f3abf445a0651d0e757160d5bb7
loveda_train_rural_692,probe_train,rural,processed/LoveDA/ssl_train_rgb/rural/692.png,loveda_m2a/Train/Rural/masks_png/692.png,a7892d83af99f889c7088323fbd38154b11b45ddb6f6557c04e2a75aae37de04
loveda_train_rural_693,probe_train,rural,processed/LoveDA/ssl_train_rgb/rural/693.png,loveda_m2a/Train/Rural/masks_png/693.png,9df902af8b36c0d58c59549cda0ef0f7f75cdf80b5f99672162ae2d5af0978de
loveda_train_rural_694,probe_train,rural,processed/LoveDA/ssl_train_rgb/rural/694.png,loveda_m2a/Train/Rural/masks_png/694.png,9be81126a6820b97c73432b15880fd2cef84a1b9d35989eda5fdcdd4998a6c52
loveda_train_rural_695,probe_train,rural,processed/LoveDA/ssl_train_rgb/rural/695.png,loveda_m2a/Train/Rural/masks_png/695.png,140ec6373ecbc35dda148783ee6933072e76657901646cf9e5fd365847ae75c0
loveda_train_rural_696,probe_train,rural,processed/LoveDA/ssl_train_rgb/rural/696.png,loveda_m2a/Train/Rural/masks_png/696.png,7e5206ae2ce6b36feee9e9f92de60a1c25fb4ac68d545eee7a201590f6f3c9f0
loveda_train_rural_697,probe_train,rural,processed/LoveDA/ssl_train_rgb/rural/697.png,loveda_m2a/Train/Rural/masks_png/697.png,b2db51e632494fbc88e7a32dba252d586d077a897e2dc598a3af500e33b281d4
loveda_train_rural_698,probe_train,rural,processed/LoveDA/ssl_train_rgb/rural/698.png,loveda_m2a/Train/Rural/masks_png/698.png,3b793fd5a5d029c6e72e29bae2bb789a51e574668c83952661626691fa0d8c09
loveda_train_rural_699,probe_train,rural,processed/LoveDA/ssl_train_rgb/rural/699.png,loveda_m2a/Train/Rural/masks_png/699.png,11c468fbc03835ac74070cf80bfe08299fdbdf2796567051faed8ec3e448054e
loveda_train_rural_700,probe_train,rural,processed/LoveDA/ssl_train_rgb/rural/700.png,loveda_m2a/Train/Rural/masks_png/700.png,713978b1e2bb6c5db1a30117873755a5643b5eef53e5028fe4409cc1d8eb8e0d
loveda_train_rural_701,probe_train,rural,processed/LoveDA/ssl_train_rgb/rural/701.png,loveda_m2a/Train/Rural/masks_png/701.png,e9de661c40d4e65a8585c005c7017496eb7c2b52d82aa3b11edc48f59b3ce6a0
loveda_train_rural_702,probe_train,rural,processed/LoveDA/ssl_train_rgb/rural/702.png,loveda_m2a/Train/Rural/masks_png/702.png,320131c2fb328c8ef5f27d086cac04977b80da37d2935430f7d986d057d0320f
loveda_train_rural_703,probe_train,rural,processed/LoveDA/ssl_train_rgb/rural/703.png,loveda_m2a/Train/Rural/masks_png/703.png,6eb20580f6afbd05d523d145359c45a5c3a00b39f93cc665dab2a82f08d698da
loveda_train_rural_706,probe_train,rural,processed/LoveDA/ssl_train_rgb/rural/706.png,loveda_m2a/Train/Rural/masks_png/706.png,1c35c872b5f30766c2f5f3697ee184b0d8f89889dcdf78efb3322e2c46b7ce75
loveda_train_rural_708,probe_train,rural,processed/LoveDA/ssl_train_rgb/rural/708.png,loveda_m2a/Train/Rural/masks_png/708.png,629dc8e3863de7e731f952c58dfdb66b97d4c2fd6de098768d5cf01a6bbe468e
loveda_train_rural_709,probe_train,rural,processed/LoveDA/ssl_train_rgb/rural/709.png,loveda_m2a/Train/Rural/masks_png/709.png,c49d5ff31e71b8d68a0f25ba51ad114e5b5f50a3892bf6a729fc9b0adea7c6da
loveda_train_rural_710,probe_train,rural,processed/LoveDA/ssl_train_rgb/rural/710.png,loveda_m2a/Train/Rural/masks_png/710.png,4bdca935cd0db310343fd3b3c3fd0fcd5a66633f45b498886b0dc1d8a451b6d4
loveda_train_rural_711,probe_train,rural,processed/LoveDA/ssl_train_rgb/rural/711.png,loveda_m2a/Train/Rural/masks_png/711.png,7be02b33a0179a721039025a1e312ff511165c9bea39d6b8f8fdfcc09f92dfda
loveda_train_rural_712,probe_train,rural,processed/LoveDA/ssl_train_rgb/rural/712.png,loveda_m2a/Train/Rural/masks_png/712.png,ab7c856ba970a418b82985df3cab2f8765f23ab9ff6ae8ae94dcc4d40844f9dd
loveda_train_rural_713,probe_train,rural,processed/LoveDA/ssl_train_rgb/rural/713.png,loveda_m2a/Train/Rural/masks_png/713.png,93769c16f456f93e0113885f2813d56c49f9c426e6378005ef7b2078f942143a
loveda_train_rural_714,probe_train,rural,processed/LoveDA/ssl_train_rgb/rural/714.png,loveda_m2a/Train/Rural/masks_png/714.png,14f7310d606d215718cbe4ef02115e4636e2a4bf7b727cc431a3afd49574f03f
loveda_train_rural_716,probe_train,rural,processed/LoveDA/ssl_train_rgb/rural/716.png,loveda_m2a/Train/Rural/masks_png/716.png,e587b4bebf7195ace7bff1b5722ab50ffc4bb196c1c62610d0507310b9704cec
loveda_train_rural_717,probe_train,rural,processed/LoveDA/ssl_train_rgb/rural/717.png,loveda_m2a/Train/Rural/masks_png/717.png,1323a944ccb9690104b0e94598222be232a229b20395b3204c30d4edae67fe1f
loveda_train_rural_718,probe_train,rural,processed/LoveDA/ssl_train_rgb/rural/718.png,loveda_m2a/Train/Rural/masks_png/718.png,0553db91832d5eb99e1a923622a150ee0bf9b150d4f93161696bd560b4fd8e90
loveda_train_rural_719,probe_train,rural,processed/LoveDA/ssl_train_rgb/rural/719.png,loveda_m2a/Train/Rural/masks_png/719.png,1c656b26b706a8febe9628d672291159c0a9921af06af97365135fa44d660045
loveda_train_rural_72,probe_train,rural,processed/LoveDA/ssl_train_rgb/rural/72.png,loveda_m2a/Train/Rural/masks_png/72.png,20fdc700a5f5f334ad38db88ef63a47ae5bdb29fa481278648b76ca243ccf375
loveda_train_rural_720,probe_train,rural,processed/LoveDA/ssl_train_rgb/rural/720.png,loveda_m2a/Train/Rural/masks_png/720.png,b6c9e0fee585ad4f33c28eae9ab3e782a4d47e46066ff6555fcf179c735d9b7c
loveda_train_rural_721,probe_train,rural,processed/LoveDA/ssl_train_rgb/rural/721.png,loveda_m2a/Train/Rural/masks_png/721.png,958ff40c8a4f7c1eb4c70936651b61306c6329ffd342897e3bc3a499cff0fa9a
loveda_train_rural_722,probe_train,rural,processed/LoveDA/ssl_train_rgb/rural/722.png,loveda_m2a/Train/Rural/masks_png/722.png,de600823af8c8b790837ae7b90406cf42cfaef9c2ae32675b52fecf20b349f61
loveda_train_rural_723,probe_train,rural,processed/LoveDA/ssl_train_rgb/rural/723.png,loveda_m2a/Train/Rural/masks_png/723.png,f459ef0edf6ecccc5193d12ad70012a96b9afd98dc034c57144c1bd74de3591f
loveda_train_rural_724,probe_train,rural,processed/LoveDA/ssl_train_rgb/rural/724.png,loveda_m2a/Train/Rural/masks_png/724.png,b84d9f23d92ad5254552bc5f8dc2e9ff9c66e5f94ee7f74ebe87864d3c66dd05
loveda_train_rural_725,probe_train,rural,processed/LoveDA/ssl_train_rgb/rural/725.png,loveda_m2a/Train/Rural/masks_png/725.png,e36dd4e7d213f0c3297942d0f777374a9bfd15c2525534d8743b465a78253a82
loveda_train_rural_726,probe_train,rural,processed/LoveDA/ssl_train_rgb/rural/726.png,loveda_m2a/Train/Rural/masks_png/726.png,3b2f63cd52c91946703da9de447b3f35d35234ad3c09704dc8b9841b80c99524
loveda_train_rural_727,probe_train,rural,processed/LoveDA/ssl_train_rgb/rural/727.png,loveda_m2a/Train/Rural/masks_png/727.png,7d939ee41d2ca0d180ffd5d0b781c09fb8a7565a3703831d8e8b2ef9651da9f5
loveda_train_rural_728,probe_train,rural,processed/LoveDA/ssl_train_rgb/rural/728.png,loveda_m2a/Train/Rural/masks_png/728.png,79bdb87fc1be3c1248e1d9cc1f2177673694a03167c6789082850c4bcd478157
loveda_train_rural_729,probe_train,rural,processed/LoveDA/ssl_train_rgb/rural/729.png,loveda_m2a/Train/Rural/masks_png/729.png,8c31264e385a7805a92a9d02593a6e8770ed7e9a96d856d83671cf0b6a447e76
loveda_train_rural_73,probe_train,rural,processed/LoveDA/ssl_train_rgb/rural/73.png,loveda_m2a/Train/Rural/masks_png/73.png,cb384fdcc5fa99ff3612702e611753d1c5dbc5e8b52454fc6978f2fbf460401d
loveda_train_rural_730,probe_train,rural,processed/LoveDA/ssl_train_rgb/rural/730.png,loveda_m2a/Train/Rural/masks_png/730.png,2911657c844bdb89a60024a0b72cb7ca89be17269b9d3a85b7a86fecca633aac
loveda_train_rural_731,probe_train,rural,processed/LoveDA/ssl_train_rgb/rural/731.png,loveda_m2a/Train/Rural/masks_png/731.png,977659b9b6ef22f53d3789eb4a719b728b1965d29db89541776d74d705d2d26e
loveda_train_rural_732,probe_train,rural,processed/LoveDA/ssl_train_rgb/rural/732.png,loveda_m2a/Train/Rural/masks_png/732.png,7c9f6a0f2d85f25c18df9e3846fda9204ecd57eff47e834258362a1c6c8f8508
loveda_train_rural_733,probe_train,rural,processed/LoveDA/ssl_train_rgb/rural/733.png,loveda_m2a/Train/Rural/masks_png/733.png,a071cfca1a9303d6e2897777e6d7837defcc2a4968f5806b6765ded787848940
loveda_train_rural_734,probe_train,rural,processed/LoveDA/ssl_train_rgb/rural/734.png,loveda_m2a/Train/Rural/masks_png/734.png,c833688a5e5034ac3b244958ab54b76cfcf932f40bbe812a2dfb6dbfa988fd78
loveda_train_rural_735,probe_train,rural,processed/LoveDA/ssl_train_rgb/rural/735.png,loveda_m2a/Train/Rural/masks_png/735.png,67ca3ebeb6707f4fd4b81f49d8295de57bdb7eb79fc9708fbff2007f672f1d3c
loveda_train_rural_736,probe_train,rural,processed/LoveDA/ssl_train_rgb/rural/736.png,loveda_m2a/Train/Rural/masks_png/736.png,fae1ec2fd660daae411960fdabd2247abd8ea940198857ea41e7364056f2eab0
loveda_train_rural_737,probe_train,rural,processed/LoveDA/ssl_train_rgb/rural/737.png,loveda_m2a/Train/Rural/masks_png/737.png,a874db734da8ba4aae37bc3b5e71271a75adc3e776f228cf91b468b33946c246
loveda_train_rural_738,probe_train,rural,processed/LoveDA/ssl_train_rgb/rural/738.png,loveda_m2a/Train/Rural/masks_png/738.png,8ad7eb5af0f0b44dfc88824ed91a785aa865ce33bbaed01e4e0ba7538dbd3cb0
loveda_train_rural_739,probe_train,rural,processed/LoveDA/ssl_train_rgb/rural/739.png,loveda_m2a/Train/Rural/masks_png/739.png,25303f59f31c2f142eb091903cb8acb56228b50ec1fcd193ca22b2efd33e572a
loveda_train_rural_74,probe_train,rural,processed/LoveDA/ssl_train_rgb/rural/74.png,loveda_m2a/Train/Rural/masks_png/74.png,c1ff926be47c69480ff5ff18dbbd891a8e66774c313279b3608100a7a46274f1
loveda_train_rural_740,probe_train,rural,processed/LoveDA/ssl_train_rgb/rural/740.png,loveda_m2a/Train/Rural/masks_png/740.png,400f66e95015003b790201ff86e594f1767faf8e164b6d1a9fca0bbfed69eb4f
loveda_train_rural_741,probe_train,rural,processed/LoveDA/ssl_train_rgb/rural/741.png,loveda_m2a/Train/Rural/masks_png/741.png,7e46666f4e1a184e1a844c66270d2e17170f5d21d01e7a63e2bf24efd30ce3a7
loveda_train_rural_742,probe_train,rural,processed/LoveDA/ssl_train_rgb/rural/742.png,loveda_m2a/Train/Rural/masks_png/742.png,58def4c4e50440d242c9d1b84135f547cb501c6f4020e2fabd0497f1cec1e939
loveda_train_rural_743,probe_train,rural,processed/LoveDA/ssl_train_rgb/rural/743.png,loveda_m2a/Train/Rural/masks_png/743.png,69713f1a84e027c12731caa98d26222184a67264fd544dea22272ad64ba7a58d
loveda_train_rural_744,probe_train,rural,processed/LoveDA/ssl_train_rgb/rural/744.png,loveda_m2a/Train/Rural/masks_png/744.png,59255fd5e6984c4eb0e7235a6ef13807bcf96d788541923bf17d147cbc638a98
loveda_train_rural_745,probe_train,rural,processed/LoveDA/ssl_train_rgb/rural/745.png,loveda_m2a/Train/Rural/masks_png/745.png,6b4ea0845312776c9ae577f26ff3d9f60da10ea5204917818a4fd0537b2e4103
loveda_train_rural_747,probe_train,rural,processed/LoveDA/ssl_train_rgb/rural/747.png,loveda_m2a/Train/Rural/masks_png/747.png,940547845bc089d0325c9e41f5982ad3e5ebdba01a7814223affe93c44306d57
loveda_train_rural_748,probe_train,rural,processed/LoveDA/ssl_train_rgb/rural/748.png,loveda_m2a/Train/Rural/masks_png/748.png,8028eaf6e5a07afa06cbe0a2eb800a8243ffc32d507b53d468ea73add2a61cef
loveda_train_rural_749,probe_train,rural,processed/LoveDA/ssl_train_rgb/rural/749.png,loveda_m2a/Train/Rural/masks_png/749.png,a8bc1f91c819adce72a38c135a6d7c18753ecfe1552174f0b20b6db606cbe565
loveda_train_rural_75,probe_train,rural,processed/LoveDA/ssl_train_rgb/rural/75.png,loveda_m2a/Train/Rural/masks_png/75.png,342ee3423c6e4483d1d31037e02d8db10dae69214e8bde10d87a05fe821177a5
loveda_train_rural_751,probe_train,rural,processed/LoveDA/ssl_train_rgb/rural/751.png,loveda_m2a/Train/Rural/masks_png/751.png,7b7c4ae265ffa505c9966ee8d6281b5170c7765f1d16d4b85b6666a9ef1f7181
loveda_train_rural_752,probe_train,rural,processed/LoveDA/ssl_train_rgb/rural/752.png,loveda_m2a/Train/Rural/masks_png/752.png,c0bb51c4812a7f8d423bba604cda9aea63d5ac493a603274450c6ea1c653dace
loveda_train_rural_754,probe_train,rural,processed/LoveDA/ssl_train_rgb/rural/754.png,loveda_m2a/Train/Rural/masks_png/754.png,0fa15e734ac4ce72384ea2ee51994e648704ddc126e0f5a4defb00119a24c2f9
loveda_train_rural_755,probe_train,rural,processed/LoveDA/ssl_train_rgb/rural/755.png,loveda_m2a/Train/Rural/masks_png/755.png,df8d844524d630bb6d6cb0fbd22f22dae529296eee13ecc40af36b1ea29a96ee
loveda_train_rural_756,probe_train,rural,processed/LoveDA/ssl_train_rgb/rural/756.png,loveda_m2a/Train/Rural/masks_png/756.png,b44418a9252bb2f8f111d9dfeb018bd00af7782fc20504d9eabc910f4e820820
loveda_train_rural_757,probe_train,rural,processed/LoveDA/ssl_train_rgb/rural/757.png,loveda_m2a/Train/Rural/masks_png/757.png,94a5a742829733f1e12062fd0734f78309e7249bb247d0220bcbf1c140fba5e7
loveda_train_rural_758,probe_train,rural,processed/LoveDA/ssl_train_rgb/rural/758.png,loveda_m2a/Train/Rural/masks_png/758.png,ba9e154024fbe689efc9f1e4c155dcb5de3e3442024f7e760a16da28782e8ea8
loveda_train_rural_759,probe_train,rural,processed/LoveDA/ssl_train_rgb/rural/759.png,loveda_m2a/Train/Rural/masks_png/759.png,8bd8d3704a378ccd8167d406259206b03116239189d7bd5406ebbcaddb637df8
loveda_train_rural_76,probe_train,rural,processed/LoveDA/ssl_train_rgb/rural/76.png,loveda_m2a/Train/Rural/masks_png/76.png,d565ae2206393e1361f32779de72b53e4a8ba60486d3197958fe04b83e64e736
loveda_train_rural_760,probe_train,rural,processed/LoveDA/ssl_train_rgb/rural/760.png,loveda_m2a/Train/Rural/masks_png/760.png,aa9e7928096985458032603765a8806830cc7fd95f85eec6d5f8d7a91005b032
loveda_train_rural_761,probe_train,rural,processed/LoveDA/ssl_train_rgb/rural/761.png,loveda_m2a/Train/Rural/masks_png/761.png,c14e39dba1358d9b421753c83a1214debc3e5a1f4f8304016e987d2b98414403
loveda_train_rural_762,probe_train,rural,processed/LoveDA/ssl_train_rgb/rural/762.png,loveda_m2a/Train/Rural/masks_png/762.png,d583cb57d8f8c163f4a00c5f706b6f4ce9e242b0f325148f8a36833eb21fc548
loveda_train_rural_763,probe_train,rural,processed/LoveDA/ssl_train_rgb/rural/763.png,loveda_m2a/Train/Rural/masks_png/763.png,e75007854be514400efa7c51515da865943ab84929041806a81ee4a50c890ca7
loveda_train_rural_764,probe_train,rural,processed/LoveDA/ssl_train_rgb/rural/764.png,loveda_m2a/Train/Rural/masks_png/764.png,2f27f2904f03212ce487d1a950558ed26856a1b7de997e4cb857b7996da27140
loveda_train_rural_765,probe_train,rural,processed/LoveDA/ssl_train_rgb/rural/765.png,loveda_m2a/Train/Rural/masks_png/765.png,74d1574d361a0f9bf17621f2597e1c93e26318bac5e2012abad99cd1a297f4ca
loveda_train_rural_766,probe_train,rural,processed/LoveDA/ssl_train_rgb/rural/766.png,loveda_m2a/Train/Rural/masks_png/766.png,c2d91a3b788f73dd2c8682097179fe9d79f44ab7b44b9b03eadec8af381bf112
loveda_train_rural_767,probe_train,rural,processed/LoveDA/ssl_train_rgb/rural/767.png,loveda_m2a/Train/Rural/masks_png/767.png,31cf899263b58682df7a57837379a6cd7967f2b2b3ee584a7d5ad3a6fc73f3c3
loveda_train_rural_769,probe_train,rural,processed/LoveDA/ssl_train_rgb/rural/769.png,loveda_m2a/Train/Rural/masks_png/769.png,08d37f072686e3460f6578b57bfcaf75e5e61ed00bcbb13c53ec826024729a8a
loveda_train_rural_77,probe_train,rural,processed/LoveDA/ssl_train_rgb/rural/77.png,loveda_m2a/Train/Rural/masks_png/77.png,14b4e6cd6c36e661afe90793e0ac7555cb84ee680bab16fcdbba1fb8a45ee11d
loveda_train_rural_770,probe_train,rural,processed/LoveDA/ssl_train_rgb/rural/770.png,loveda_m2a/Train/Rural/masks_png/770.png,6a0e78676037b61e518ea4206d169edd342899f534248b6d81284c8a49af7f4d
loveda_train_rural_771,probe_train,rural,processed/LoveDA/ssl_train_rgb/rural/771.png,loveda_m2a/Train/Rural/masks_png/771.png,7973f488ca310b2a8db8a1d14d7485ce0c99c10413cd7cbd41b973d3ac44eb0e
loveda_train_rural_772,probe_train,rural,processed/LoveDA/ssl_train_rgb/rural/772.png,loveda_m2a/Train/Rural/masks_png/772.png,27601ca1d3307ad81154e710d1381c314ab902773efd54a78be770562b133af7
loveda_train_rural_773,probe_train,rural,processed/LoveDA/ssl_train_rgb/rural/773.png,loveda_m2a/Train/Rural/masks_png/773.png,a12fbb5899c78a8792d5a0433db3e2c611856850847ee61defa4958080ef465d
loveda_train_rural_774,probe_train,rural,processed/LoveDA/ssl_train_rgb/rural/774.png,loveda_m2a/Train/Rural/masks_png/774.png,712d568a1b7092072b04dee7f405a27a124fc06fc2405f46f017db7eb89fdb5b
loveda_train_rural_775,probe_train,rural,processed/LoveDA/ssl_train_rgb/rural/775.png,loveda_m2a/Train/Rural/masks_png/775.png,dfdcab9abfe8698c5706948070e492c461ca82677c6129f80d8753db03074e21
loveda_train_rural_776,probe_train,rural,processed/LoveDA/ssl_train_rgb/rural/776.png,loveda_m2a/Train/Rural/masks_png/776.png,e381f775d3d4622dfb25c7c132fdaba2b43d0282a58c30165b76888d98db8b24
loveda_train_rural_777,probe_train,rural,processed/LoveDA/ssl_train_rgb/rural/777.png,loveda_m2a/Train/Rural/masks_png/777.png,bbccb23de9c57b354f3f738d6103b2f39b274a1ad687d39885c4124618e7d3f6
loveda_train_rural_778,probe_train,rural,processed/LoveDA/ssl_train_rgb/rural/778.png,loveda_m2a/Train/Rural/masks_png/778.png,a4902e2cc4f4bab36135657271f6fdca8d0e70c4a7fb2d702de9b911edf27462
loveda_train_rural_78,probe_train,rural,processed/LoveDA/ssl_train_rgb/rural/78.png,loveda_m2a/Train/Rural/masks_png/78.png,d09490da1976fd1a04057b5ddc3ee1996303a7bfcbbdf3313cd6221b0dcdfe13
loveda_train_rural_780,probe_train,rural,processed/LoveDA/ssl_train_rgb/rural/780.png,loveda_m2a/Train/Rural/masks_png/780.png,f4b88a12b21f0a98153610d23b1d2fd57881727b01fb89748fb16c33947309c6
loveda_train_rural_781,probe_train,rural,processed/LoveDA/ssl_train_rgb/rural/781.png,loveda_m2a/Train/Rural/masks_png/781.png,b67fe404cc5413d226fd16dc478c4a836c6f9765ad40bdf0c34b097242723224
loveda_train_rural_782,probe_train,rural,processed/LoveDA/ssl_train_rgb/rural/782.png,loveda_m2a/Train/Rural/masks_png/782.png,4e1ca5a802973a4e26099c6f1d32e11ce1bf4e4994b945704c00214ae4af339f
loveda_train_rural_783,probe_train,rural,processed/LoveDA/ssl_train_rgb/rural/783.png,loveda_m2a/Train/Rural/masks_png/783.png,573eec53f310936b0e31c5ed0bf69004f068138f0f36baf59954967a6a9ecb49
loveda_train_rural_785,probe_train,rural,processed/LoveDA/ssl_train_rgb/rural/785.png,loveda_m2a/Train/Rural/masks_png/785.png,90649d9355bcf806247849d0f1859c657647af046412fa0a5b28d4c98ab70fcc
loveda_train_rural_786,probe_train,rural,processed/LoveDA/ssl_train_rgb/rural/786.png,loveda_m2a/Train/Rural/masks_png/786.png,c72c468a60086fa7091033cff0bf6e0cbb82dc2dae2a988fbcf9f2625c472120
loveda_train_rural_788,probe_train,rural,processed/LoveDA/ssl_train_rgb/rural/788.png,loveda_m2a/Train/Rural/masks_png/788.png,bd0b534c379fa771e0889c3dcadc1b64c2d84d82501042d37edc4ab882248ed7
loveda_train_rural_789,probe_train,rural,processed/LoveDA/ssl_train_rgb/rural/789.png,loveda_m2a/Train/Rural/masks_png/789.png,a2637e6f4c952b6a2f87c88d81f6feab57d183eaac22e27212bbc83e760f2a70
loveda_train_rural_79,probe_train,rural,processed/LoveDA/ssl_train_rgb/rural/79.png,loveda_m2a/Train/Rural/masks_png/79.png,5042895310c935f33043ba23a044c72d137d698bfeec643ef0aa8a69c967410d
loveda_train_rural_790,probe_train,rural,processed/LoveDA/ssl_train_rgb/rural/790.png,loveda_m2a/Train/Rural/masks_png/790.png,c0819a30b332f5d0b862d361bfa9b18d07189843acb5647074ae22d9d1205c83
loveda_train_rural_791,probe_train,rural,processed/LoveDA/ssl_train_rgb/rural/791.png,loveda_m2a/Train/Rural/masks_png/791.png,d81a59f98f8dfdcdd78e8ff325d3db84a351302be8fd9ff9139f62353e449b12
loveda_train_rural_792,probe_train,rural,processed/LoveDA/ssl_train_rgb/rural/792.png,loveda_m2a/Train/Rural/masks_png/792.png,c7987440d2168221021140798372cd907b8b7ad7c3e050bcd2188270c1e3a26c
loveda_train_rural_795,probe_train,rural,processed/LoveDA/ssl_train_rgb/rural/795.png,loveda_m2a/Train/Rural/masks_png/795.png,5d584fd5657c77b80de2ad929f1857b499895106df36f579f1907d7db5a67565
loveda_train_rural_796,probe_train,rural,processed/LoveDA/ssl_train_rgb/rural/796.png,loveda_m2a/Train/Rural/masks_png/796.png,46aa700b662aecb5bc9833f8b688f6640779b4c50d5fdba9ef410a1e18122960
loveda_train_rural_797,probe_train,rural,processed/LoveDA/ssl_train_rgb/rural/797.png,loveda_m2a/Train/Rural/masks_png/797.png,f5b801b607bbee03ed88729781860515a702d00b516422fdaedb515393ab0588
loveda_train_rural_798,probe_train,rural,processed/LoveDA/ssl_train_rgb/rural/798.png,loveda_m2a/Train/Rural/masks_png/798.png,1f1f776ed8315f0465ba91e99f88bb925fe7c777d7091a040f398dd339e8b583
loveda_train_rural_799,probe_train,rural,processed/LoveDA/ssl_train_rgb/rural/799.png,loveda_m2a/Train/Rural/masks_png/799.png,5bf92fa671355fdc2f85d32ace69ecf992178d536d69a9f832e6ddd289585205
loveda_train_rural_8,probe_train,rural,processed/LoveDA/ssl_train_rgb/rural/8.png,loveda_m2a/Train/Rural/masks_png/8.png,cf5bb1d07fb4e35611bd3ec8fb9aedda2bda5188616433650a7d657ab0636f17
loveda_train_rural_80,probe_train,rural,processed/LoveDA/ssl_train_rgb/rural/80.png,loveda_m2a/Train/Rural/masks_png/80.png,119e8fe191399993bf81299e202b8ab765f1f91459c93cba3a39ceaf3ac5334b
loveda_train_rural_800,probe_train,rural,processed/LoveDA/ssl_train_rgb/rural/800.png,loveda_m2a/Train/Rural/masks_png/800.png,09324fddbdec3b41cfcbb5afad099245e46c384e3ed1ccf82c5f6272f9e59d2e
loveda_train_rural_801,probe_train,rural,processed/LoveDA/ssl_train_rgb/rural/801.png,loveda_m2a/Train/Rural/masks_png/801.png,526b67ae7148852e19736981da992b0341925af261d5b5026ea9cbe10b5916d3
loveda_train_rural_802,probe_train,rural,processed/LoveDA/ssl_train_rgb/rural/802.png,loveda_m2a/Train/Rural/masks_png/802.png,61721634bf3fda74ca68bcf0754967747540d9040e4afd0ce8e23d63c6cb9309
loveda_train_rural_804,probe_train,rural,processed/LoveDA/ssl_train_rgb/rural/804.png,loveda_m2a/Train/Rural/masks_png/804.png,6109f392ddcedabd1fc242b59dcda81d2a1b2fa9ef56e71bb36de5b4a38028a2
loveda_train_rural_805,probe_train,rural,processed/LoveDA/ssl_train_rgb/rural/805.png,loveda_m2a/Train/Rural/masks_png/805.png,902ca036cd786693e6e0db5c3730a53c56a0e83efe2db1146c8540ee0ea35ac5
loveda_train_rural_806,probe_train,rural,processed/LoveDA/ssl_train_rgb/rural/806.png,loveda_m2a/Train/Rural/masks_png/806.png,68c12d9f82e8dc759c3cd2cf88e15ebcfda6a374fa92a5e4be762abe3716177a
loveda_train_rural_807,probe_train,rural,processed/LoveDA/ssl_train_rgb/rural/807.png,loveda_m2a/Train/Rural/masks_png/807.png,7a8a41f9f46479f3bd518ad2380d143b308fded8420f62ef8a87c68b83be87d1
loveda_train_rural_809,probe_train,rural,processed/LoveDA/ssl_train_rgb/rural/809.png,loveda_m2a/Train/Rural/masks_png/809.png,c461304dfae50d72567ca13a66954b3382cee58dc01b296524dddcdcc512f537
loveda_train_rural_81,probe_train,rural,processed/LoveDA/ssl_train_rgb/rural/81.png,loveda_m2a/Train/Rural/masks_png/81.png,c506f37dcdb81a6289ace0d0477e8c40acd24705bf5999204eb9003b274ba0c1
loveda_train_rural_810,probe_train,rural,processed/LoveDA/ssl_train_rgb/rural/810.png,loveda_m2a/Train/Rural/masks_png/810.png,bb1de077781bf4398a4205a9ee6535ff78a61897f8d3932a97e6032bbf630763
loveda_train_rural_811,probe_train,rural,processed/LoveDA/ssl_train_rgb/rural/811.png,loveda_m2a/Train/Rural/masks_png/811.png,e304ffbe0e48708243df25c24414bd2f0c8d77b1c1efc94751e075f9cc793a45
loveda_train_rural_812,probe_train,rural,processed/LoveDA/ssl_train_rgb/rural/812.png,loveda_m2a/Train/Rural/masks_png/812.png,0832ac786a1506cb9289db0374d93e4aa5f83b739c3b4e86aa5c5ea6622dd698
loveda_train_rural_813,probe_train,rural,processed/LoveDA/ssl_train_rgb/rural/813.png,loveda_m2a/Train/Rural/masks_png/813.png,9b8841740f02a7882791693cf7fe86ec0eb2da592843e95392d0e2f30e09c420
loveda_train_rural_815,probe_train,rural,processed/LoveDA/ssl_train_rgb/rural/815.png,loveda_m2a/Train/Rural/masks_png/815.png,77c3aa771120909a37da98d26da1763ab4b55fd984f874fc3b681d50bd487d56
loveda_train_rural_816,probe_train,rural,processed/LoveDA/ssl_train_rgb/rural/816.png,loveda_m2a/Train/Rural/masks_png/816.png,a92559a95ea6e4494c763fa6fc354baa68a242113b3fcb690b2152a9e0ea669b
loveda_train_rural_817,probe_train,rural,processed/LoveDA/ssl_train_rgb/rural/817.png,loveda_m2a/Train/Rural/masks_png/817.png,b5e41a9e8f169008b180adcda91e985ac4623363a1faf52a62bc184f22976fb8
loveda_train_rural_818,probe_train,rural,processed/LoveDA/ssl_train_rgb/rural/818.png,loveda_m2a/Train/Rural/masks_png/818.png,9d3fbee0f5a39da673cef8b3892a93bbf32d9238e7c80232f13961bd5787270b
loveda_train_rural_819,probe_train,rural,processed/LoveDA/ssl_train_rgb/rural/819.png,loveda_m2a/Train/Rural/masks_png/819.png,3815903bef67621335035ac0db561d689d73ffbb87a0cdf66e63b97ea249e2c8
loveda_train_rural_82,probe_train,rural,processed/LoveDA/ssl_train_rgb/rural/82.png,loveda_m2a/Train/Rural/masks_png/82.png,6c606ca348919b2c0d5253c971b8efb6f08a43d6d3716aa945cf6c9ab07f3c78
loveda_train_rural_820,probe_train,rural,processed/LoveDA/ssl_train_rgb/rural/820.png,loveda_m2a/Train/Rural/masks_png/820.png,7ee09a5fcefcc9978f3bf0a605b3db3cbaa664979868cc0cc7651676a31fd8fe
loveda_train_rural_821,probe_train,rural,processed/LoveDA/ssl_train_rgb/rural/821.png,loveda_m2a/Train/Rural/masks_png/821.png,17729a7cba63b461ab25351783ccbf1ccfa35bc6f2dff5bf735f35b27ccfe10e
loveda_train_rural_822,probe_train,rural,processed/LoveDA/ssl_train_rgb/rural/822.png,loveda_m2a/Train/Rural/masks_png/822.png,a3a783cb9d705cf616c0106b48822d31dbf6275f9cdc3af6b3fd6f269d266d2b
loveda_train_rural_823,probe_train,rural,processed/LoveDA/ssl_train_rgb/rural/823.png,loveda_m2a/Train/Rural/masks_png/823.png,33d1fe933acf1d3b3f9c6990155d20c8a94197e4790fa103eed8545cb9855eac
loveda_train_rural_825,probe_train,rural,processed/LoveDA/ssl_train_rgb/rural/825.png,loveda_m2a/Train/Rural/masks_png/825.png,e7c7229cbcc79e65baffd78dc238bf82f483c544b24f4f7fb5f29b75e8323de6
loveda_train_rural_826,probe_train,rural,processed/LoveDA/ssl_train_rgb/rural/826.png,loveda_m2a/Train/Rural/masks_png/826.png,edb3d1b6a2f278d13f175240a065c0a2df74e16ab2aaf97de2a0255253bbdd13
loveda_train_rural_828,probe_train,rural,processed/LoveDA/ssl_train_rgb/rural/828.png,loveda_m2a/Train/Rural/masks_png/828.png,325041c9cc4009668b3694a52d0f305ab1119a60278bb8250475e26a1b471cef
loveda_train_rural_829,probe_train,rural,processed/LoveDA/ssl_train_rgb/rural/829.png,loveda_m2a/Train/Rural/masks_png/829.png,94d65c34e8eb440c2dcc9942216a2faa2c6635eae7eee4d45427474b4b61a6d8
loveda_train_rural_83,probe_train,rural,processed/LoveDA/ssl_train_rgb/rural/83.png,loveda_m2a/Train/Rural/masks_png/83.png,f50863cd759bc852bc86c32e531207c5f738bef2baeec2877a0f7f5880cfef76
loveda_train_rural_830,probe_train,rural,processed/LoveDA/ssl_train_rgb/rural/830.png,loveda_m2a/Train/Rural/masks_png/830.png,7d9c79ca784e96ef810944966ed86648d760b36a5109620b7f8b639a383c3617
loveda_train_rural_831,probe_train,rural,processed/LoveDA/ssl_train_rgb/rural/831.png,loveda_m2a/Train/Rural/masks_png/831.png,73948b419d6c06d7296b0195fc0bc54db49abbf96ebfa4f9f97bbb4ce4a726aa
loveda_train_rural_833,probe_train,rural,processed/LoveDA/ssl_train_rgb/rural/833.png,loveda_m2a/Train/Rural/masks_png/833.png,162125d940e1566384c065b7dd326796becf292a77033317f171f1e1a05c5e7c
loveda_train_rural_836,probe_train,rural,processed/LoveDA/ssl_train_rgb/rural/836.png,loveda_m2a/Train/Rural/masks_png/836.png,c5636009d75df2e75c089fd9ab71db2f127bc54b3f991ce8a3cb4ccc95a7910b
loveda_train_rural_837,probe_train,rural,processed/LoveDA/ssl_train_rgb/rural/837.png,loveda_m2a/Train/Rural/masks_png/837.png,8dd581e9aa7175ce27ee2eedd3be19eb5172d547eae7f100fb97415d721334f2
loveda_train_rural_838,probe_train,rural,processed/LoveDA/ssl_train_rgb/rural/838.png,loveda_m2a/Train/Rural/masks_png/838.png,3859cb3df5280eae794f897de52d220b985827cc65e8ddea6914acfb91134735
loveda_train_rural_84,probe_train,rural,processed/LoveDA/ssl_train_rgb/rural/84.png,loveda_m2a/Train/Rural/masks_png/84.png,2b4abc54e9203c83a3733b97d178a1b593858f81ad75e33ca264521b98af2611
loveda_train_rural_840,probe_train,rural,processed/LoveDA/ssl_train_rgb/rural/840.png,loveda_m2a/Train/Rural/masks_png/840.png,23ae735057eda11026726df5efcda4b8bf7b0a4e4d934fd36b3b7387ec4ccbca
loveda_train_rural_842,probe_train,rural,processed/LoveDA/ssl_train_rgb/rural/842.png,loveda_m2a/Train/Rural/masks_png/842.png,75bd16fba3752159dbf50e3524b1cc6367c19097f0ba4c64287922c966bad944
loveda_train_rural_843,probe_train,rural,processed/LoveDA/ssl_train_rgb/rural/843.png,loveda_m2a/Train/Rural/masks_png/843.png,4499e1a6b26e67bd0b559c65ca751a4dd29e6af15d7d31e9b0103c9b961a7f62
loveda_train_rural_846,probe_train,rural,processed/LoveDA/ssl_train_rgb/rural/846.png,loveda_m2a/Train/Rural/masks_png/846.png,50c3854a278b86c011c18d38e9cf3728b436280d357d869a90b73ab7ae746a67
loveda_train_rural_848,probe_train,rural,processed/LoveDA/ssl_train_rgb/rural/848.png,loveda_m2a/Train/Rural/masks_png/848.png,9849a90bb32d057e815d805fdcdb57ede6d20373ba3474d304421328ac2e087f
loveda_train_rural_849,probe_train,rural,processed/LoveDA/ssl_train_rgb/rural/849.png,loveda_m2a/Train/Rural/masks_png/849.png,b919ff1a31ed39d9289ca7d6b8ddf0f460abea99b977ab5283798c469fbd1e09
loveda_train_rural_85,probe_train,rural,processed/LoveDA/ssl_train_rgb/rural/85.png,loveda_m2a/Train/Rural/masks_png/85.png,71fa6b063e51021ab3e92f10291f9ceeeff513cda834bc3c5464a1e50a062cbf
loveda_train_rural_850,probe_train,rural,processed/LoveDA/ssl_train_rgb/rural/850.png,loveda_m2a/Train/Rural/masks_png/850.png,81d973c516efd70db2f3794129212770b4c416e27dcd8888ed0188a913a068de
loveda_train_rural_851,probe_train,rural,processed/LoveDA/ssl_train_rgb/rural/851.png,loveda_m2a/Train/Rural/masks_png/851.png,84f634586eed5a612667e9af609f6779262f2c8a74f3056b0c42730865ddeef7
loveda_train_rural_852,probe_train,rural,processed/LoveDA/ssl_train_rgb/rural/852.png,loveda_m2a/Train/Rural/masks_png/852.png,a57622b1d130bdfede7fe8d613794641b823981967340522b0a7f0d0ecba28b0
loveda_train_rural_853,probe_train,rural,processed/LoveDA/ssl_train_rgb/rural/853.png,loveda_m2a/Train/Rural/masks_png/853.png,1fb23fad1e2e70e0b24d9eae32289d95d6b5010730bda19dbcfce92be12a0607
loveda_train_rural_854,probe_train,rural,processed/LoveDA/ssl_train_rgb/rural/854.png,loveda_m2a/Train/Rural/masks_png/854.png,cb12d937ab8cea973db7a5b2bb187d1804fde40db888e07894cb4db198d0582e
loveda_train_rural_855,probe_train,rural,processed/LoveDA/ssl_train_rgb/rural/855.png,loveda_m2a/Train/Rural/masks_png/855.png,487c96ff7c25f352d453603b8cb244a9441620752484d4f7d1f461254e8d4204
loveda_train_rural_856,probe_train,rural,processed/LoveDA/ssl_train_rgb/rural/856.png,loveda_m2a/Train/Rural/masks_png/856.png,0933b2ac538d9714cc783f57eae2937c5fa7a98d1a57722f4927b4e2e8e3ac19
loveda_train_rural_858,probe_train,rural,processed/LoveDA/ssl_train_rgb/rural/858.png,loveda_m2a/Train/Rural/masks_png/858.png,745e151aca2534108887cb2cb9c0b1acde30237b72052539c7aff2eb06edfccd
loveda_train_rural_860,probe_train,rural,processed/LoveDA/ssl_train_rgb/rural/860.png,loveda_m2a/Train/Rural/masks_png/860.png,ff1bec480e0cf5559397b09d6b1227087a89659b604b83ec3f568e129b4ad074
loveda_train_rural_861,probe_train,rural,processed/LoveDA/ssl_train_rgb/rural/861.png,loveda_m2a/Train/Rural/masks_png/861.png,d0393887bcc2a057d1d9245a2a7f56a9c9667d2a56e767a5c0614c44e7d76525
loveda_train_rural_862,probe_train,rural,processed/LoveDA/ssl_train_rgb/rural/862.png,loveda_m2a/Train/Rural/masks_png/862.png,b064dbb7fc3c362dd37bb797b0572c921284ccef167eb5a6aa6291bb0cea6f9a
loveda_train_rural_863,probe_train,rural,processed/LoveDA/ssl_train_rgb/rural/863.png,loveda_m2a/Train/Rural/masks_png/863.png,5293362e0e32f9e6a3b71f96d7b37ef43b3af391b4f6fcf9113bd1d7bded988b
loveda_train_rural_864,probe_train,rural,processed/LoveDA/ssl_train_rgb/rural/864.png,loveda_m2a/Train/Rural/masks_png/864.png,ec2b6855b2b65f511452525f21d344427be20cd6ed18c53a404fb407b078cbb1
loveda_train_rural_865,probe_train,rural,processed/LoveDA/ssl_train_rgb/rural/865.png,loveda_m2a/Train/Rural/masks_png/865.png,31ef8ece5f01682aa04561049324db5f2649562f5418592c16a93c4ddc8cf85e
loveda_train_rural_866,probe_train,rural,processed/LoveDA/ssl_train_rgb/rural/866.png,loveda_m2a/Train/Rural/masks_png/866.png,8b85c2974b3ede5866063fef6c64c296cec779d6c24838ab2d40f42853db3493
loveda_train_rural_867,probe_train,rural,processed/LoveDA/ssl_train_rgb/rural/867.png,loveda_m2a/Train/Rural/masks_png/867.png,1cf37a43e0ce78391f3e19735c4b929781212fdeafa93a0f3e72f5a0f373af03
loveda_train_rural_869,probe_train,rural,processed/LoveDA/ssl_train_rgb/rural/869.png,loveda_m2a/Train/Rural/masks_png/869.png,57a99856d5bf75f585dc45e4d2615ccbe16d7240e2a4faa8cf03683628f5b168
loveda_train_rural_87,probe_train,rural,processed/LoveDA/ssl_train_rgb/rural/87.png,loveda_m2a/Train/Rural/masks_png/87.png,2138bc5cea502e6ff59f3393ee5467bb5e4e2c12774639cee0d8e84156693640
loveda_train_rural_870,probe_train,rural,processed/LoveDA/ssl_train_rgb/rural/870.png,loveda_m2a/Train/Rural/masks_png/870.png,600ab10a3f2846681c09e2cf74710ebe1796124a950e13d36244301a889002a4
loveda_train_rural_871,probe_train,rural,processed/LoveDA/ssl_train_rgb/rural/871.png,loveda_m2a/Train/Rural/masks_png/871.png,9a7092900866ba7afad911a2d65c9d7df2bb22dadbbea850aa661f482049aa26
loveda_train_rural_873,probe_train,rural,processed/LoveDA/ssl_train_rgb/rural/873.png,loveda_m2a/Train/Rural/masks_png/873.png,779b13877fddaf158afe13a82a4d134b1e4776bb78742fb678e853de14d5fdc5
loveda_train_rural_874,probe_train,rural,processed/LoveDA/ssl_train_rgb/rural/874.png,loveda_m2a/Train/Rural/masks_png/874.png,523e2716f609177d6585881402a2245111ab3e4910f91a16deaae12ff439cc9c
loveda_train_rural_876,probe_train,rural,processed/LoveDA/ssl_train_rgb/rural/876.png,loveda_m2a/Train/Rural/masks_png/876.png,7125935180df39f734b209ba18f5899c9ffc6d3c9e741ae1626ebbb0c863978c
loveda_train_rural_877,probe_train,rural,processed/LoveDA/ssl_train_rgb/rural/877.png,loveda_m2a/Train/Rural/masks_png/877.png,dfa5c4c248b670c515a9d69cc231a1f70f01847bb2d7c6398af55b98b8e756be
loveda_train_rural_878,probe_train,rural,processed/LoveDA/ssl_train_rgb/rural/878.png,loveda_m2a/Train/Rural/masks_png/878.png,c36f51e0e03990ea51f4654c2a38dee52b74ef0adc260cd57ea369e9928ce6f6
loveda_train_rural_879,probe_train,rural,processed/LoveDA/ssl_train_rgb/rural/879.png,loveda_m2a/Train/Rural/masks_png/879.png,7d2e444c65ecc0c57b08dfdff89689dfe2a6d00b7f2355070dd0e2619c08c4a4
loveda_train_rural_880,probe_train,rural,processed/LoveDA/ssl_train_rgb/rural/880.png,loveda_m2a/Train/Rural/masks_png/880.png,678a0bb250e2351ca592703df632d494ca56213684843dc7e99a7ce9b0e01d7f
loveda_train_rural_881,probe_train,rural,processed/LoveDA/ssl_train_rgb/rural/881.png,loveda_m2a/Train/Rural/masks_png/881.png,c84d676c538f2481d083dd082f6f83872494a525abab77b82f5e6efab47585c4
loveda_train_rural_882,probe_train,rural,processed/LoveDA/ssl_train_rgb/rural/882.png,loveda_m2a/Train/Rural/masks_png/882.png,32c8c24fb3abded6d2bb5eec93f1503809f4d6ec51d94efa2422980ff8791da3
loveda_train_rural_883,probe_train,rural,processed/LoveDA/ssl_train_rgb/rural/883.png,loveda_m2a/Train/Rural/masks_png/883.png,ba535d20fcb3dbafceb8edf303520f1201c0725e6cdf8515c782fbd0ef1051f3
loveda_train_rural_884,probe_train,rural,processed/LoveDA/ssl_train_rgb/rural/884.png,loveda_m2a/Train/Rural/masks_png/884.png,d1c808dc5f95e8a167102a194adf8ccc96b2b58fdacc74fc8e7a085f5a511cf5
loveda_train_rural_886,probe_train,rural,processed/LoveDA/ssl_train_rgb/rural/886.png,loveda_m2a/Train/Rural/masks_png/886.png,9aa2b0e28af90699807376fad6f0c765c5525f45c96a5fc012de1f171a30a9d4
loveda_train_rural_887,probe_train,rural,processed/LoveDA/ssl_train_rgb/rural/887.png,loveda_m2a/Train/Rural/masks_png/887.png,f44fa34553e8c33dc5399ce4f48d4e96899ae9f3a6bb8f51c0bafea60a9696c5
loveda_train_rural_888,probe_train,rural,processed/LoveDA/ssl_train_rgb/rural/888.png,loveda_m2a/Train/Rural/masks_png/888.png,474f21e7c1aa7e9122e3280c446f28dc55cba695be1d5067b560622d5f32b4e1
loveda_train_rural_889,probe_train,rural,processed/LoveDA/ssl_train_rgb/rural/889.png,loveda_m2a/Train/Rural/masks_png/889.png,40d442bd250dc5f2163007081243ad2d26d2b49ecd3248fee9b551fe2fd361d8
loveda_train_rural_89,probe_train,rural,processed/LoveDA/ssl_train_rgb/rural/89.png,loveda_m2a/Train/Rural/masks_png/89.png,5411bcdb79cc4aa9d6363bd529ce245b6011ee2da7fdc2efcb5091257ebbf5a2
loveda_train_rural_890,probe_train,rural,processed/LoveDA/ssl_train_rgb/rural/890.png,loveda_m2a/Train/Rural/masks_png/890.png,a8c900710850cb713fef5582c6491f92dec57c2e75d076221c2af417fe345dfc
loveda_train_rural_891,probe_train,rural,processed/LoveDA/ssl_train_rgb/rural/891.png,loveda_m2a/Train/Rural/masks_png/891.png,e845eccc80680d6e1c71fd7142008482d3aa69d2d3f4f7991442e8fd000f0aaf
loveda_train_rural_892,probe_train,rural,processed/LoveDA/ssl_train_rgb/rural/892.png,loveda_m2a/Train/Rural/masks_png/892.png,c85b4c5abaccd6924ba6b51f423227f195010203cbf9444b4e1896cbbc3300c6
loveda_train_rural_894,probe_train,rural,processed/LoveDA/ssl_train_rgb/rural/894.png,loveda_m2a/Train/Rural/masks_png/894.png,5b1c8ba30c1d8c1be93f50c2c4733e3f6fead0265a15bdf42f87df6912459071
loveda_train_rural_896,probe_train,rural,processed/LoveDA/ssl_train_rgb/rural/896.png,loveda_m2a/Train/Rural/masks_png/896.png,9111d7c46bdde754fb2afcc99779f30cb2b3170bfbbea4f782c2fa28d125c7e5
loveda_train_rural_897,probe_train,rural,processed/LoveDA/ssl_train_rgb/rural/897.png,loveda_m2a/Train/Rural/masks_png/897.png,6b7ddf97a331ff5bd19a7f9ab45a06a7d8b6ab377502c3daaf6c46d7eea67c68
loveda_train_rural_898,probe_train,rural,processed/LoveDA/ssl_train_rgb/rural/898.png,loveda_m2a/Train/Rural/masks_png/898.png,28b9ead3e0e7320fad8e8ef461c66231d90e3a22ff3837542498591cbd8e7529
loveda_train_rural_899,probe_train,rural,processed/LoveDA/ssl_train_rgb/rural/899.png,loveda_m2a/Train/Rural/masks_png/899.png,b77a11504d53bd60cb6cf66d31628352b07a4ed374d0fff25a0e7d8d9ffaf647
loveda_train_rural_9,probe_train,rural,processed/LoveDA/ssl_train_rgb/rural/9.png,loveda_m2a/Train/Rural/masks_png/9.png,128232d250f48e1ce1f729f81e8b01485bc48a0cd3f22cc3bb1a0f3170513d90
loveda_train_rural_90,probe_train,rural,processed/LoveDA/ssl_train_rgb/rural/90.png,loveda_m2a/Train/Rural/masks_png/90.png,3eeb13f9467ce66c709eb58c60e4f44de8a605d3f4c3a6343ada8e772c870ca1
loveda_train_rural_900,probe_train,rural,processed/LoveDA/ssl_train_rgb/rural/900.png,loveda_m2a/Train/Rural/masks_png/900.png,49ddb1727a11bb3123ec3159582664105ddde881db5ee7e107a125bda9d9c2fd
loveda_train_rural_901,probe_train,rural,processed/LoveDA/ssl_train_rgb/rural/901.png,loveda_m2a/Train/Rural/masks_png/901.png,3f2fec448b16ad26d0e55d8b1d0ac9a71168c3db9d493ad4e17142fc3bb6b82b
loveda_train_rural_903,probe_train,rural,processed/LoveDA/ssl_train_rgb/rural/903.png,loveda_m2a/Train/Rural/masks_png/903.png,d7c8da8824174f4ce6d1d5b537dd9b306380a97449d8c0516081f3e4bae760ae
loveda_train_rural_904,probe_train,rural,processed/LoveDA/ssl_train_rgb/rural/904.png,loveda_m2a/Train/Rural/masks_png/904.png,8fd265d755161dbd470a8128536db6b06dc7848eafb84e23b29d1bff2f08faf2
loveda_train_rural_905,probe_train,rural,processed/LoveDA/ssl_train_rgb/rural/905.png,loveda_m2a/Train/Rural/masks_png/905.png,3fc561031eb29646c7dc533f209975624e04a83cde142b0d8d496cacd0d71cba
loveda_train_rural_907,probe_train,rural,processed/LoveDA/ssl_train_rgb/rural/907.png,loveda_m2a/Train/Rural/masks_png/907.png,398b9cd37c475851352d91d84d46f31e6a70adcd28c8696a7dd6ad54db11a513
loveda_train_rural_908,probe_train,rural,processed/LoveDA/ssl_train_rgb/rural/908.png,loveda_m2a/Train/Rural/masks_png/908.png,ed2f556cc928fdfafa33cc926af1198bfdb0302dc5b4414c10149e1c65c3a034
loveda_train_rural_91,probe_train,rural,processed/LoveDA/ssl_train_rgb/rural/91.png,loveda_m2a/Train/Rural/masks_png/91.png,528ffe7bc7c0314beaab8117e1c3138afae3549d3d0c8b8274b2712fbf8fb55b
loveda_train_rural_910,probe_train,rural,processed/LoveDA/ssl_train_rgb/rural/910.png,loveda_m2a/Train/Rural/masks_png/910.png,e4ae16d89f93d0527b4f8ae0f8ae1f6ed1cbfef75ab69535ceea38aaf1f067ad
loveda_train_rural_911,probe_train,rural,processed/LoveDA/ssl_train_rgb/rural/911.png,loveda_m2a/Train/Rural/masks_png/911.png,8a311d9c175e9859caff6352bd48114280554a6e39a86a67c59cda107ecff62a
loveda_train_rural_913,probe_train,rural,processed/LoveDA/ssl_train_rgb/rural/913.png,loveda_m2a/Train/Rural/masks_png/913.png,aad74cafdaaed24df84db11f39b98aec615c0b83d44516ed60f2b0b9138da041
loveda_train_rural_914,probe_train,rural,processed/LoveDA/ssl_train_rgb/rural/914.png,loveda_m2a/Train/Rural/masks_png/914.png,62c148c918d2496bea269a4aec7f566ea262caf5cf9597244deb88fe338659af
loveda_train_rural_917,probe_train,rural,processed/LoveDA/ssl_train_rgb/rural/917.png,loveda_m2a/Train/Rural/masks_png/917.png,2f801150f44368a98d80f269b4c950467d9679b781595eef905e995eb8efd0b4
loveda_train_rural_918,probe_train,rural,processed/LoveDA/ssl_train_rgb/rural/918.png,loveda_m2a/Train/Rural/masks_png/918.png,641b9400a75bea03c8beeab2f3fbe8b7eb2ed42ddf550864c79d995c1e3c0153
loveda_train_rural_920,probe_train,rural,processed/LoveDA/ssl_train_rgb/rural/920.png,loveda_m2a/Train/Rural/masks_png/920.png,c53076983676d673fd2abf8ace666d645c7ae38dbfbbd16f850478906c842eac
loveda_train_rural_921,probe_train,rural,processed/LoveDA/ssl_train_rgb/rural/921.png,loveda_m2a/Train/Rural/masks_png/921.png,dc4e85c14bec651a5e6ee80510dd186b2dd1f97f4946a851d4015acea0fae4a5
loveda_train_rural_923,probe_train,rural,processed/LoveDA/ssl_train_rgb/rural/923.png,loveda_m2a/Train/Rural/masks_png/923.png,7495763840a6be58385615c8d54007dd725ccde3f7ad514fc27b7ba4a6012a34
loveda_train_rural_924,probe_train,rural,processed/LoveDA/ssl_train_rgb/rural/924.png,loveda_m2a/Train/Rural/masks_png/924.png,e3a06762c9886829c72b42dc3acd5df1440f0fe912bc516240082c9165798157
loveda_train_rural_925,probe_train,rural,processed/LoveDA/ssl_train_rgb/rural/925.png,loveda_m2a/Train/Rural/masks_png/925.png,8063e3de182f86c89848a5a0fc873f8d6d1cd9cf8586945b53187ec70691e0a8
loveda_train_rural_926,probe_train,rural,processed/LoveDA/ssl_train_rgb/rural/926.png,loveda_m2a/Train/Rural/masks_png/926.png,e27f2aa40ad0943e9451c8111e80ea989cc4b576ac718c9bacff27b9271ee4d2
loveda_train_rural_927,probe_train,rural,processed/LoveDA/ssl_train_rgb/rural/927.png,loveda_m2a/Train/Rural/masks_png/927.png,573164b828c13d1bc908864e97264ac8af5e94febc7f9f306e142937667a244d
loveda_train_rural_928,probe_train,rural,processed/LoveDA/ssl_train_rgb/rural/928.png,loveda_m2a/Train/Rural/masks_png/928.png,e36f40098be69cf64a575e7e8cb2c8373afea446d4fd1cb34ec915caae2b92ec
loveda_train_rural_929,probe_train,rural,processed/LoveDA/ssl_train_rgb/rural/929.png,loveda_m2a/Train/Rural/masks_png/929.png,4876f8cb89407908dc7d0fc71c0ed5ee4cb72185826be8a887cb766a72ce5022
loveda_train_rural_930,probe_train,rural,processed/LoveDA/ssl_train_rgb/rural/930.png,loveda_m2a/Train/Rural/masks_png/930.png,a6d5db005844711c0abd17d956a08246c6bfa571a89962d9fa9331f46ea4c86c
loveda_train_rural_931,probe_train,rural,processed/LoveDA/ssl_train_rgb/rural/931.png,loveda_m2a/Train/Rural/masks_png/931.png,0fa5207d206007725a1e132e28f3695504c080fa13196a1df0bbf8ef0a94a42c
loveda_train_rural_932,probe_train,rural,processed/LoveDA/ssl_train_rgb/rural/932.png,loveda_m2a/Train/Rural/masks_png/932.png,f7df9c26956651bab4ac29e8b1ddd8bcc63740e425c4f78038421cd38b5737ba
loveda_train_rural_935,probe_train,rural,processed/LoveDA/ssl_train_rgb/rural/935.png,loveda_m2a/Train/Rural/masks_png/935.png,070c121547c6f9bef77f91afe629ebb3047e1211fe66750beef7325100768042
loveda_train_rural_936,probe_train,rural,processed/LoveDA/ssl_train_rgb/rural/936.png,loveda_m2a/Train/Rural/masks_png/936.png,06746695fff7091ed7ad0008e1fcea187d8dc190d4805d70672d18a930d50836
loveda_train_rural_937,probe_train,rural,processed/LoveDA/ssl_train_rgb/rural/937.png,loveda_m2a/Train/Rural/masks_png/937.png,3333a0988e263783e58c746fc5fa84053291083fb9bea46d9d556fafc2db94b6
loveda_train_rural_939,probe_train,rural,processed/LoveDA/ssl_train_rgb/rural/939.png,loveda_m2a/Train/Rural/masks_png/939.png,27b4afedd8f85ca75c613ade103c3982f3c1b0938822ebf4d22fffaa14096ee9
loveda_train_rural_94,probe_train,rural,processed/LoveDA/ssl_train_rgb/rural/94.png,loveda_m2a/Train/Rural/masks_png/94.png,b9bac8898c81374a5deae9be1068dc0d2ecc8a56db712eaf80b932cb52743fb8
loveda_train_rural_940,probe_train,rural,processed/LoveDA/ssl_train_rgb/rural/940.png,loveda_m2a/Train/Rural/masks_png/940.png,a0a8f90f9af865cc9c05bcd8700c9096605ac63f51326522c35b1e8336bad0d5
loveda_train_rural_941,probe_train,rural,processed/LoveDA/ssl_train_rgb/rural/941.png,loveda_m2a/Train/Rural/masks_png/941.png,3f97f42b933882a0d8d6eb8f8fb7d88142f44e23c270be0b06e083b9f38c8b2a
loveda_train_rural_942,probe_train,rural,processed/LoveDA/ssl_train_rgb/rural/942.png,loveda_m2a/Train/Rural/masks_png/942.png,b0999c657eb14a0a6503296b2812c41dfcf4295f469fcb7f32e02ab9fe2669c9
loveda_train_rural_943,probe_train,rural,processed/LoveDA/ssl_train_rgb/rural/943.png,loveda_m2a/Train/Rural/masks_png/943.png,37f3191ac810e0f1542046be4fedfce5360795addb59fc8d01d9342832a10ea4
loveda_train_rural_944,probe_train,rural,processed/LoveDA/ssl_train_rgb/rural/944.png,loveda_m2a/Train/Rural/masks_png/944.png,d81666f54a55dadcc5405f076061fffe42917ebe516a2ff6dec6ce8c43606045
loveda_train_rural_946,probe_train,rural,processed/LoveDA/ssl_train_rgb/rural/946.png,loveda_m2a/Train/Rural/masks_png/946.png,5d79ce7ca122a4310d8d16cbfdcc63c82fa83658c90bbc40608eadf3ba6c9729
loveda_train_rural_947,probe_train,rural,processed/LoveDA/ssl_train_rgb/rural/947.png,loveda_m2a/Train/Rural/masks_png/947.png,159379c35a8809aedb314c42f859b8da060bb8758b78c2fd70967c740ebc7261
loveda_train_rural_948,probe_train,rural,processed/LoveDA/ssl_train_rgb/rural/948.png,loveda_m2a/Train/Rural/masks_png/948.png,6ebd29889d1db1e11635dc4124825ba209ba1f39640bf8cb7d04bba90f785c59
loveda_train_rural_949,probe_train,rural,processed/LoveDA/ssl_train_rgb/rural/949.png,loveda_m2a/Train/Rural/masks_png/949.png,4839d359ddd2b15b062f1a308d96c19a9dbb756035c528e389fe8f691d41dd79
loveda_train_rural_951,probe_train,rural,processed/LoveDA/ssl_train_rgb/rural/951.png,loveda_m2a/Train/Rural/masks_png/951.png,27e97fda13c60743567e0f0f8bf14a6f015e8a4a00f2311bc7d922825b0e186c
loveda_train_rural_952,probe_train,rural,processed/LoveDA/ssl_train_rgb/rural/952.png,loveda_m2a/Train/Rural/masks_png/952.png,4c19adc6f2f40c6c32fe7cb2a2a8690ba448b560953ce42ff6f18409eb537028
loveda_train_rural_954,probe_train,rural,processed/LoveDA/ssl_train_rgb/rural/954.png,loveda_m2a/Train/Rural/masks_png/954.png,e584ee56afc2189a6ae710fb7c5d49117968d600d76483ff1e3c4b0a225aa025
loveda_train_rural_955,probe_train,rural,processed/LoveDA/ssl_train_rgb/rural/955.png,loveda_m2a/Train/Rural/masks_png/955.png,9ec4d94ae31c7d467d60ab28ba6230972011a23e023af9e96e5e2b20f9111090
loveda_train_rural_956,probe_train,rural,processed/LoveDA/ssl_train_rgb/rural/956.png,loveda_m2a/Train/Rural/masks_png/956.png,ac3063fc395e61cc96ae11c164224f2e64f8096828cffc9dff2843479d9b2593
loveda_train_rural_957,probe_train,rural,processed/LoveDA/ssl_train_rgb/rural/957.png,loveda_m2a/Train/Rural/masks_png/957.png,a14f1ef94dbc5ac7f7f9205d0b0d0a155c778d5b9910654cc075a1ee5c924816
loveda_train_rural_958,probe_train,rural,processed/LoveDA/ssl_train_rgb/rural/958.png,loveda_m2a/Train/Rural/masks_png/958.png,ec360c5bb9a069d16e8c0daa56b709542d365128b5020afb539c61c2557cf37f
loveda_train_rural_959,probe_train,rural,processed/LoveDA/ssl_train_rgb/rural/959.png,loveda_m2a/Train/Rural/masks_png/959.png,d94cba8819205c08ad46c2ceba79789a4df33b2eebecff60bc38b53936b63557
loveda_train_rural_96,probe_train,rural,processed/LoveDA/ssl_train_rgb/rural/96.png,loveda_m2a/Train/Rural/masks_png/96.png,9709cfe6ebec0702bfd6c94fed21b49d9d45339cfd546862a478f511f7c2bb34
loveda_train_rural_960,probe_train,rural,processed/LoveDA/ssl_train_rgb/rural/960.png,loveda_m2a/Train/Rural/masks_png/960.png,9a070523374b4da90fb9ca4d6d2542e0594072d0209e3ca9c2b653e180c02ec3
loveda_train_rural_961,probe_train,rural,processed/LoveDA/ssl_train_rgb/rural/961.png,loveda_m2a/Train/Rural/masks_png/961.png,451f9ca5f3cef8fb047ad54cdfc37916fc7df79f609662bf153431dd39b46f46
loveda_train_rural_962,probe_train,rural,processed/LoveDA/ssl_train_rgb/rural/962.png,loveda_m2a/Train/Rural/masks_png/962.png,90b77099a0639d10bc38d82e249fcc4300a75352de56215488f493af7a9b62f6
loveda_train_rural_963,probe_train,rural,processed/LoveDA/ssl_train_rgb/rural/963.png,loveda_m2a/Train/Rural/masks_png/963.png,2b9afb7e719f5fef7bb25ba4ad9ea0656d38332d92c00011e1db5357b6da74b3
loveda_train_rural_964,probe_train,rural,processed/LoveDA/ssl_train_rgb/rural/964.png,loveda_m2a/Train/Rural/masks_png/964.png,5a3c73fb20989b4b85b2c660062ee235d7ae68371c38c467e7261f81085ed2a0
loveda_train_rural_965,probe_train,rural,processed/LoveDA/ssl_train_rgb/rural/965.png,loveda_m2a/Train/Rural/masks_png/965.png,b6c46a535aba433ab3b47ce84875f68a7fa6af6dfabbf49d655f4c474ca1daf4
loveda_train_rural_966,probe_train,rural,processed/LoveDA/ssl_train_rgb/rural/966.png,loveda_m2a/Train/Rural/masks_png/966.png,7cfa55e4fccd1ab2f5a78f363337e3e190ef97a05af9bac7ef17f1906f4520e0
loveda_train_rural_967,probe_train,rural,processed/LoveDA/ssl_train_rgb/rural/967.png,loveda_m2a/Train/Rural/masks_png/967.png,e9e84cafb64ca4cae77a0d1d16b5fb3d082897f2824e0846700bb4a1be8f9d86
loveda_train_rural_968,probe_train,rural,processed/LoveDA/ssl_train_rgb/rural/968.png,loveda_m2a/Train/Rural/masks_png/968.png,f811a707c97038ac0870afa893c920a3d9f1fea4a5e36b02fa4776a78893a082
loveda_train_rural_97,probe_train,rural,processed/LoveDA/ssl_train_rgb/rural/97.png,loveda_m2a/Train/Rural/masks_png/97.png,a3ca1b83a9dd8c9c2e9b7311c98d0ecf1520f4732890b5e2bcb2a1ebb7204b0d
loveda_train_rural_970,probe_train,rural,processed/LoveDA/ssl_train_rgb/rural/970.png,loveda_m2a/Train/Rural/masks_png/970.png,9aacf6ab09519356b26713b86f820aaaea616caf3a70b233feb164fa0155c3a4
loveda_train_rural_971,probe_train,rural,processed/LoveDA/ssl_train_rgb/rural/971.png,loveda_m2a/Train/Rural/masks_png/971.png,a6190e5d16445cff685d5c70de818deb03750b39093f74bf552309bf5a9b7050
loveda_train_rural_972,probe_train,rural,processed/LoveDA/ssl_train_rgb/rural/972.png,loveda_m2a/Train/Rural/masks_png/972.png,207871c4677edb62f34c7b327298c25b9b497b98eb72ff2ceb10be95b9c15b0a
loveda_train_rural_973,probe_train,rural,processed/LoveDA/ssl_train_rgb/rural/973.png,loveda_m2a/Train/Rural/masks_png/973.png,ac73eee3c397ddf0c3edfa18f8a7dea45b8e57b77ec3c6fb76aff344bb5a7630
loveda_train_rural_974,probe_train,rural,processed/LoveDA/ssl_train_rgb/rural/974.png,loveda_m2a/Train/Rural/masks_png/974.png,5571233a370f04c89145f8ea6e4693a2d54cd92be8679bab0f812d109be8897a
loveda_train_rural_975,probe_train,rural,processed/LoveDA/ssl_train_rgb/rural/975.png,loveda_m2a/Train/Rural/masks_png/975.png,9db7ecb205f74b2b16e35698fe4e83abc131a5e1d28e87101d6e756131c7c505
loveda_train_rural_977,probe_train,rural,processed/LoveDA/ssl_train_rgb/rural/977.png,loveda_m2a/Train/Rural/masks_png/977.png,3255f41039d597e646d14fdc5d9b236cf4e0dc247e5a42a283c8834d2b4035c9
loveda_train_rural_978,probe_train,rural,processed/LoveDA/ssl_train_rgb/rural/978.png,loveda_m2a/Train/Rural/masks_png/978.png,e522e44cdf5f9a804d65fd9ee3243bf7db12260c7cd86ae27f7944aec79e7a36
loveda_train_rural_979,probe_train,rural,processed/LoveDA/ssl_train_rgb/rural/979.png,loveda_m2a/Train/Rural/masks_png/979.png,f4b33954d73731101ca701755b7e095fac38469c154984c262ab61b5c56af148
loveda_train_rural_98,probe_train,rural,processed/LoveDA/ssl_train_rgb/rural/98.png,loveda_m2a/Train/Rural/masks_png/98.png,7cebb188909c0c9982ac7d8b57446a4016887ef1f696e00839f27e1f929e2153
loveda_train_rural_981,probe_train,rural,processed/LoveDA/ssl_train_rgb/rural/981.png,loveda_m2a/Train/Rural/masks_png/981.png,e05228ea7547354026ab16fa2cf620faa3ef0c4a9dcbc944db8a718c83aecc46
loveda_train_rural_982,probe_train,rural,processed/LoveDA/ssl_train_rgb/rural/982.png,loveda_m2a/Train/Rural/masks_png/982.png,1f18234fdb9f2b97cd292cf132b34eff46dfaf912f5b52de82940c909fced7f1
loveda_train_rural_983,probe_train,rural,processed/LoveDA/ssl_train_rgb/rural/983.png,loveda_m2a/Train/Rural/masks_png/983.png,cc613a4a55fc055467a58040e9a0896714f98fe6eee5c489e8c1f2c839afac45
loveda_train_rural_984,probe_train,rural,processed/LoveDA/ssl_train_rgb/rural/984.png,loveda_m2a/Train/Rural/masks_png/984.png,87b2401e6bc56876bb20293c78a201de236131c2ab2e5cfde9673b96b2847301
loveda_train_rural_985,probe_train,rural,processed/LoveDA/ssl_train_rgb/rural/985.png,loveda_m2a/Train/Rural/masks_png/985.png,2508434cadcf2857c77293dce906dd228d1192bad2972338cb440bf981512cef
loveda_train_rural_987,probe_train,rural,processed/LoveDA/ssl_train_rgb/rural/987.png,loveda_m2a/Train/Rural/masks_png/987.png,dbd33f3af2a477263e959f7d3a024bfec8f2dad941ea0f1eb26f7e09db352684
loveda_train_rural_988,probe_train,rural,processed/LoveDA/ssl_train_rgb/rural/988.png,loveda_m2a/Train/Rural/masks_png/988.png,d2fda00d03eb847e76b44d4194a970d8e89e8b0d21f2a2b92d3081c9f94e2a2d
loveda_train_rural_989,probe_train,rural,processed/LoveDA/ssl_train_rgb/rural/989.png,loveda_m2a/Train/Rural/masks_png/989.png,4e11fd1f03ced1098c48d926ea11b4c3b10aa28574b69634a207192dd059cae0
loveda_train_rural_990,probe_train,rural,processed/LoveDA/ssl_train_rgb/rural/990.png,loveda_m2a/Train/Rural/masks_png/990.png,700e2afcdd63f1640b5efe0d0e2ab7032da34c85566300fd80981b083fc8ea26
loveda_train_rural_991,probe_train,rural,processed/LoveDA/ssl_train_rgb/rural/991.png,loveda_m2a/Train/Rural/masks_png/991.png,98626c7c284897e5c480338fa0f4a32e4e580cb2854cff68bfe86542c94f2e08
loveda_train_rural_994,probe_train,rural,processed/LoveDA/ssl_train_rgb/rural/994.png,loveda_m2a/Train/Rural/masks_png/994.png,797e2c5d9c4f97b9ee53dc7baa941adbbc212c49592d3c59bc0f0961ddb0180a
loveda_train_rural_995,probe_train,rural,processed/LoveDA/ssl_train_rgb/rural/995.png,loveda_m2a/Train/Rural/masks_png/995.png,949b2cfc0d5e7af5f8cf953b533aa14ee2f3b1be1a835922328fa7a3f82c02ae
loveda_train_rural_996,probe_train,rural,processed/LoveDA/ssl_train_rgb/rural/996.png,loveda_m2a/Train/Rural/masks_png/996.png,c8eb913ee793896a0353c150aa7de10254450ac108d7fe3cf3c5037e61f2c99a
loveda_train_rural_997,probe_train,rural,processed/LoveDA/ssl_train_rgb/rural/997.png,loveda_m2a/Train/Rural/masks_png/997.png,a37c3b9ccd6725427cef0f201e5d129cf3b13d975975b53046c52af0bce5c9d9
loveda_train_rural_998,probe_train,rural,processed/LoveDA/ssl_train_rgb/rural/998.png,loveda_m2a/Train/Rural/masks_png/998.png,55b55dc438ec963f712d448946cef8a34237264bac051c8e12862dc5893c602b
loveda_train_rural_999,probe_train,rural,processed/LoveDA/ssl_train_rgb/rural/999.png,loveda_m2a/Train/Rural/masks_png/999.png,94d27b2a61ad1fdfb58b21f2f0c8d795c2c229bcd4aa744fb97e9e0a24422e28
loveda_train_urban_1367,probe_train,urban,processed/LoveDA/ssl_train_rgb/urban/1367.png,loveda_m2a/Train/Urban/masks_png/1367.png,c21714de8fc55fcc10da1a79b2f27012b3d6c5c77ecf1044aac9b15ad20d5523
loveda_train_urban_1368,probe_train,urban,processed/LoveDA/ssl_train_rgb/urban/1368.png,loveda_m2a/Train/Urban/masks_png/1368.png,c8b82420fdccd893b0df592d53a06ce541dc5a0390ae0877bc310afb63b01695
loveda_train_urban_1369,probe_train,urban,processed/LoveDA/ssl_train_rgb/urban/1369.png,loveda_m2a/Train/Urban/masks_png/1369.png,4e19234d211c1c809c67a2da4661bbf584170bc65abc33565c74236becebd9be
loveda_train_urban_1370,probe_train,urban,processed/LoveDA/ssl_train_rgb/urban/1370.png,loveda_m2a/Train/Urban/masks_png/1370.png,14442d5510bc1d628742ae52a6e99dbe145763f4195b71700037d3c6daab636a
loveda_train_urban_1371,probe_train,urban,processed/LoveDA/ssl_train_rgb/urban/1371.png,loveda_m2a/Train/Urban/masks_png/1371.png,7f70cf1db08b271faef603a47f226f373f1ff2f6a8285ac186b9b6cc9db4a422
loveda_train_urban_1372,probe_train,urban,processed/LoveDA/ssl_train_rgb/urban/1372.png,loveda_m2a/Train/Urban/masks_png/1372.png,bfa2c914f90d66eef0385529809c26ed7467ff89be9b716f624b03df6d5e5bb8
loveda_train_urban_1373,probe_train,urban,processed/LoveDA/ssl_train_rgb/urban/1373.png,loveda_m2a/Train/Urban/masks_png/1373.png,7733ffcfca0adc4d85f66dd74565a9a81ffc0182acf3b0b2533f6ae6dd028df2
loveda_train_urban_1374,probe_train,urban,processed/LoveDA/ssl_train_rgb/urban/1374.png,loveda_m2a/Train/Urban/masks_png/1374.png,3d45ece0a629e3a4bef0f6fe971ff2191f0306e483d590d31d7925f8c75ed0e7
loveda_train_urban_1375,probe_train,urban,processed/LoveDA/ssl_train_rgb/urban/1375.png,loveda_m2a/Train/Urban/masks_png/1375.png,bb496b4c2db19989229da500762e4284ae4d2635b40194511f66aaf0dd178629
loveda_train_urban_1376,probe_train,urban,processed/LoveDA/ssl_train_rgb/urban/1376.png,loveda_m2a/Train/Urban/masks_png/1376.png,5c8ae701b3a9e26257958e59ea3ac9c043bb6844b9dd3051fc8aa441712de8c5
loveda_train_urban_1377,probe_train,urban,processed/LoveDA/ssl_train_rgb/urban/1377.png,loveda_m2a/Train/Urban/masks_png/1377.png,292e5d9f1fdf79fc5da72e1880928b5aef2c6d62acf76ef15dccc5c66621415b
loveda_train_urban_1380,probe_train,urban,processed/LoveDA/ssl_train_rgb/urban/1380.png,loveda_m2a/Train/Urban/masks_png/1380.png,719b2cb2a867a516eaf6506bf364891c1eb04e7e62667a0b338d70a47b33d3c4
loveda_train_urban_1381,probe_train,urban,processed/LoveDA/ssl_train_rgb/urban/1381.png,loveda_m2a/Train/Urban/masks_png/1381.png,ef6d500c437709ddfdd239adb60e4bf81ccae21c3b0965c15a0a0adec23fddc8
loveda_train_urban_1382,probe_train,urban,processed/LoveDA/ssl_train_rgb/urban/1382.png,loveda_m2a/Train/Urban/masks_png/1382.png,24c24462090ecc5216b63f76d7bc352f1f7041cd2dff2f2c5db05e2b846415bb
loveda_train_urban_1383,probe_train,urban,processed/LoveDA/ssl_train_rgb/urban/1383.png,loveda_m2a/Train/Urban/masks_png/1383.png,4786a777df4428f6f3c372b90e61cc9aedc1c3dbe052590309ccded6c490b71d
loveda_train_urban_1384,probe_train,urban,processed/LoveDA/ssl_train_rgb/urban/1384.png,loveda_m2a/Train/Urban/masks_png/1384.png,3bd2ad41759112e6f295d3702f5cd283db0ea5b2fd9afc5d23fb669e2a7b3078
loveda_train_urban_1385,probe_train,urban,processed/LoveDA/ssl_train_rgb/urban/1385.png,loveda_m2a/Train/Urban/masks_png/1385.png,028f8b6de5308f98e555940d3cf275e752f2c35963968cdb786be3f8e6279fd5
loveda_train_urban_1386,probe_train,urban,processed/LoveDA/ssl_train_rgb/urban/1386.png,loveda_m2a/Train/Urban/masks_png/1386.png,7d9f37b4f543fc8f7f6c772a4d284735177e497f9fd794d54d0ff14dac497702
loveda_train_urban_1387,probe_train,urban,processed/LoveDA/ssl_train_rgb/urban/1387.png,loveda_m2a/Train/Urban/masks_png/1387.png,7013158bdc8600eb52d9ee5eafb38f1d9855b4511ca3cd01f4812e039b19ed1f
loveda_train_urban_1388,probe_train,urban,processed/LoveDA/ssl_train_rgb/urban/1388.png,loveda_m2a/Train/Urban/masks_png/1388.png,2d42e00c2ffcaeff82d5df22ba45b311aa5c00d7b01813f74deb8515f2b59286
loveda_train_urban_1389,probe_train,urban,processed/LoveDA/ssl_train_rgb/urban/1389.png,loveda_m2a/Train/Urban/masks_png/1389.png,2478867d4ccb9d2819b7e6414a0711ef549ce0aaa7dd0e050d0bc23a69ccb563
loveda_train_urban_1390,probe_train,urban,processed/LoveDA/ssl_train_rgb/urban/1390.png,loveda_m2a/Train/Urban/masks_png/1390.png,206f31ab9f05e491032dcd6cb805de52061cfe02605803d810b5300ab7f44ee5
loveda_train_urban_1391,probe_train,urban,processed/LoveDA/ssl_train_rgb/urban/1391.png,loveda_m2a/Train/Urban/masks_png/1391.png,30b03e5eeba77d71ab0580308c042c56872b7473afeef54e9b7c6926dc6f0cdb
loveda_train_urban_1392,probe_train,urban,processed/LoveDA/ssl_train_rgb/urban/1392.png,loveda_m2a/Train/Urban/masks_png/1392.png,4a12d63887be9a09a1fafbb468bb772153254895f3905bc6268fef66706263c9
loveda_train_urban_1393,probe_train,urban,processed/LoveDA/ssl_train_rgb/urban/1393.png,loveda_m2a/Train/Urban/masks_png/1393.png,2c15aef1627a1fde9c7f019c46df4b19ad3f200e32fd02883f0dcac0b3eff47e
loveda_train_urban_1395,probe_train,urban,processed/LoveDA/ssl_train_rgb/urban/1395.png,loveda_m2a/Train/Urban/masks_png/1395.png,14ac04dfb0ed87406a2f12041cf0d707c470c11ad5f44467a841072cf8cc5ca0
loveda_train_urban_1396,probe_train,urban,processed/LoveDA/ssl_train_rgb/urban/1396.png,loveda_m2a/Train/Urban/masks_png/1396.png,f6caac302f9cd4a4aa1c5df94d10a106cee248265310815cb7e2ef1d16b70367
loveda_train_urban_1397,probe_train,urban,processed/LoveDA/ssl_train_rgb/urban/1397.png,loveda_m2a/Train/Urban/masks_png/1397.png,e77785668ff50fdbf1dbe41ae3d3d80d48e8acf6ee2984d7ca70b32b51aff755
loveda_train_urban_1398,probe_train,urban,processed/LoveDA/ssl_train_rgb/urban/1398.png,loveda_m2a/Train/Urban/masks_png/1398.png,7f386de03fafab9b0b05fe75c880804bcbfec034abd939dfffe05c95f61b281a
loveda_train_urban_1399,probe_train,urban,processed/LoveDA/ssl_train_rgb/urban/1399.png,loveda_m2a/Train/Urban/masks_png/1399.png,207969ce90498a31d9c533c0124feef09e347821cbe42ac43365a16929cac663
loveda_train_urban_1400,probe_train,urban,processed/LoveDA/ssl_train_rgb/urban/1400.png,loveda_m2a/Train/Urban/masks_png/1400.png,e73d3902c6a6a8a31f47904b85cd46dcc7c3929d593286dcd7a7690657ba7df7
loveda_train_urban_1401,probe_train,urban,processed/LoveDA/ssl_train_rgb/urban/1401.png,loveda_m2a/Train/Urban/masks_png/1401.png,b7016ed108bbf2226ce92ec59aa2e270b8e322a043d4f80e4838843a3ee1d97b
loveda_train_urban_1403,probe_train,urban,processed/LoveDA/ssl_train_rgb/urban/1403.png,loveda_m2a/Train/Urban/masks_png/1403.png,fd2a2992931f7d8cbf4446555f5ff7ff49340295adaa86b01099de8bc5006f54
loveda_train_urban_1405,probe_train,urban,processed/LoveDA/ssl_train_rgb/urban/1405.png,loveda_m2a/Train/Urban/masks_png/1405.png,d8140d196e7fbb6478606bea80f282bdb50edc32374e88782545ffacafb76ac7
loveda_train_urban_1408,probe_train,urban,processed/LoveDA/ssl_train_rgb/urban/1408.png,loveda_m2a/Train/Urban/masks_png/1408.png,de9f03adc5c4d721a41c55ba5fa1845a54020272aea32688e043798613035ba6
loveda_train_urban_1409,probe_train,urban,processed/LoveDA/ssl_train_rgb/urban/1409.png,loveda_m2a/Train/Urban/masks_png/1409.png,9b3cd3929c39dc21574240cd0ab93b37df66f0eb2ee58a303450adf4425dd309
loveda_train_urban_1410,probe_train,urban,processed/LoveDA/ssl_train_rgb/urban/1410.png,loveda_m2a/Train/Urban/masks_png/1410.png,0dc19755ac6295b0353aa38a69666216f34463c01c8a4aa4f8620486a713d8c8
loveda_train_urban_1411,probe_train,urban,processed/LoveDA/ssl_train_rgb/urban/1411.png,loveda_m2a/Train/Urban/masks_png/1411.png,d4b3a9eb9f0229b83da8d172eed2990fa56ce787d30d4d20750850b021d95e6f
loveda_train_urban_1412,probe_train,urban,processed/LoveDA/ssl_train_rgb/urban/1412.png,loveda_m2a/Train/Urban/masks_png/1412.png,1915582f2480538dc029796aab728a8b183721f34e0a9b2b915adb080148ffa8
loveda_train_urban_1413,probe_train,urban,processed/LoveDA/ssl_train_rgb/urban/1413.png,loveda_m2a/Train/Urban/masks_png/1413.png,f9b8903e789c38c21514dfbae6f3398d60da2b44e421ed45af4a4092d5c9740d
loveda_train_urban_1414,probe_train,urban,processed/LoveDA/ssl_train_rgb/urban/1414.png,loveda_m2a/Train/Urban/masks_png/1414.png,ccb19e621bf5acaf2bc28ce02de275e20e6590c04631d96161e09296fe33607b
loveda_train_urban_1415,probe_train,urban,processed/LoveDA/ssl_train_rgb/urban/1415.png,loveda_m2a/Train/Urban/masks_png/1415.png,eaa3eca22e45ea249dca2b48cee1adb9659878dff51af33d732e86b1d797ffca
loveda_train_urban_1416,probe_train,urban,processed/LoveDA/ssl_train_rgb/urban/1416.png,loveda_m2a/Train/Urban/masks_png/1416.png,8a7a6ab655b4870b5bdf69a07dd68217e0370414bfb8514c8b3cadcf97436544
loveda_train_urban_1417,probe_train,urban,processed/LoveDA/ssl_train_rgb/urban/1417.png,loveda_m2a/Train/Urban/masks_png/1417.png,b3f85da7976710cf4356768af8974011481c4782db3ee7222f49cc234fbb11b8
loveda_train_urban_1419,probe_train,urban,processed/LoveDA/ssl_train_rgb/urban/1419.png,loveda_m2a/Train/Urban/masks_png/1419.png,c830d1932c7df8bb237375594008af7a2ca7f524a74164fd16272b2048ca4343
loveda_train_urban_1420,probe_train,urban,processed/LoveDA/ssl_train_rgb/urban/1420.png,loveda_m2a/Train/Urban/masks_png/1420.png,727008d2e95c4adc1a1a4d794afa6c99af54cb890870642562476e492b380534
loveda_train_urban_1421,probe_train,urban,processed/LoveDA/ssl_train_rgb/urban/1421.png,loveda_m2a/Train/Urban/masks_png/1421.png,fa7e54cf79c31df215c7aeea5ecd5c93793e86388581ffa1bea90728f13468e4
loveda_train_urban_1423,probe_train,urban,processed/LoveDA/ssl_train_rgb/urban/1423.png,loveda_m2a/Train/Urban/masks_png/1423.png,60edef0ace5674f46aaf0c1bd35583ababa19ace28888707a4e750f3d9eac4db
loveda_train_urban_1425,probe_train,urban,processed/LoveDA/ssl_train_rgb/urban/1425.png,loveda_m2a/Train/Urban/masks_png/1425.png,847d6478c0654c42378a6c986f7187003506ba35e3557b5ff2fa9818ebaa621b
loveda_train_urban_1426,probe_train,urban,processed/LoveDA/ssl_train_rgb/urban/1426.png,loveda_m2a/Train/Urban/masks_png/1426.png,0cb14f8e78f451022f02f29678feb941eff921ca181ff3939ae18ee670d93935
loveda_train_urban_1427,probe_train,urban,processed/LoveDA/ssl_train_rgb/urban/1427.png,loveda_m2a/Train/Urban/masks_png/1427.png,e0c653f14b1fe4bacd09bad6234febe45e1eb3350a7a4006b230fda194f09491
loveda_train_urban_1428,probe_train,urban,processed/LoveDA/ssl_train_rgb/urban/1428.png,loveda_m2a/Train/Urban/masks_png/1428.png,3d31ff3f9215ec90e43a248526f46323c49d413a26cee03b6b4b15c4421fbfc3
loveda_train_urban_1430,probe_train,urban,processed/LoveDA/ssl_train_rgb/urban/1430.png,loveda_m2a/Train/Urban/masks_png/1430.png,871fff8ceb90bc29c9ec36131e392d9e36f4dd7c09108a339b3be7d789e6f108
loveda_train_urban_1431,probe_train,urban,processed/LoveDA/ssl_train_rgb/urban/1431.png,loveda_m2a/Train/Urban/masks_png/1431.png,ec235f205d89cc6a5459a9a17c81a4b3dd2933c3ddc0e23320542309840875ff
loveda_train_urban_1432,probe_train,urban,processed/LoveDA/ssl_train_rgb/urban/1432.png,loveda_m2a/Train/Urban/masks_png/1432.png,5d32179ba37a92a44f01d5603b9cb324602fefe616d36a7590edeb3e34dc5cf0
loveda_train_urban_1433,probe_train,urban,processed/LoveDA/ssl_train_rgb/urban/1433.png,loveda_m2a/Train/Urban/masks_png/1433.png,8aad3aa2fbfc42ce97e7423ec1bca17d88c16952b20cae273f08ac43a963daf8
loveda_train_urban_1434,probe_train,urban,processed/LoveDA/ssl_train_rgb/urban/1434.png,loveda_m2a/Train/Urban/masks_png/1434.png,f80848f0ba2ebcc6f3b4ec9e0679eb2e8b361dd9c01bd605c2eef443c1238879
loveda_train_urban_1435,probe_train,urban,processed/LoveDA/ssl_train_rgb/urban/1435.png,loveda_m2a/Train/Urban/masks_png/1435.png,3aefc8f9769a90357ba176b108c762c6bd96ea3f63b596c55d8c85db74818f94
loveda_train_urban_1438,probe_train,urban,processed/LoveDA/ssl_train_rgb/urban/1438.png,loveda_m2a/Train/Urban/masks_png/1438.png,522542504b60db515651645af80f40be13f567a151096ccd76acfc0fde66c374
loveda_train_urban_1439,probe_train,urban,processed/LoveDA/ssl_train_rgb/urban/1439.png,loveda_m2a/Train/Urban/masks_png/1439.png,2cd526e27e25bf9245a69f66dc34fe1e98f9e970d94066cfda4e890ada6e8a6a
loveda_train_urban_1440,probe_train,urban,processed/LoveDA/ssl_train_rgb/urban/1440.png,loveda_m2a/Train/Urban/masks_png/1440.png,fd39c7025c78e8d22165d20610990e48ce6bd4be26822ce0cb6fad3fa581c196
loveda_train_urban_1441,probe_train,urban,processed/LoveDA/ssl_train_rgb/urban/1441.png,loveda_m2a/Train/Urban/masks_png/1441.png,e4210bd1c00e962f9fb81f6051950f74b8a575824b7c5a84a351ca58a4dc1c32
loveda_train_urban_1442,probe_train,urban,processed/LoveDA/ssl_train_rgb/urban/1442.png,loveda_m2a/Train/Urban/masks_png/1442.png,8b4f14645faef3f736507fc86812944a87b76e61cdf4c1d8d57ce77a7b34bdcf
loveda_train_urban_1443,probe_train,urban,processed/LoveDA/ssl_train_rgb/urban/1443.png,loveda_m2a/Train/Urban/masks_png/1443.png,b6fcd3c5e47d58e8dcf24823ef46c67a093069a6045fff2a8d45da3d29a097e8
loveda_train_urban_1444,probe_train,urban,processed/LoveDA/ssl_train_rgb/urban/1444.png,loveda_m2a/Train/Urban/masks_png/1444.png,fe44ce4ac44a98241a66d3500674c426177dde24904143b6250fbb1679847c86
loveda_train_urban_1445,probe_train,urban,processed/LoveDA/ssl_train_rgb/urban/1445.png,loveda_m2a/Train/Urban/masks_png/1445.png,b586b0571696639712cbc0299afe2705972dacf930c5e4a8c3290127c7786358
loveda_train_urban_1446,probe_train,urban,processed/LoveDA/ssl_train_rgb/urban/1446.png,loveda_m2a/Train/Urban/masks_png/1446.png,b7c5b1c65d9257f3afc3409d9ea32ab3abef861c2901821c607352596058f7c2
loveda_train_urban_1447,probe_train,urban,processed/LoveDA/ssl_train_rgb/urban/1447.png,loveda_m2a/Train/Urban/masks_png/1447.png,ce4fa5e8f08be2cf67ddcbec12bf79be0f0c19b12adeb022feaf32b821170be9
loveda_train_urban_1449,probe_train,urban,processed/LoveDA/ssl_train_rgb/urban/1449.png,loveda_m2a/Train/Urban/masks_png/1449.png,e256e9f2db1391d7696012f9ebf971e7020e4381be27a485d24120a931ef0a24
loveda_train_urban_1450,probe_train,urban,processed/LoveDA/ssl_train_rgb/urban/1450.png,loveda_m2a/Train/Urban/masks_png/1450.png,b8f6049abd2fddf292936c54d36d83effb46443e940b5ae403a31da5995a540c
loveda_train_urban_1453,probe_train,urban,processed/LoveDA/ssl_train_rgb/urban/1453.png,loveda_m2a/Train/Urban/masks_png/1453.png,70af50e75c2d7b7cd14cbbed9601825b30bc6918b46794e950f79235f255c500
loveda_train_urban_1455,probe_train,urban,processed/LoveDA/ssl_train_rgb/urban/1455.png,loveda_m2a/Train/Urban/masks_png/1455.png,53daeff19e97d22eba58cae89e84794bf769b412b2bb84faf5c5a521eae00fd4
loveda_train_urban_1456,probe_train,urban,processed/LoveDA/ssl_train_rgb/urban/1456.png,loveda_m2a/Train/Urban/masks_png/1456.png,b4f8725119c97b351066be32157a3bafa8f21b42381390a53b8c529ef6abc955
loveda_train_urban_1457,probe_train,urban,processed/LoveDA/ssl_train_rgb/urban/1457.png,loveda_m2a/Train/Urban/masks_png/1457.png,0a7caf13ed31ff9194ddb2196402bd22820f6ba52b061a67446ab5d936d0a5f3
loveda_train_urban_1458,probe_train,urban,processed/LoveDA/ssl_train_rgb/urban/1458.png,loveda_m2a/Train/Urban/masks_png/1458.png,58f3323afc6ea08d1318635a2f6b00d575716e7523a8cd51df0f76b092011db0
loveda_train_urban_1461,probe_train,urban,processed/LoveDA/ssl_train_rgb/urban/1461.png,loveda_m2a/Train/Urban/masks_png/1461.png,4453b6e8882acc6614b70596a41470d2c3f075c96e371c2b1f6f53667314d848
loveda_train_urban_1463,probe_train,urban,processed/LoveDA/ssl_train_rgb/urban/1463.png,loveda_m2a/Train/Urban/masks_png/1463.png,58d529d689e6a996282e2b812dbf990970ac0a1805903fd52b97c19661874cd5
loveda_train_urban_1464,probe_train,urban,processed/LoveDA/ssl_train_rgb/urban/1464.png,loveda_m2a/Train/Urban/masks_png/1464.png,9596ab5e17984a92532ca497cc073d4d8d7811c65c7273f2251017b215eeae4b
loveda_train_urban_1465,probe_train,urban,processed/LoveDA/ssl_train_rgb/urban/1465.png,loveda_m2a/Train/Urban/masks_png/1465.png,9924baccc3a074c5e4544171ec0ee9468996679bfb0cf06ba6c57600617aa6b8
loveda_train_urban_1466,probe_train,urban,processed/LoveDA/ssl_train_rgb/urban/1466.png,loveda_m2a/Train/Urban/masks_png/1466.png,247e6932014e9d2126f8a57261cc9ea71d88c40f282f5db5100cc624d8bb239f
loveda_train_urban_1467,probe_train,urban,processed/LoveDA/ssl_train_rgb/urban/1467.png,loveda_m2a/Train/Urban/masks_png/1467.png,ba4c12a2d5ef10b556b1b65684a63fc3a47ea24e417f7f60d496f306efb5a3f9
loveda_train_urban_1468,probe_train,urban,processed/LoveDA/ssl_train_rgb/urban/1468.png,loveda_m2a/Train/Urban/masks_png/1468.png,88316cc5ed8b2e99d43712043c66a56e4e735f6cc553d855b2f203c6abfb0dfb
loveda_train_urban_1469,probe_train,urban,processed/LoveDA/ssl_train_rgb/urban/1469.png,loveda_m2a/Train/Urban/masks_png/1469.png,d58d3e650f038fea2af4499a55665f3c15da5c3328dd51c4169daaae4418b3be
loveda_train_urban_1470,probe_train,urban,processed/LoveDA/ssl_train_rgb/urban/1470.png,loveda_m2a/Train/Urban/masks_png/1470.png,d624ef44ee858b5bf2d0a3214b312eab611d7431ef2cdebf37c562f00c7fea5a
loveda_train_urban_1471,probe_train,urban,processed/LoveDA/ssl_train_rgb/urban/1471.png,loveda_m2a/Train/Urban/masks_png/1471.png,ecf0b95c3c3e0d40dc20a40c632c8b60806423e4b7aa5bc4cb3a12461199ec70
loveda_train_urban_1473,probe_train,urban,processed/LoveDA/ssl_train_rgb/urban/1473.png,loveda_m2a/Train/Urban/masks_png/1473.png,78fd34dbd527c905e6369f8bd17b9f99a06f3b7165ba733a895c0cafa24e0104
loveda_train_urban_1474,probe_train,urban,processed/LoveDA/ssl_train_rgb/urban/1474.png,loveda_m2a/Train/Urban/masks_png/1474.png,fd327b7681e771f70b57ed1a0effd5d3875341011536f513067677f6cd99cfbf
loveda_train_urban_1475,probe_train,urban,processed/LoveDA/ssl_train_rgb/urban/1475.png,loveda_m2a/Train/Urban/masks_png/1475.png,2a8f0a2efcb4d158e8adeab55cf707af1ab5d82725df1d2dafd7708006501bfe
loveda_train_urban_1476,probe_train,urban,processed/LoveDA/ssl_train_rgb/urban/1476.png,loveda_m2a/Train/Urban/masks_png/1476.png,8c1904c9f3bd8d1a16f0701c40228f4be0c1b8c3f57cc7cb17a70565b2580ae4
loveda_train_urban_1479,probe_train,urban,processed/LoveDA/ssl_train_rgb/urban/1479.png,loveda_m2a/Train/Urban/masks_png/1479.png,a49566992d62e4c0b1604ce40cff4e591e78c73cdadb993d97673e79c70e8f8a
loveda_train_urban_1480,probe_train,urban,processed/LoveDA/ssl_train_rgb/urban/1480.png,loveda_m2a/Train/Urban/masks_png/1480.png,020c4a7bc4ec76532c811e37b5c3b7120c8c8e1f1ddbe85fd94baed71d935210
loveda_train_urban_1481,probe_train,urban,processed/LoveDA/ssl_train_rgb/urban/1481.png,loveda_m2a/Train/Urban/masks_png/1481.png,67a8126dc190863403005291864754d58b6fea1c6bbc2a852d1253fb9c9013ea
loveda_train_urban_1482,probe_train,urban,processed/LoveDA/ssl_train_rgb/urban/1482.png,loveda_m2a/Train/Urban/masks_png/1482.png,bb3dcc053b74dd7bd5451017914786ed7d1a1f2f5e4f8c897ea0ad7b1c0b8cbe
loveda_train_urban_1483,probe_train,urban,processed/LoveDA/ssl_train_rgb/urban/1483.png,loveda_m2a/Train/Urban/masks_png/1483.png,3bff297ee543b4c68c32467f9b6454f780d13f1129c43cf579ae8a7ec76272c4
loveda_train_urban_1485,probe_train,urban,processed/LoveDA/ssl_train_rgb/urban/1485.png,loveda_m2a/Train/Urban/masks_png/1485.png,4636d2e5a85a527eb0db13f0e5312db1a6dc828b785c73d4cc17a2a82f9926f6
loveda_train_urban_1486,probe_train,urban,processed/LoveDA/ssl_train_rgb/urban/1486.png,loveda_m2a/Train/Urban/masks_png/1486.png,d5232f6e6ba38125d8a60db7caf371570c5a0f3d2107633a140401d2c365f9d7
loveda_train_urban_1487,probe_train,urban,processed/LoveDA/ssl_train_rgb/urban/1487.png,loveda_m2a/Train/Urban/masks_png/1487.png,632b960d8a9c43c82c21f927240a37ae245a4efcc436753364bd962fbb72589c
loveda_train_urban_1488,probe_train,urban,processed/LoveDA/ssl_train_rgb/urban/1488.png,loveda_m2a/Train/Urban/masks_png/1488.png,d3cc3dc7270d8db65be7327587197bb947a03e3dcfda08b12166bad2d299acf6
loveda_train_urban_1490,probe_train,urban,processed/LoveDA/ssl_train_rgb/urban/1490.png,loveda_m2a/Train/Urban/masks_png/1490.png,82fe4d27ea8d0238c2405b43b598b1cf9fb6ba368965863e7baf57823533112b
loveda_train_urban_1493,probe_train,urban,processed/LoveDA/ssl_train_rgb/urban/1493.png,loveda_m2a/Train/Urban/masks_png/1493.png,050295a2db9699adeed3dccc298b45cefa5ac88d1b293c8b21cb7270af12315e
loveda_train_urban_1494,probe_train,urban,processed/LoveDA/ssl_train_rgb/urban/1494.png,loveda_m2a/Train/Urban/masks_png/1494.png,0c3b4514e794aa2af44c05394ed5996fe97c03983e69b80cfd97537751b3263c
loveda_train_urban_1496,probe_train,urban,processed/LoveDA/ssl_train_rgb/urban/1496.png,loveda_m2a/Train/Urban/masks_png/1496.png,ce0d068d4303ce60c3830d825d7726028297de087b4ba1c4cfc1903c98f01180
loveda_train_urban_1497,probe_train,urban,processed/LoveDA/ssl_train_rgb/urban/1497.png,loveda_m2a/Train/Urban/masks_png/1497.png,d8f1b64ddfbfd698301a85fddaf8e2aa75b6c876b8ab24fe57d8265e9f07ab83
loveda_train_urban_1498,probe_train,urban,processed/LoveDA/ssl_train_rgb/urban/1498.png,loveda_m2a/Train/Urban/masks_png/1498.png,b4cd0f2b1e29f97d2474c0fe2a74ee44d00c933096fbfcf89a3df0901eec7654
loveda_train_urban_1500,probe_train,urban,processed/LoveDA/ssl_train_rgb/urban/1500.png,loveda_m2a/Train/Urban/masks_png/1500.png,0dbe7f32985070a17ce81e57c10f0e4f59d6230291d7bc2ab943c78b9e3cd6e6
loveda_train_urban_1502,probe_train,urban,processed/LoveDA/ssl_train_rgb/urban/1502.png,loveda_m2a/Train/Urban/masks_png/1502.png,ed82d409b824489ef06ebd4831b4c74cdca495b57bd12d79172acf28bdd6e0b6
loveda_train_urban_1503,probe_train,urban,processed/LoveDA/ssl_train_rgb/urban/1503.png,loveda_m2a/Train/Urban/masks_png/1503.png,437894d818716e88e8329493053c47f8971ea4e523d06ac156db4a027c796f67
loveda_train_urban_1504,probe_train,urban,processed/LoveDA/ssl_train_rgb/urban/1504.png,loveda_m2a/Train/Urban/masks_png/1504.png,383029cfc3c54594f91735f629226b2d9ad0e88b63f63e68c3c49d0972b60e48
loveda_train_urban_1505,probe_train,urban,processed/LoveDA/ssl_train_rgb/urban/1505.png,loveda_m2a/Train/Urban/masks_png/1505.png,b82321b89717d1f83e16fe57756cd5fda3ea362726b6ef04a65dd1768d72c924
loveda_train_urban_1506,probe_train,urban,processed/LoveDA/ssl_train_rgb/urban/1506.png,loveda_m2a/Train/Urban/masks_png/1506.png,0f92a7864df61bae0a6314429410272e103f27299e64ac819a46c3b3793c28a7
loveda_train_urban_1507,probe_train,urban,processed/LoveDA/ssl_train_rgb/urban/1507.png,loveda_m2a/Train/Urban/masks_png/1507.png,e064ba910590fe554c7152e1d9f8f947138fe4d08b04a9c07a7bf78a039606a3
loveda_train_urban_1508,probe_train,urban,processed/LoveDA/ssl_train_rgb/urban/1508.png,loveda_m2a/Train/Urban/masks_png/1508.png,cb72e048dfee237d039cd305bcd8ae51f7aaa1cff728c358504ac9a38ac34245
loveda_train_urban_1510,probe_train,urban,processed/LoveDA/ssl_train_rgb/urban/1510.png,loveda_m2a/Train/Urban/masks_png/1510.png,2cdeff6d8140dca3ee256786587e127ce462eb278893f6c6b9d4c74c22969473
loveda_train_urban_1511,probe_train,urban,processed/LoveDA/ssl_train_rgb/urban/1511.png,loveda_m2a/Train/Urban/masks_png/1511.png,74978521f270c4fcf8079d4a2ab108d1384a0e9cebbda41203d575573990206f
loveda_train_urban_1512,probe_train,urban,processed/LoveDA/ssl_train_rgb/urban/1512.png,loveda_m2a/Train/Urban/masks_png/1512.png,aa3c8a3f9f814f30eabce149670eaff573c3386baed67b93b4b691777e273b80
loveda_train_urban_1513,probe_train,urban,processed/LoveDA/ssl_train_rgb/urban/1513.png,loveda_m2a/Train/Urban/masks_png/1513.png,3c91d7745bd057e5d451f98724d35bfbc18df8e31e8feb6eaab9cf2eabc3b4d0
loveda_train_urban_1514,probe_train,urban,processed/LoveDA/ssl_train_rgb/urban/1514.png,loveda_m2a/Train/Urban/masks_png/1514.png,3cdc493a7fafb408a4344ba76172a9782298346c7e3f9433f0983457be690206
loveda_train_urban_1515,probe_train,urban,processed/LoveDA/ssl_train_rgb/urban/1515.png,loveda_m2a/Train/Urban/masks_png/1515.png,1259c233e5f69ccac0a887e7131f26a4c6f9d689116d376d7e251e1bd8fc6ab7
loveda_train_urban_1516,probe_train,urban,processed/LoveDA/ssl_train_rgb/urban/1516.png,loveda_m2a/Train/Urban/masks_png/1516.png,6d97c3650d2d0d0316482fbdfe987225901631fe73abc0b3b4b1b5914a442cbc
loveda_train_urban_1517,probe_train,urban,processed/LoveDA/ssl_train_rgb/urban/1517.png,loveda_m2a/Train/Urban/masks_png/1517.png,af63b58cdbd494f0cbb7ea91c30f95e18a5a6bd0332a08b7e53f27733ff337ec
loveda_train_urban_1518,probe_train,urban,processed/LoveDA/ssl_train_rgb/urban/1518.png,loveda_m2a/Train/Urban/masks_png/1518.png,10ce021e5fcfca3a98e43e4859947b07bcc920175e97e12405bf796dec1d0850
loveda_train_urban_1520,probe_train,urban,processed/LoveDA/ssl_train_rgb/urban/1520.png,loveda_m2a/Train/Urban/masks_png/1520.png,2ab247e93ed48c2131dc2508c08dc2d65af9106b78395d81de9d61d645a92219
loveda_train_urban_1521,probe_train,urban,processed/LoveDA/ssl_train_rgb/urban/1521.png,loveda_m2a/Train/Urban/masks_png/1521.png,7c08a177ce668f311f7282b0b7ffed1953f2dca20468680c7adf65375e45015f
loveda_train_urban_1522,probe_train,urban,processed/LoveDA/ssl_train_rgb/urban/1522.png,loveda_m2a/Train/Urban/masks_png/1522.png,e4e702d5d918b212263413b71dfafe2e5a67fafaa1fd2627541a7efaba3cf4ae
loveda_train_urban_1523,probe_train,urban,processed/LoveDA/ssl_train_rgb/urban/1523.png,loveda_m2a/Train/Urban/masks_png/1523.png,530bc85a793aaea4b3c9ac8d4f70f54c14cdc83f2e89687aa8c2ec967a0ea2b8
loveda_train_urban_1524,probe_train,urban,processed/LoveDA/ssl_train_rgb/urban/1524.png,loveda_m2a/Train/Urban/masks_png/1524.png,f3707dc0ed1ecd3b85ace3cb607e549d4d15958c45377bd7a5eb7405698f266b
loveda_train_urban_1525,probe_train,urban,processed/LoveDA/ssl_train_rgb/urban/1525.png,loveda_m2a/Train/Urban/masks_png/1525.png,e42e4aa2ff4ea53ef2c90b0f5701e471525cb6b7312b349412196cb48511419a
loveda_train_urban_1526,probe_train,urban,processed/LoveDA/ssl_train_rgb/urban/1526.png,loveda_m2a/Train/Urban/masks_png/1526.png,5465151ee41a44ab52167f99be3dd2615724ec7a2799e8728d712f3c290c7cfd
loveda_train_urban_1527,probe_train,urban,processed/LoveDA/ssl_train_rgb/urban/1527.png,loveda_m2a/Train/Urban/masks_png/1527.png,bd2eef4771eb571554981b5a5b955fba4031032581fc1aaa4068c398549829a2
loveda_train_urban_1528,probe_train,urban,processed/LoveDA/ssl_train_rgb/urban/1528.png,loveda_m2a/Train/Urban/masks_png/1528.png,68bbabc64d14af4bff8312a3ff2513ce0a931375f92a59e005d38de860f65c54
loveda_train_urban_1530,probe_train,urban,processed/LoveDA/ssl_train_rgb/urban/1530.png,loveda_m2a/Train/Urban/masks_png/1530.png,8de6ba649bfe211868a732c883cebf996684b2143ac21878866e1f361727f05a
loveda_train_urban_1531,probe_train,urban,processed/LoveDA/ssl_train_rgb/urban/1531.png,loveda_m2a/Train/Urban/masks_png/1531.png,86fbce153f99dd7595e8c050b85445b850dfb88db6ad5dd7784af3f4b2199f36
loveda_train_urban_1532,probe_train,urban,processed/LoveDA/ssl_train_rgb/urban/1532.png,loveda_m2a/Train/Urban/masks_png/1532.png,08dec237a02a981988ddbfec90a4e6a56227d792d718df84992adcefe0bcc2c0
loveda_train_urban_1533,probe_train,urban,processed/LoveDA/ssl_train_rgb/urban/1533.png,loveda_m2a/Train/Urban/masks_png/1533.png,70bec253a0f90e3ba0f1f13275b97999f0d7fe08de5fd43fecd38d6203a500e7
loveda_train_urban_1534,probe_train,urban,processed/LoveDA/ssl_train_rgb/urban/1534.png,loveda_m2a/Train/Urban/masks_png/1534.png,e457069a4c3c33132842e9a621fd042dd9726c8f46273f7b1ef7c64f4a008355
loveda_train_urban_1535,probe_train,urban,processed/LoveDA/ssl_train_rgb/urban/1535.png,loveda_m2a/Train/Urban/masks_png/1535.png,5ca6d4462598a0de0f02205d72f522f1d566a16d9200f581e62ebdcb7098bf9d
loveda_train_urban_1536,probe_train,urban,processed/LoveDA/ssl_train_rgb/urban/1536.png,loveda_m2a/Train/Urban/masks_png/1536.png,93907cbef330b85101f342a11d4885fde77692313679f037a5e6d022e79f0050
loveda_train_urban_1537,probe_train,urban,processed/LoveDA/ssl_train_rgb/urban/1537.png,loveda_m2a/Train/Urban/masks_png/1537.png,f3268bb7681f664d4b6714b3b973f2cc98087a7336c06585430d751850f527d1
loveda_train_urban_1538,probe_train,urban,processed/LoveDA/ssl_train_rgb/urban/1538.png,loveda_m2a/Train/Urban/masks_png/1538.png,306ad12855e36f60f9e8ef5c03745c6e4c99e8e074a841de4b6068e731d2cad2
loveda_train_urban_1539,probe_train,urban,processed/LoveDA/ssl_train_rgb/urban/1539.png,loveda_m2a/Train/Urban/masks_png/1539.png,cc417df390fb4c0a2294b4a00398a71447f42077bce547355cec3857314dbf20
loveda_train_urban_1540,probe_train,urban,processed/LoveDA/ssl_train_rgb/urban/1540.png,loveda_m2a/Train/Urban/masks_png/1540.png,2f3387e71b5f0835fe8a0e20c5b654b4c5668def91916578963f59b07b0fd207
loveda_train_urban_1541,probe_train,urban,processed/LoveDA/ssl_train_rgb/urban/1541.png,loveda_m2a/Train/Urban/masks_png/1541.png,e11f660d95d7452667218c645168013086fe3f754b5e641e589c4c9429eb2ea5
loveda_train_urban_1542,probe_train,urban,processed/LoveDA/ssl_train_rgb/urban/1542.png,loveda_m2a/Train/Urban/masks_png/1542.png,3b54c9f6f06c127d65b7347e227f443b84b3fa84baa3fc2813c63a09183b84be
loveda_train_urban_1543,probe_train,urban,processed/LoveDA/ssl_train_rgb/urban/1543.png,loveda_m2a/Train/Urban/masks_png/1543.png,f879c7d05579ba9bbaf7445bbe382ee31da4e11a5d60a6551bb150abc8a156d6
loveda_train_urban_1544,probe_train,urban,processed/LoveDA/ssl_train_rgb/urban/1544.png,loveda_m2a/Train/Urban/masks_png/1544.png,7be339d659b367f165168ed82b53937ff585d6ac62741ddf923e77d2fa3b7b31
loveda_train_urban_1545,probe_train,urban,processed/LoveDA/ssl_train_rgb/urban/1545.png,loveda_m2a/Train/Urban/masks_png/1545.png,a4587c4e3b34bd0e0518e1a37c670bddc46130a2c78f9e3491bfa43c4a1f2ed6
loveda_train_urban_1546,probe_train,urban,processed/LoveDA/ssl_train_rgb/urban/1546.png,loveda_m2a/Train/Urban/masks_png/1546.png,ef364eece71fba35cd49ecb5b32146dd2b72571f4b172803a7a404252c93974a
loveda_train_urban_1547,probe_train,urban,processed/LoveDA/ssl_train_rgb/urban/1547.png,loveda_m2a/Train/Urban/masks_png/1547.png,84645b63fa73f50ae5e43293f136a4e6492e3d40c13d02af4e9004dea127da4d
loveda_train_urban_1549,probe_train,urban,processed/LoveDA/ssl_train_rgb/urban/1549.png,loveda_m2a/Train/Urban/masks_png/1549.png,93556b5ff61bfa829944c68a47ced1885c6d2ca0a616c840be114bde34264b1c
loveda_train_urban_1550,probe_train,urban,processed/LoveDA/ssl_train_rgb/urban/1550.png,loveda_m2a/Train/Urban/masks_png/1550.png,2cd8cbd20aa20c4c90b7538ab271a100b4e82d32fabaa607019fe8d6f0ad3820
loveda_train_urban_1551,probe_train,urban,processed/LoveDA/ssl_train_rgb/urban/1551.png,loveda_m2a/Train/Urban/masks_png/1551.png,d816cbafa1b6535738d4079b4269e6506778d991935215f65f7f03db6471ea92
loveda_train_urban_1552,probe_train,urban,processed/LoveDA/ssl_train_rgb/urban/1552.png,loveda_m2a/Train/Urban/masks_png/1552.png,687a470d60a96956893df81e1541ae3e64255e882bf9130c3945cc4924667b01
loveda_train_urban_1554,probe_train,urban,processed/LoveDA/ssl_train_rgb/urban/1554.png,loveda_m2a/Train/Urban/masks_png/1554.png,b8b0866b68b23c45ba4bfe88f9a680fd2473d8ae8461f2d698bd4518cb50d1eb
loveda_train_urban_1555,probe_train,urban,processed/LoveDA/ssl_train_rgb/urban/1555.png,loveda_m2a/Train/Urban/masks_png/1555.png,54519d925360c58cd181810c5045fc041b8a2f94efc42eadcfddd44dcf1849ae
loveda_train_urban_1556,probe_train,urban,processed/LoveDA/ssl_train_rgb/urban/1556.png,loveda_m2a/Train/Urban/masks_png/1556.png,539f6389356271912d909ff04ae6acd830b4a4c95d562168407b751511fff13b
loveda_train_urban_1558,probe_train,urban,processed/LoveDA/ssl_train_rgb/urban/1558.png,loveda_m2a/Train/Urban/masks_png/1558.png,58f15c3f65362c08eb649f261fbbb82eec253d7ff0c0ee37117407ab24c9a4d0
loveda_train_urban_1559,probe_train,urban,processed/LoveDA/ssl_train_rgb/urban/1559.png,loveda_m2a/Train/Urban/masks_png/1559.png,3d2ab6e23578148b22743e43b2a861264483614aea849de7f9120dc7361bf849
loveda_train_urban_1560,probe_train,urban,processed/LoveDA/ssl_train_rgb/urban/1560.png,loveda_m2a/Train/Urban/masks_png/1560.png,c59de7f4e9ccdf434752ddf586810a4a6cb632af097e712b1205526abf0ac8fb
loveda_train_urban_1561,probe_train,urban,processed/LoveDA/ssl_train_rgb/urban/1561.png,loveda_m2a/Train/Urban/masks_png/1561.png,9fda6aecd831fbd3d882d3f8b7bda21193dbd15a40413aa447551dbb0195492d
loveda_train_urban_1562,probe_train,urban,processed/LoveDA/ssl_train_rgb/urban/1562.png,loveda_m2a/Train/Urban/masks_png/1562.png,1eb12f2474c622e3463363c6ec21c00fa4c4da5944caa46991df66fc6cab3c45
loveda_train_urban_1563,probe_train,urban,processed/LoveDA/ssl_train_rgb/urban/1563.png,loveda_m2a/Train/Urban/masks_png/1563.png,79bb2603adae7d31fe66b78f086a125115805905cd63442112ef3989dc767c92
loveda_train_urban_1564,probe_train,urban,processed/LoveDA/ssl_train_rgb/urban/1564.png,loveda_m2a/Train/Urban/masks_png/1564.png,3203e5b9b2cc38a9856d73ce3f9d8b034cb994fadd7865b1e61b8742bd02ebf4
loveda_train_urban_1565,probe_train,urban,processed/LoveDA/ssl_train_rgb/urban/1565.png,loveda_m2a/Train/Urban/masks_png/1565.png,b25c060f1ce1caf3481bdeca354afac74df51525fa8c1a9901acb664f1d00f50
loveda_train_urban_1566,probe_train,urban,processed/LoveDA/ssl_train_rgb/urban/1566.png,loveda_m2a/Train/Urban/masks_png/1566.png,98a12a8e00d7228806f005998289e62cc87418290432af4f4f8e5cc220afe85e
loveda_train_urban_1567,probe_train,urban,processed/LoveDA/ssl_train_rgb/urban/1567.png,loveda_m2a/Train/Urban/masks_png/1567.png,179008215f997516ebfabced3ac8dab23bbb16b92cf1a722354c079fe6d16cd0
loveda_train_urban_1568,probe_train,urban,processed/LoveDA/ssl_train_rgb/urban/1568.png,loveda_m2a/Train/Urban/masks_png/1568.png,aea0dd1b62880629418475f14d0bb3ab6d5aba908d770588c0323a8d191bb291
loveda_train_urban_1569,probe_train,urban,processed/LoveDA/ssl_train_rgb/urban/1569.png,loveda_m2a/Train/Urban/masks_png/1569.png,973e9dcc16fb79789a2e0bd833f54275ef5a3c1ba2b615747b16b701ad7a12a3
loveda_train_urban_1570,probe_train,urban,processed/LoveDA/ssl_train_rgb/urban/1570.png,loveda_m2a/Train/Urban/masks_png/1570.png,82dfacdd7f2f1c5e413b0bb6bf8fc8a6641be9280ebd36bb5fc811e6e3d1e0c2
loveda_train_urban_1571,probe_train,urban,processed/LoveDA/ssl_train_rgb/urban/1571.png,loveda_m2a/Train/Urban/masks_png/1571.png,1e9d97350950cab29ec31fd88b701bb400c74792ad30a40402f39979b82e675a
loveda_train_urban_1572,probe_train,urban,processed/LoveDA/ssl_train_rgb/urban/1572.png,loveda_m2a/Train/Urban/masks_png/1572.png,eb256628d72f76eb50327678453ba99c63dda78d1a2fad0db01f897156a1a1c1
loveda_train_urban_1573,probe_train,urban,processed/LoveDA/ssl_train_rgb/urban/1573.png,loveda_m2a/Train/Urban/masks_png/1573.png,b4f044f772ad57ff70b6c81ad2215223d1a73db3c4885aa740cc55b6725aeb53
loveda_train_urban_1574,probe_train,urban,processed/LoveDA/ssl_train_rgb/urban/1574.png,loveda_m2a/Train/Urban/masks_png/1574.png,9195a048ec834fed12ac5b898a3765d09dbb71bbc974b1936588afea2bc3ee92
loveda_train_urban_1575,probe_train,urban,processed/LoveDA/ssl_train_rgb/urban/1575.png,loveda_m2a/Train/Urban/masks_png/1575.png,bbe891fafd176b982c745284964fd30703cef7776ed9e5a4289f0e55e543f03e
loveda_train_urban_1576,probe_train,urban,processed/LoveDA/ssl_train_rgb/urban/1576.png,loveda_m2a/Train/Urban/masks_png/1576.png,97da135517b91fc7daf7120a37f6f883844be7fe9fd7d1d7093d66b202bfd6e3
loveda_train_urban_1577,probe_train,urban,processed/LoveDA/ssl_train_rgb/urban/1577.png,loveda_m2a/Train/Urban/masks_png/1577.png,5cb7741c7fdbf70418371c4bbe035055931684759646b1fffa07e3a9436dec7e
loveda_train_urban_1578,probe_train,urban,processed/LoveDA/ssl_train_rgb/urban/1578.png,loveda_m2a/Train/Urban/masks_png/1578.png,b25b6929b17f06baac0f5239be988794668f955cd0a034335f1f89ca08cb89ec
loveda_train_urban_1579,probe_train,urban,processed/LoveDA/ssl_train_rgb/urban/1579.png,loveda_m2a/Train/Urban/masks_png/1579.png,6402ddddd8258d84c3353413a02b493f458792583d8bffca74d0dab569ba0e26
loveda_train_urban_1580,probe_train,urban,processed/LoveDA/ssl_train_rgb/urban/1580.png,loveda_m2a/Train/Urban/masks_png/1580.png,cb53ed26182438633e0178c9909deb6aa793af997608a1933cea1b73fd0baec0
loveda_train_urban_1582,probe_train,urban,processed/LoveDA/ssl_train_rgb/urban/1582.png,loveda_m2a/Train/Urban/masks_png/1582.png,b2aee6959fbd0f030290508cf3b54889ca2229e4230f895c78a0d9f2127ebf94
loveda_train_urban_1583,probe_train,urban,processed/LoveDA/ssl_train_rgb/urban/1583.png,loveda_m2a/Train/Urban/masks_png/1583.png,2f397a8f685f9af704303cd30bfdafc016c9cfe5e5cad85552d08508f43c73f9
loveda_train_urban_1586,probe_train,urban,processed/LoveDA/ssl_train_rgb/urban/1586.png,loveda_m2a/Train/Urban/masks_png/1586.png,ec48fd45fa2b34c77dd60dbe321d2166345a9439282d0f79162170c7d0e4dbdb
loveda_train_urban_1590,probe_train,urban,processed/LoveDA/ssl_train_rgb/urban/1590.png,loveda_m2a/Train/Urban/masks_png/1590.png,6e74831b6c95ca68809118977e99e216a9434547ab5a59f5a92a5709912375ba
loveda_train_urban_1591,probe_train,urban,processed/LoveDA/ssl_train_rgb/urban/1591.png,loveda_m2a/Train/Urban/masks_png/1591.png,9b4fdb5e953353b000ea713e930c7f55de5f5eaa100d4b3426eb53dac65a980a
loveda_train_urban_1592,probe_train,urban,processed/LoveDA/ssl_train_rgb/urban/1592.png,loveda_m2a/Train/Urban/masks_png/1592.png,37154033913b553226ab6097ee72c13f3b4ef9ff2e3010e74618a54a90ccea03
loveda_train_urban_1593,probe_train,urban,processed/LoveDA/ssl_train_rgb/urban/1593.png,loveda_m2a/Train/Urban/masks_png/1593.png,631633294ff35a72e6a0643b5f229fcd3d445ed51ca8870f11ca58547617d1af
loveda_train_urban_1595,probe_train,urban,processed/LoveDA/ssl_train_rgb/urban/1595.png,loveda_m2a/Train/Urban/masks_png/1595.png,ad69d27a2d2f593ffd0e270280696327848b871f3e9897a4da3a602a559b9162
loveda_train_urban_1596,probe_train,urban,processed/LoveDA/ssl_train_rgb/urban/1596.png,loveda_m2a/Train/Urban/masks_png/1596.png,530e8136b3368984e0feed61ab03d79811b8e7c11b08d0ad5bb5edeb9909ee5a
loveda_train_urban_1597,probe_train,urban,processed/LoveDA/ssl_train_rgb/urban/1597.png,loveda_m2a/Train/Urban/masks_png/1597.png,4f17e25d032915666e200ce0f839afd0cd678c790714e5d87d2195d24f6a2f6e
loveda_train_urban_1598,probe_train,urban,processed/LoveDA/ssl_train_rgb/urban/1598.png,loveda_m2a/Train/Urban/masks_png/1598.png,a2f2bca44ee72895b419129336848bdaf0482bb00fa13fb674f7865cb7bde82b
loveda_train_urban_1600,probe_train,urban,processed/LoveDA/ssl_train_rgb/urban/1600.png,loveda_m2a/Train/Urban/masks_png/1600.png,6f97fa7dccdf10d8cd83d9e1f33c595e75338dc3732a293fe6a75f7069034dbf
loveda_train_urban_1601,probe_train,urban,processed/LoveDA/ssl_train_rgb/urban/1601.png,loveda_m2a/Train/Urban/masks_png/1601.png,fcca848118ab2a860edc8ea33ea4cbb3250564f80a786de28456f63de49a0b20
loveda_train_urban_1602,probe_train,urban,processed/LoveDA/ssl_train_rgb/urban/1602.png,loveda_m2a/Train/Urban/masks_png/1602.png,099e432fc0006c30c1c7ebf92a644522f3651066ef7a06f312352463ea798ae6
loveda_train_urban_1604,probe_train,urban,processed/LoveDA/ssl_train_rgb/urban/1604.png,loveda_m2a/Train/Urban/masks_png/1604.png,d4d7997d4aa562d0aae6650e958ab783a66dd54da0b83639b8e2c476aa9cdc9e
loveda_train_urban_1605,probe_train,urban,processed/LoveDA/ssl_train_rgb/urban/1605.png,loveda_m2a/Train/Urban/masks_png/1605.png,241288219af1fe3f809a2c5ee80e48a002c8f037a805e35858532aff31213654
loveda_train_urban_1606,probe_train,urban,processed/LoveDA/ssl_train_rgb/urban/1606.png,loveda_m2a/Train/Urban/masks_png/1606.png,fd955c1f5cc5dca07650a9cc40d98f5dbaf2d2d2393dd889bc8ad19c6e93c3ff
loveda_train_urban_1608,probe_train,urban,processed/LoveDA/ssl_train_rgb/urban/1608.png,loveda_m2a/Train/Urban/masks_png/1608.png,8ba5d126f7e1b049f69a9efba192c7bace1a10ff49abe2d0a9bc53f13d97b40c
loveda_train_urban_1610,probe_train,urban,processed/LoveDA/ssl_train_rgb/urban/1610.png,loveda_m2a/Train/Urban/masks_png/1610.png,59bdb01ea2ffe1195e2bbdde98eda60b064d2bc80f00020cbee8fef85b6f0e88
loveda_train_urban_1611,probe_train,urban,processed/LoveDA/ssl_train_rgb/urban/1611.png,loveda_m2a/Train/Urban/masks_png/1611.png,32e31333437693ef6d3d402a7de52e2d14a246a0a3657fde230b4566877ca2d4
loveda_train_urban_1613,probe_train,urban,processed/LoveDA/ssl_train_rgb/urban/1613.png,loveda_m2a/Train/Urban/masks_png/1613.png,25b21bccd7186c3dfcd4faefca55765d12978cf564468b6a4dfcf9ccd8ff8253
loveda_train_urban_1615,probe_train,urban,processed/LoveDA/ssl_train_rgb/urban/1615.png,loveda_m2a/Train/Urban/masks_png/1615.png,5c9459c3c0e0ed4fbdf3dad28c13261035f259871e81d79815c998b17126a9ab
loveda_train_urban_1617,probe_train,urban,processed/LoveDA/ssl_train_rgb/urban/1617.png,loveda_m2a/Train/Urban/masks_png/1617.png,b5df7638a2bc5af82238abbcebbeb9c1f053c13ccb71377fa926b22d3635391d
loveda_train_urban_1618,probe_train,urban,processed/LoveDA/ssl_train_rgb/urban/1618.png,loveda_m2a/Train/Urban/masks_png/1618.png,e18f27d50352d53e7688e3682352c5b0fe07da0c1ae22387b737cfa4ebbf749d
loveda_train_urban_1619,probe_train,urban,processed/LoveDA/ssl_train_rgb/urban/1619.png,loveda_m2a/Train/Urban/masks_png/1619.png,047335107b2bf3cbb6aff84f5c00e4471139a5793d9600763ade958c3b46a828
loveda_train_urban_1620,probe_train,urban,processed/LoveDA/ssl_train_rgb/urban/1620.png,loveda_m2a/Train/Urban/masks_png/1620.png,255241dc6925cae9b11d2a0ab9dee3ea7549af369366875e191c002a15af1d86
loveda_train_urban_1621,probe_train,urban,processed/LoveDA/ssl_train_rgb/urban/1621.png,loveda_m2a/Train/Urban/masks_png/1621.png,233be76801bd27c7752804deeea6632054302c063c53bb293b655290b9ea65a8
loveda_train_urban_1622,probe_train,urban,processed/LoveDA/ssl_train_rgb/urban/1622.png,loveda_m2a/Train/Urban/masks_png/1622.png,255d8690139fc406cfc3bd8d3a567d7e864076f65eae9799f47f53894e4aa775
loveda_train_urban_1623,probe_train,urban,processed/LoveDA/ssl_train_rgb/urban/1623.png,loveda_m2a/Train/Urban/masks_png/1623.png,ff02ee88e1c1b080b720befd8614b6ccb627e68ec7cf2e93073b3a046775ee35
loveda_train_urban_1624,probe_train,urban,processed/LoveDA/ssl_train_rgb/urban/1624.png,loveda_m2a/Train/Urban/masks_png/1624.png,f48541d219e0fb43ab9b43d05b279bbdf82c82516b6681711c7b6aa9041a88c1
loveda_train_urban_1625,probe_train,urban,processed/LoveDA/ssl_train_rgb/urban/1625.png,loveda_m2a/Train/Urban/masks_png/1625.png,9b5be325e26165ab13f52bd241197cf585d7cf1cb7f850e7f1cb7ce216359885
loveda_train_urban_1626,probe_train,urban,processed/LoveDA/ssl_train_rgb/urban/1626.png,loveda_m2a/Train/Urban/masks_png/1626.png,54bb0bae28fe6d0b79fa45902c033ff842d5a78267535c18bea0d9440ed9327b
loveda_train_urban_1627,probe_train,urban,processed/LoveDA/ssl_train_rgb/urban/1627.png,loveda_m2a/Train/Urban/masks_png/1627.png,b31381699077a28465fd2d536dd2391bcc49596e9007d23487fd22eb3056fd89
loveda_train_urban_1628,probe_train,urban,processed/LoveDA/ssl_train_rgb/urban/1628.png,loveda_m2a/Train/Urban/masks_png/1628.png,96cabfe53e18d7f52da4a79d897ff2c6b7b788caa5af1b65ce3b50d950558cf8
loveda_train_urban_1629,probe_train,urban,processed/LoveDA/ssl_train_rgb/urban/1629.png,loveda_m2a/Train/Urban/masks_png/1629.png,9d607adb3c7435801648f4765d6f63fa7c5f7b4ace659bae6844786a02fdef5c
loveda_train_urban_1630,probe_train,urban,processed/LoveDA/ssl_train_rgb/urban/1630.png,loveda_m2a/Train/Urban/masks_png/1630.png,aef8607c07308a6376e18ec42f9de829d9803b3131616207e93d4ed4ca277f9a
loveda_train_urban_1632,probe_train,urban,processed/LoveDA/ssl_train_rgb/urban/1632.png,loveda_m2a/Train/Urban/masks_png/1632.png,3af0d99f1cf0bcedaa256d2baecaa77022a464d11815dae4c4df14b1bc06478d
loveda_train_urban_1633,probe_train,urban,processed/LoveDA/ssl_train_rgb/urban/1633.png,loveda_m2a/Train/Urban/masks_png/1633.png,eb41f4b1a5665cc2e74ed8efc1e987c5e86ae025fe4376393d9e453e4ddc38e7
loveda_train_urban_1634,probe_train,urban,processed/LoveDA/ssl_train_rgb/urban/1634.png,loveda_m2a/Train/Urban/masks_png/1634.png,2182aec13b869c84c9236afcf3862ec5ed614495394c946c2a86b1f97aafce59
loveda_train_urban_1635,probe_train,urban,processed/LoveDA/ssl_train_rgb/urban/1635.png,loveda_m2a/Train/Urban/masks_png/1635.png,47b22a2b93bb52126f5bed159514d81df6b39e761427c09b3598d3fcc45983d2
loveda_train_urban_1636,probe_train,urban,processed/LoveDA/ssl_train_rgb/urban/1636.png,loveda_m2a/Train/Urban/masks_png/1636.png,e26b3716ef21c97ff9d3cc491e115cc7c60110fc089a36204236f77ca63038a0
loveda_train_urban_1637,probe_train,urban,processed/LoveDA/ssl_train_rgb/urban/1637.png,loveda_m2a/Train/Urban/masks_png/1637.png,1da35c838099ec30851f0a9c2e66921d4a6477889a21fee8939ced23138883da
loveda_train_urban_1638,probe_train,urban,processed/LoveDA/ssl_train_rgb/urban/1638.png,loveda_m2a/Train/Urban/masks_png/1638.png,0041a47aed0158b4d459e0459844cfc16cd2373b841b3153598006f3dfa4fd2a
loveda_train_urban_1640,probe_train,urban,processed/LoveDA/ssl_train_rgb/urban/1640.png,loveda_m2a/Train/Urban/masks_png/1640.png,ba10e1b7501cfb4b98d234572233d3ff43788affb6e0f192c106010313d753bd
loveda_train_urban_1641,probe_train,urban,processed/LoveDA/ssl_train_rgb/urban/1641.png,loveda_m2a/Train/Urban/masks_png/1641.png,ee2ae2b0305c6cd8e9e069f84193e6d989f7fbf109669cbe200b0a6baf73ed2b
loveda_train_urban_1642,probe_train,urban,processed/LoveDA/ssl_train_rgb/urban/1642.png,loveda_m2a/Train/Urban/masks_png/1642.png,6ae6053d8983fc1245518f08635464da7410c89ac9e5f05bbe5886a892e84b27
loveda_train_urban_1643,probe_train,urban,processed/LoveDA/ssl_train_rgb/urban/1643.png,loveda_m2a/Train/Urban/masks_png/1643.png,f105ba1a2fb53ea9b5c3d9d7a2de36917366bfa5af53d41c1c70c81697d1b7f7
loveda_train_urban_1644,probe_train,urban,processed/LoveDA/ssl_train_rgb/urban/1644.png,loveda_m2a/Train/Urban/masks_png/1644.png,295d62f295122838f3314fc1181dc0a261a975b0b081c1557df737d2b380e8b1
loveda_train_urban_1645,probe_train,urban,processed/LoveDA/ssl_train_rgb/urban/1645.png,loveda_m2a/Train/Urban/masks_png/1645.png,000171410f422044ec7b37afbdc6dfdd7c0e0d3971db7934b134a923c1261796
loveda_train_urban_1646,probe_train,urban,processed/LoveDA/ssl_train_rgb/urban/1646.png,loveda_m2a/Train/Urban/masks_png/1646.png,d76ae82bce3c4461d6cab2d034f6188d60cff6ca4d8e470d7917c0f55b618502
loveda_train_urban_1647,probe_train,urban,processed/LoveDA/ssl_train_rgb/urban/1647.png,loveda_m2a/Train/Urban/masks_png/1647.png,7417cd30d25b12eb7b12254f0c7479a3ba69fc70d9deffc71e30fc8abce0f03b
loveda_train_urban_1648,probe_train,urban,processed/LoveDA/ssl_train_rgb/urban/1648.png,loveda_m2a/Train/Urban/masks_png/1648.png,7d73e07c775bca246bf0c9a4c60f9d029e24034fc84e65dc770e22affd136615
loveda_train_urban_1649,probe_train,urban,processed/LoveDA/ssl_train_rgb/urban/1649.png,loveda_m2a/Train/Urban/masks_png/1649.png,e7023bea96b13c4fed1a546613e065a46c80b401a17e1d6e22fe17b39e589339
loveda_train_urban_1650,probe_train,urban,processed/LoveDA/ssl_train_rgb/urban/1650.png,loveda_m2a/Train/Urban/masks_png/1650.png,db636bfe0d91967c8f95b5745c983fc5f40ce6103520df776038ba7f1ff96a2a
loveda_train_urban_1651,probe_train,urban,processed/LoveDA/ssl_train_rgb/urban/1651.png,loveda_m2a/Train/Urban/masks_png/1651.png,c9e07738c3ad07f950309c1d50f3b15b2fa05c1a88d379f031759441d24c8f59
loveda_train_urban_1654,probe_train,urban,processed/LoveDA/ssl_train_rgb/urban/1654.png,loveda_m2a/Train/Urban/masks_png/1654.png,0338c4da358208a31d86f26be7d863476c63d3c4cf0b7ed0fd9368ceb1034b0c
loveda_train_urban_1655,probe_train,urban,processed/LoveDA/ssl_train_rgb/urban/1655.png,loveda_m2a/Train/Urban/masks_png/1655.png,08337be49ea34e03f9a6d77934e35b4074c66c5daf6928a7cc0cc17bc13d055f
loveda_train_urban_1656,probe_train,urban,processed/LoveDA/ssl_train_rgb/urban/1656.png,loveda_m2a/Train/Urban/masks_png/1656.png,7a5f101b6c107d834b28b0084dbc3e6d285bc6a1e6e06ae93feb552193c093fe
loveda_train_urban_1657,probe_train,urban,processed/LoveDA/ssl_train_rgb/urban/1657.png,loveda_m2a/Train/Urban/masks_png/1657.png,39fafc63feb61d35ecba2c5897a77dde2a5ed7dcedc0034c5cc8ba2f2410a4ac
loveda_train_urban_1658,probe_train,urban,processed/LoveDA/ssl_train_rgb/urban/1658.png,loveda_m2a/Train/Urban/masks_png/1658.png,42cf44b4c7a113c58c1fd330e11448a13c4765f1cbd822ce4d3e800212fd8a32
loveda_train_urban_1659,probe_train,urban,processed/LoveDA/ssl_train_rgb/urban/1659.png,loveda_m2a/Train/Urban/masks_png/1659.png,b854139a111abd9898922c37dac265a223fdb90f9ee520a39b81cc7eaabb41b1
loveda_train_urban_1660,probe_train,urban,processed/LoveDA/ssl_train_rgb/urban/1660.png,loveda_m2a/Train/Urban/masks_png/1660.png,381d472b40164b4d7768443e385a7c820b6a93737a7ae83e71838a7a9eb163dc
loveda_train_urban_1661,probe_train,urban,processed/LoveDA/ssl_train_rgb/urban/1661.png,loveda_m2a/Train/Urban/masks_png/1661.png,8ae9c5dcb424fe0ec980d3c9423f7c7dfa68757976e08ac020efdd99fca1d77c
loveda_train_urban_1662,probe_train,urban,processed/LoveDA/ssl_train_rgb/urban/1662.png,loveda_m2a/Train/Urban/masks_png/1662.png,63d2b315460ebe24547eec6d95e114b6ea8e074e476aca411405d4173338b08a
loveda_train_urban_1663,probe_train,urban,processed/LoveDA/ssl_train_rgb/urban/1663.png,loveda_m2a/Train/Urban/masks_png/1663.png,3cbdc66856984f4fe48398543285a9f9ca9230e30c7c1a9274dd954636ed4782
loveda_train_urban_1664,probe_train,urban,processed/LoveDA/ssl_train_rgb/urban/1664.png,loveda_m2a/Train/Urban/masks_png/1664.png,61fafcc82ad0e6b3349e36a46ff6b0b6a8b42677bea56a62a9672aad2237782e
loveda_train_urban_1666,probe_train,urban,processed/LoveDA/ssl_train_rgb/urban/1666.png,loveda_m2a/Train/Urban/masks_png/1666.png,77846be82e0fdf32bb405b845dbb3dfd2f31138ee23c6ba5374816a8089ed0d6
loveda_train_urban_1667,probe_train,urban,processed/LoveDA/ssl_train_rgb/urban/1667.png,loveda_m2a/Train/Urban/masks_png/1667.png,468d94558c1c57ba230fbd3de2e672174759bf5f008b81c87f3a9c1f74d2890a
loveda_train_urban_1668,probe_train,urban,processed/LoveDA/ssl_train_rgb/urban/1668.png,loveda_m2a/Train/Urban/masks_png/1668.png,70811548ff00751bd16eb2ba33c9f7d1d294b22c06142f143e21d9625b9b3a93
loveda_train_urban_1669,probe_train,urban,processed/LoveDA/ssl_train_rgb/urban/1669.png,loveda_m2a/Train/Urban/masks_png/1669.png,2e159f9f4651ec8850724732b827823bb873f8bbbb5d38c7fd11e0f305d526ff
loveda_train_urban_1670,probe_train,urban,processed/LoveDA/ssl_train_rgb/urban/1670.png,loveda_m2a/Train/Urban/masks_png/1670.png,23e0f305c8bfe6b9b0775128e791d03f0b6a41a3a7d00953868cb533d53dc769
loveda_train_urban_1671,probe_train,urban,processed/LoveDA/ssl_train_rgb/urban/1671.png,loveda_m2a/Train/Urban/masks_png/1671.png,c1c5afafa4c30bab89ef9dc54dc05d32695ef75aa3acacb839460be48710a3f9
loveda_train_urban_1672,probe_train,urban,processed/LoveDA/ssl_train_rgb/urban/1672.png,loveda_m2a/Train/Urban/masks_png/1672.png,551cd442644165b4bde3174721ef0547cff8c16d457b141023d03428b3e15fac
loveda_train_urban_1673,probe_train,urban,processed/LoveDA/ssl_train_rgb/urban/1673.png,loveda_m2a/Train/Urban/masks_png/1673.png,f8d47e0640e5f895c0655e719d5b79c51d0a4ba1d852960dd0505d1bb3feda68
loveda_train_urban_1674,probe_train,urban,processed/LoveDA/ssl_train_rgb/urban/1674.png,loveda_m2a/Train/Urban/masks_png/1674.png,3fe2024cdd1e25292bd88d4641a30c39e9d50b18d6cf3e2405dc362be8693dd8
loveda_train_urban_1675,probe_train,urban,processed/LoveDA/ssl_train_rgb/urban/1675.png,loveda_m2a/Train/Urban/masks_png/1675.png,9dcc4494a03fc2fe8968235adb0590843b771a9d726f43c3ff2aaf49d8c5c731
loveda_train_urban_1676,probe_train,urban,processed/LoveDA/ssl_train_rgb/urban/1676.png,loveda_m2a/Train/Urban/masks_png/1676.png,3dc42cf4e70f36c46fbc0e434c5d287af059e9f17cdaf2abffc80bb165fe1ec8
loveda_train_urban_1678,probe_train,urban,processed/LoveDA/ssl_train_rgb/urban/1678.png,loveda_m2a/Train/Urban/masks_png/1678.png,7e6489725924fd55e0356a15d68f3bcf5b1622a4d6cf7f4714c4a3a74bfdb2c8
loveda_train_urban_1679,probe_train,urban,processed/LoveDA/ssl_train_rgb/urban/1679.png,loveda_m2a/Train/Urban/masks_png/1679.png,bbf3532ccb1f48a19fdeb1a11682e903d87f0224017e25aa2819bb8782b69b45
loveda_train_urban_1680,probe_train,urban,processed/LoveDA/ssl_train_rgb/urban/1680.png,loveda_m2a/Train/Urban/masks_png/1680.png,f6417ab52309b789073c1bc87b0446c1aabecfd5c1b025ba783d3a1497cbc11e
loveda_train_urban_1682,probe_train,urban,processed/LoveDA/ssl_train_rgb/urban/1682.png,loveda_m2a/Train/Urban/masks_png/1682.png,b5fbec4044e43ad3c89063e94f583015b814bf8aadc56b90f057acf45eea7f96
loveda_train_urban_1683,probe_train,urban,processed/LoveDA/ssl_train_rgb/urban/1683.png,loveda_m2a/Train/Urban/masks_png/1683.png,1cead4ea196125772f33557f2d41bd205b7de92bc292cfd97955b072f9a9ecba
loveda_train_urban_1684,probe_train,urban,processed/LoveDA/ssl_train_rgb/urban/1684.png,loveda_m2a/Train/Urban/masks_png/1684.png,b544ae487758a8fac5d66b93f9e7b02888f99edc020f96b41c66e3a84b2e9ed6
loveda_train_urban_1687,probe_train,urban,processed/LoveDA/ssl_train_rgb/urban/1687.png,loveda_m2a/Train/Urban/masks_png/1687.png,a12cd9d8cee02ab35ae55efa423a2e6570c6caac9e5b0486d4a8534b1959ce81
loveda_train_urban_1688,probe_train,urban,processed/LoveDA/ssl_train_rgb/urban/1688.png,loveda_m2a/Train/Urban/masks_png/1688.png,5f5daea17e483aeef3f58a0066b7047d977b590362f66f3e37b9a8c6abab963c
loveda_train_urban_1689,probe_train,urban,processed/LoveDA/ssl_train_rgb/urban/1689.png,loveda_m2a/Train/Urban/masks_png/1689.png,46e78590352fb0a31947b54e167aba1cf55a01af327a3a5c15ff109e061372d5
loveda_train_urban_1691,probe_train,urban,processed/LoveDA/ssl_train_rgb/urban/1691.png,loveda_m2a/Train/Urban/masks_png/1691.png,a0ac3ed0227aa674546a703cfdaa2725c567d100368af06dd1bbaaae85c56e31
loveda_train_urban_1692,probe_train,urban,processed/LoveDA/ssl_train_rgb/urban/1692.png,loveda_m2a/Train/Urban/masks_png/1692.png,4e81e111a442b73c6e66152a074bd3c270ef218f1ca51a51a1f8acd2cae4ee03
loveda_train_urban_1693,probe_train,urban,processed/LoveDA/ssl_train_rgb/urban/1693.png,loveda_m2a/Train/Urban/masks_png/1693.png,152bc683123311ebc1fb3a9824a383760f851f87a181e55d629e6d1c801107fe
loveda_train_urban_1694,probe_train,urban,processed/LoveDA/ssl_train_rgb/urban/1694.png,loveda_m2a/Train/Urban/masks_png/1694.png,8aa0088de5c257c5ecfeda2a4e8f6a8e46b41171ed348c9067942d854211a861
loveda_train_urban_1697,probe_train,urban,processed/LoveDA/ssl_train_rgb/urban/1697.png,loveda_m2a/Train/Urban/masks_png/1697.png,1a67f85867e254da704ba588def35204b64be4d95e3a48e64dbfca4867fd1742
loveda_train_urban_1698,probe_train,urban,processed/LoveDA/ssl_train_rgb/urban/1698.png,loveda_m2a/Train/Urban/masks_png/1698.png,270c6bbcf9b3e2710beedb6b2e7467c87bdd9204400611a2e3712a9bca9c05a4
loveda_train_urban_1699,probe_train,urban,processed/LoveDA/ssl_train_rgb/urban/1699.png,loveda_m2a/Train/Urban/masks_png/1699.png,56e285963a90474710c058c823657d3110b863f0afd89ba58d2e7cf6b092fa1a
loveda_train_urban_1700,probe_train,urban,processed/LoveDA/ssl_train_rgb/urban/1700.png,loveda_m2a/Train/Urban/masks_png/1700.png,0b4ff876ffdd2023703b2ba205f2b4e097ccd56b89ebfd5d43de924dac68a5a9
loveda_train_urban_1702,probe_train,urban,processed/LoveDA/ssl_train_rgb/urban/1702.png,loveda_m2a/Train/Urban/masks_png/1702.png,40b66c6725b04063214bbaf053a99cbf8e312d91079e918731627db134f4de34
loveda_train_urban_1703,probe_train,urban,processed/LoveDA/ssl_train_rgb/urban/1703.png,loveda_m2a/Train/Urban/masks_png/1703.png,f85542261f41c796a6c2375bfb58704dd49aca660eb2b8b0db1970ed43a006bc
loveda_train_urban_1704,probe_train,urban,processed/LoveDA/ssl_train_rgb/urban/1704.png,loveda_m2a/Train/Urban/masks_png/1704.png,d774e8331bf1d3de5112e763fd9ed6ff4be66d61eb668a33f1b10944fb0867d3
loveda_train_urban_1705,probe_train,urban,processed/LoveDA/ssl_train_rgb/urban/1705.png,loveda_m2a/Train/Urban/masks_png/1705.png,bcb226611c1982b21469bff38d74c29563d575861d4ec128328cf9c82cec7c95
loveda_train_urban_1707,probe_train,urban,processed/LoveDA/ssl_train_rgb/urban/1707.png,loveda_m2a/Train/Urban/masks_png/1707.png,3d68c10c0fa9c530ca5ad4479439c077e677bce6cad0b6948ea682477d289686
loveda_train_urban_1711,probe_train,urban,processed/LoveDA/ssl_train_rgb/urban/1711.png,loveda_m2a/Train/Urban/masks_png/1711.png,ee39a054adcb29ece15856318bf52baf37d639bece8df799983b2eacf624eada
loveda_train_urban_1712,probe_train,urban,processed/LoveDA/ssl_train_rgb/urban/1712.png,loveda_m2a/Train/Urban/masks_png/1712.png,9d9485fe54af824f0c2b226dac770b347b04d394f78dedcc853af2b6082ffd6b
loveda_train_urban_1714,probe_train,urban,processed/LoveDA/ssl_train_rgb/urban/1714.png,loveda_m2a/Train/Urban/masks_png/1714.png,070196914d49b5559699fe17ecb6fb752bd82b86798251708c5d6cea4dee865b
loveda_train_urban_1715,probe_train,urban,processed/LoveDA/ssl_train_rgb/urban/1715.png,loveda_m2a/Train/Urban/masks_png/1715.png,b25411269b788d975fad48f5abd0c84468839b52565f3a99e6be29f0702dc613
loveda_train_urban_1716,probe_train,urban,processed/LoveDA/ssl_train_rgb/urban/1716.png,loveda_m2a/Train/Urban/masks_png/1716.png,5c0e2ca1395fe8bd60f48bc6a7dfd4bdc83c8f7473fae4662bbf5362d485a11f
loveda_train_urban_1717,probe_train,urban,processed/LoveDA/ssl_train_rgb/urban/1717.png,loveda_m2a/Train/Urban/masks_png/1717.png,d8ebf47fb0e30de341224f25963c0337f0c934f560495968c81ac13518d3b6d9
loveda_train_urban_1718,probe_train,urban,processed/LoveDA/ssl_train_rgb/urban/1718.png,loveda_m2a/Train/Urban/masks_png/1718.png,6391e629d935b22a6f5a3f3422998cf6af5e153a87dfd407687ca27cd9526f6b
loveda_train_urban_1720,probe_train,urban,processed/LoveDA/ssl_train_rgb/urban/1720.png,loveda_m2a/Train/Urban/masks_png/1720.png,051984aa8fd597565a35e0fc4a8d9e7678aab9daa4bae5adae9489b7fc71e006
loveda_train_urban_1721,probe_train,urban,processed/LoveDA/ssl_train_rgb/urban/1721.png,loveda_m2a/Train/Urban/masks_png/1721.png,f315362141db68204b3debe59f103e771e9d1afa088791e3c6ea11a5324ef821
loveda_train_urban_1722,probe_train,urban,processed/LoveDA/ssl_train_rgb/urban/1722.png,loveda_m2a/Train/Urban/masks_png/1722.png,e260119716c396e2691e3c0797419cd13fd5a7f1a46825482bc15440cd6eaa87
loveda_train_urban_1723,probe_train,urban,processed/LoveDA/ssl_train_rgb/urban/1723.png,loveda_m2a/Train/Urban/masks_png/1723.png,a8e65bd98001a8bd50d2594ca2dca55784521c2ee59cc57a814bf43b1a0d20f7
loveda_train_urban_1724,probe_train,urban,processed/LoveDA/ssl_train_rgb/urban/1724.png,loveda_m2a/Train/Urban/masks_png/1724.png,675c699d80aec625c4f8e69bddbd5ef043528b9df9068b97ff0de7fee745cafd
loveda_train_urban_1725,probe_train,urban,processed/LoveDA/ssl_train_rgb/urban/1725.png,loveda_m2a/Train/Urban/masks_png/1725.png,8f7ba7ef26552aef581e83658d337978a45ca189da4622c40aec3e046675fae6
loveda_train_urban_1727,probe_train,urban,processed/LoveDA/ssl_train_rgb/urban/1727.png,loveda_m2a/Train/Urban/masks_png/1727.png,59a42df9740ff0b3081d1d439543fe3619a40c703f8c82a72e3aae1b3cbcfc4f
loveda_train_urban_1728,probe_train,urban,processed/LoveDA/ssl_train_rgb/urban/1728.png,loveda_m2a/Train/Urban/masks_png/1728.png,626c482578524a6d8df8360443828c79761ac6e9b86d7449a4f84c72c2901a44
loveda_train_urban_1729,probe_train,urban,processed/LoveDA/ssl_train_rgb/urban/1729.png,loveda_m2a/Train/Urban/masks_png/1729.png,d53a848a394bb52444aa7abfb467b88f22e5c724b3febd8f463aa11eb78ab815
loveda_train_urban_1730,probe_train,urban,processed/LoveDA/ssl_train_rgb/urban/1730.png,loveda_m2a/Train/Urban/masks_png/1730.png,7dcc9a87c1f2d7e846599d0804775b207a55ac84666c18442780f88a9b94bb87
loveda_train_urban_1732,probe_train,urban,processed/LoveDA/ssl_train_rgb/urban/1732.png,loveda_m2a/Train/Urban/masks_png/1732.png,bf2e841e20833ccd00c723744574e178622858c1260c3dc7259be15722eec40b
loveda_train_urban_1733,probe_train,urban,processed/LoveDA/ssl_train_rgb/urban/1733.png,loveda_m2a/Train/Urban/masks_png/1733.png,ece4a516117f143207d4751702f5e0f973268d928078df1f1d9717d39c37cb00
loveda_train_urban_1734,probe_train,urban,processed/LoveDA/ssl_train_rgb/urban/1734.png,loveda_m2a/Train/Urban/masks_png/1734.png,9fe3f3b2cbb958505b795102d956671029242e63c76e8ecf8e1750d772a89abc
loveda_train_urban_1737,probe_train,urban,processed/LoveDA/ssl_train_rgb/urban/1737.png,loveda_m2a/Train/Urban/masks_png/1737.png,38fa4a3fa1edfa8e7baf284bdf5533a8fb0987dd0b48d87e90fd605bda0a1b46
loveda_train_urban_1738,probe_train,urban,processed/LoveDA/ssl_train_rgb/urban/1738.png,loveda_m2a/Train/Urban/masks_png/1738.png,cc65bb8fbed49b8cd947b4dbd847d7a306f172e21e73a6f50d0d05aa16e98df8
loveda_train_urban_1739,probe_train,urban,processed/LoveDA/ssl_train_rgb/urban/1739.png,loveda_m2a/Train/Urban/masks_png/1739.png,e90b8df218f9f2655f1c31e798e27ce72d3c320b6c714b495bdb560f3870e86e
loveda_train_urban_1740,probe_train,urban,processed/LoveDA/ssl_train_rgb/urban/1740.png,loveda_m2a/Train/Urban/masks_png/1740.png,24de3b52099318022fb6f7e863451d019338d5becd5ba1b3f841d40e23aca1c7
loveda_train_urban_1741,probe_train,urban,processed/LoveDA/ssl_train_rgb/urban/1741.png,loveda_m2a/Train/Urban/masks_png/1741.png,9f2e9994ecf6be34c8dcc4031f741d703e72f2e4bab1cb369305fea41761cbf6
loveda_train_urban_1742,probe_train,urban,processed/LoveDA/ssl_train_rgb/urban/1742.png,loveda_m2a/Train/Urban/masks_png/1742.png,ad633ae44af187aab927daf29b6ce7242187730c21708e137eb80b73dca3583a
loveda_train_urban_1743,probe_train,urban,processed/LoveDA/ssl_train_rgb/urban/1743.png,loveda_m2a/Train/Urban/masks_png/1743.png,1b5a6023f678a140f9917f52a617defe2cb4fe102073da5efc5da34680ec3c83
loveda_train_urban_1744,probe_train,urban,processed/LoveDA/ssl_train_rgb/urban/1744.png,loveda_m2a/Train/Urban/masks_png/1744.png,8634f619d3b35ecd3efab12c85c1ef91e9fd0a3c6a23b50ed84ebfed56e87058
loveda_train_urban_1745,probe_train,urban,processed/LoveDA/ssl_train_rgb/urban/1745.png,loveda_m2a/Train/Urban/masks_png/1745.png,0f21745ce18e4bcafb16d2b807e9a56caa24c676e7f0e13fd2f9ee1f3fac6ec7
loveda_train_urban_1746,probe_train,urban,processed/LoveDA/ssl_train_rgb/urban/1746.png,loveda_m2a/Train/Urban/masks_png/1746.png,d6ca1bf1aa032680246728acaabf561c7fb52e5c48899bb4b5d34aaf3d1ba304
loveda_train_urban_1748,probe_train,urban,processed/LoveDA/ssl_train_rgb/urban/1748.png,loveda_m2a/Train/Urban/masks_png/1748.png,81fc8b8c33b1d36d87d3f83bfc90590d05c733c11fc0f20fc322f68a947cf359
loveda_train_urban_1749,probe_train,urban,processed/LoveDA/ssl_train_rgb/urban/1749.png,loveda_m2a/Train/Urban/masks_png/1749.png,a15f9e075473e99482e19577496e60797e888b083a19b650dc0b85c247699fde
loveda_train_urban_1750,probe_train,urban,processed/LoveDA/ssl_train_rgb/urban/1750.png,loveda_m2a/Train/Urban/masks_png/1750.png,65f2f000d41ac905d91c73835ee06c5cda914532788a67bf31af93fcd99fbe65
loveda_train_urban_1751,probe_train,urban,processed/LoveDA/ssl_train_rgb/urban/1751.png,loveda_m2a/Train/Urban/masks_png/1751.png,b23b6e26ea014b127b2d27f0e4be7f0b4a57790ead915efc73e4251186f59566
loveda_train_urban_1752,probe_train,urban,processed/LoveDA/ssl_train_rgb/urban/1752.png,loveda_m2a/Train/Urban/masks_png/1752.png,2feb26a8a0dc35dfdf42afc01c0cc1b77918e63a150537b528df970d6a9f6b90
loveda_train_urban_1753,probe_train,urban,processed/LoveDA/ssl_train_rgb/urban/1753.png,loveda_m2a/Train/Urban/masks_png/1753.png,e9b5e56482d42a292bce23d973ff9ff7e0ea8725849f99dae3a45e6cac38dd25
loveda_train_urban_1754,probe_train,urban,processed/LoveDA/ssl_train_rgb/urban/1754.png,loveda_m2a/Train/Urban/masks_png/1754.png,dcfb5be3d6f455eabdfef74f82ea77249d1ac48291cd5b5905b7bf80987fc5fc
loveda_train_urban_1756,probe_train,urban,processed/LoveDA/ssl_train_rgb/urban/1756.png,loveda_m2a/Train/Urban/masks_png/1756.png,212fd4983084df2c99e3203a26a32f6159856b823be3fa632f62346f71b12be9
loveda_train_urban_1757,probe_train,urban,processed/LoveDA/ssl_train_rgb/urban/1757.png,loveda_m2a/Train/Urban/masks_png/1757.png,e9a332a9af7d81a01ce47cbe7b825456a59d823224d18832a85928e77bddefd3
loveda_train_urban_1759,probe_train,urban,processed/LoveDA/ssl_train_rgb/urban/1759.png,loveda_m2a/Train/Urban/masks_png/1759.png,a137c6704e908f76ef06fe58b5d639c1beb9cd2fbe6d5028e60c7d81177c24eb
loveda_train_urban_1760,probe_train,urban,processed/LoveDA/ssl_train_rgb/urban/1760.png,loveda_m2a/Train/Urban/masks_png/1760.png,94903031708f5b171860eab6651976e135da60c182c15f105741b28ee49a2e41
loveda_train_urban_1766,probe_train,urban,processed/LoveDA/ssl_train_rgb/urban/1766.png,loveda_m2a/Train/Urban/masks_png/1766.png,105fd5325f08ef0f6141a788b679068e20b6f2f441818055677a172bec14d24f
loveda_train_urban_1767,probe_train,urban,processed/LoveDA/ssl_train_rgb/urban/1767.png,loveda_m2a/Train/Urban/masks_png/1767.png,e1fdb5337f4c0035ee29a43b4618108745e141fc871282889ea1cf0214d585ad
loveda_train_urban_1768,probe_train,urban,processed/LoveDA/ssl_train_rgb/urban/1768.png,loveda_m2a/Train/Urban/masks_png/1768.png,ee962c6d4e637a6fa4f8bdb5e6221e613b968334f000adbaab77a237e62b79aa
loveda_train_urban_1769,probe_train,urban,processed/LoveDA/ssl_train_rgb/urban/1769.png,loveda_m2a/Train/Urban/masks_png/1769.png,1297395752de65e5b9161a1c786315a4bc728da32b978d88cb9937214306fe34
loveda_train_urban_1770,probe_train,urban,processed/LoveDA/ssl_train_rgb/urban/1770.png,loveda_m2a/Train/Urban/masks_png/1770.png,c3921cfca77fa10d43e2b2e2fd752d653d126bc6091a26ffa33cea612c7d73b4
loveda_train_urban_1771,probe_train,urban,processed/LoveDA/ssl_train_rgb/urban/1771.png,loveda_m2a/Train/Urban/masks_png/1771.png,d227f8e83b47f5743f172f07ad8fee29cb36bdc23b15caadb2fbe3a898a47f35
loveda_train_urban_1772,probe_train,urban,processed/LoveDA/ssl_train_rgb/urban/1772.png,loveda_m2a/Train/Urban/masks_png/1772.png,17f11b607356b07ee02452b8bf6158a4e3fd8b0003d626451cddf1970237f1b5
loveda_train_urban_1774,probe_train,urban,processed/LoveDA/ssl_train_rgb/urban/1774.png,loveda_m2a/Train/Urban/masks_png/1774.png,d065b564fdaf8c48c6e77c402c4ec56131ef19ed120fd54f7b1f2e7bd472120e
loveda_train_urban_1775,probe_train,urban,processed/LoveDA/ssl_train_rgb/urban/1775.png,loveda_m2a/Train/Urban/masks_png/1775.png,6457b23422cb02f89350419c93cc57dbb542efcb62341ffe60df33dbd42d1977
loveda_train_urban_1776,probe_train,urban,processed/LoveDA/ssl_train_rgb/urban/1776.png,loveda_m2a/Train/Urban/masks_png/1776.png,52d7b630a70c97f7c8e69733c0dad9e1894b00517278db0df71b95c40f073b12
loveda_train_urban_1777,probe_train,urban,processed/LoveDA/ssl_train_rgb/urban/1777.png,loveda_m2a/Train/Urban/masks_png/1777.png,91980fc8e7e65e8c3aea47a0cc3ccdee8d2b4a2db635a69a66558a4eda5ec1d6
loveda_train_urban_1779,probe_train,urban,processed/LoveDA/ssl_train_rgb/urban/1779.png,loveda_m2a/Train/Urban/masks_png/1779.png,4ca200a046558cf9ea0c9d0e578adbc570169f48ead1691ab0bba69b2be609c7
loveda_train_urban_1781,probe_train,urban,processed/LoveDA/ssl_train_rgb/urban/1781.png,loveda_m2a/Train/Urban/masks_png/1781.png,ce65e9d650257a25f697e009fd2dd86e9ffad8a84e4f6c229fb5c904251b8144
loveda_train_urban_1782,probe_train,urban,processed/LoveDA/ssl_train_rgb/urban/1782.png,loveda_m2a/Train/Urban/masks_png/1782.png,77a4df06a98a52d8ea09531d31d20bafbee716df2cb13cd2e8deca172a5a6f0b
loveda_train_urban_1783,probe_train,urban,processed/LoveDA/ssl_train_rgb/urban/1783.png,loveda_m2a/Train/Urban/masks_png/1783.png,8a5756c60c9f25a7b5cbe45b9ae8bf65bfa388b8f881a97f19ec137979dd0e90
loveda_train_urban_1784,probe_train,urban,processed/LoveDA/ssl_train_rgb/urban/1784.png,loveda_m2a/Train/Urban/masks_png/1784.png,429502f157f76db9484f62275c9544c490c38c87f736544e141a0085b5909491
loveda_train_urban_1786,probe_train,urban,processed/LoveDA/ssl_train_rgb/urban/1786.png,loveda_m2a/Train/Urban/masks_png/1786.png,18cac5a80e12ad6c1a986c637ba341af72bd593055513fd38129dfb45a138a36
loveda_train_urban_1787,probe_train,urban,processed/LoveDA/ssl_train_rgb/urban/1787.png,loveda_m2a/Train/Urban/masks_png/1787.png,9956cf5bdcdd1bb5e7edebd99caa0481eab23c0f6a1d8e0022bda07ebe0fd014
loveda_train_urban_1788,probe_train,urban,processed/LoveDA/ssl_train_rgb/urban/1788.png,loveda_m2a/Train/Urban/masks_png/1788.png,423a3905e429a0274a111864aa4f6f67dfa5f98581aa7987372ef22966e85f83
loveda_train_urban_1789,probe_train,urban,processed/LoveDA/ssl_train_rgb/urban/1789.png,loveda_m2a/Train/Urban/masks_png/1789.png,ddc3515adcfc5365a1f7c351836cc90b455895b85b9035ce114cc1afa3f43497
loveda_train_urban_1790,probe_train,urban,processed/LoveDA/ssl_train_rgb/urban/1790.png,loveda_m2a/Train/Urban/masks_png/1790.png,a860194680bb5ec6fd36f8a79c2454a5783d260d18e72b18472d0dcb95593424
loveda_train_urban_1791,probe_train,urban,processed/LoveDA/ssl_train_rgb/urban/1791.png,loveda_m2a/Train/Urban/masks_png/1791.png,8016c9c1c64708110435ba4492d6638a5bfef480d1e9a7a469f6230a7a22ab7b
loveda_train_urban_1792,probe_train,urban,processed/LoveDA/ssl_train_rgb/urban/1792.png,loveda_m2a/Train/Urban/masks_png/1792.png,3a5f68251a57bdf955734def2848d82f7469c2a2677b420b808255cee5e0f99b
loveda_train_urban_1794,probe_train,urban,processed/LoveDA/ssl_train_rgb/urban/1794.png,loveda_m2a/Train/Urban/masks_png/1794.png,19f5a13355381b9cf0fe2e1993c9543f62828e05dcdf2bff26f54c10fb8808f4
loveda_train_urban_1795,probe_train,urban,processed/LoveDA/ssl_train_rgb/urban/1795.png,loveda_m2a/Train/Urban/masks_png/1795.png,b16dfe4a9a4bbe97ec967747ef1bdd6562174a87602e7526559854700cc40f7a
loveda_train_urban_1796,probe_train,urban,processed/LoveDA/ssl_train_rgb/urban/1796.png,loveda_m2a/Train/Urban/masks_png/1796.png,cdfab7bee38505395f5ab53e290b921188ce3a7725e5d94ed57de08b792ec538
loveda_train_urban_1798,probe_train,urban,processed/LoveDA/ssl_train_rgb/urban/1798.png,loveda_m2a/Train/Urban/masks_png/1798.png,9736774a690c17ac8d3c3a13afec19d838e045a0e91396c41bc6b4463e57cc10
loveda_train_urban_1799,probe_train,urban,processed/LoveDA/ssl_train_rgb/urban/1799.png,loveda_m2a/Train/Urban/masks_png/1799.png,b762aa2c6d53f9f18322e9b819badb2aa64f0b7bdeaeddfc970a9672d291e832
loveda_train_urban_1800,probe_train,urban,processed/LoveDA/ssl_train_rgb/urban/1800.png,loveda_m2a/Train/Urban/masks_png/1800.png,39f004eb9f6d7b0fe46d86f5b90f67e20f94444ec16417fef613a2d51695896b
loveda_train_urban_1801,probe_train,urban,processed/LoveDA/ssl_train_rgb/urban/1801.png,loveda_m2a/Train/Urban/masks_png/1801.png,7f5a34742a73290e0701810bd1026ca71da059dad5044b9750d5e0d82936f44d
loveda_train_urban_1802,probe_train,urban,processed/LoveDA/ssl_train_rgb/urban/1802.png,loveda_m2a/Train/Urban/masks_png/1802.png,de739a0adc39851bb40faf0322a181f551cd2e6f351ab46467f043e22f00fe95
loveda_train_urban_1804,probe_train,urban,processed/LoveDA/ssl_train_rgb/urban/1804.png,loveda_m2a/Train/Urban/masks_png/1804.png,063ebd4d6c190ae936009da2cf750aa21c56e7d139fe7d57b8aa2e4c2783d645
loveda_train_urban_1805,probe_train,urban,processed/LoveDA/ssl_train_rgb/urban/1805.png,loveda_m2a/Train/Urban/masks_png/1805.png,c8badc88cc17902959e61e4067137fba0dbc588cba66d5d5fcd4f019cdcf817e
loveda_train_urban_1808,probe_train,urban,processed/LoveDA/ssl_train_rgb/urban/1808.png,loveda_m2a/Train/Urban/masks_png/1808.png,95377cccd0bfb56e1eb10fa38d2726604c0236c94774e20a9fd2002e9e9379f3
loveda_train_urban_1809,probe_train,urban,processed/LoveDA/ssl_train_rgb/urban/1809.png,loveda_m2a/Train/Urban/masks_png/1809.png,0fafa628c1042277eed8f2195425e72d47e745ec716dd02aceeecfba88efba4f
loveda_train_urban_1810,probe_train,urban,processed/LoveDA/ssl_train_rgb/urban/1810.png,loveda_m2a/Train/Urban/masks_png/1810.png,9d625873cae97c5da80511aefa7b9435ac94fc966a201f12374ada15a883f379
loveda_train_urban_1811,probe_train,urban,processed/LoveDA/ssl_train_rgb/urban/1811.png,loveda_m2a/Train/Urban/masks_png/1811.png,54ec533447e125d7851a07b4e1a4a9d6b8b80fad16d54d3e713c5c9fa907c57a
loveda_train_urban_1812,probe_train,urban,processed/LoveDA/ssl_train_rgb/urban/1812.png,loveda_m2a/Train/Urban/masks_png/1812.png,839c2cef9c11b55e388c5664d0ed3300d67c4d75e0a0e5f8d7e80e0e3d4555b2
loveda_train_urban_1813,probe_train,urban,processed/LoveDA/ssl_train_rgb/urban/1813.png,loveda_m2a/Train/Urban/masks_png/1813.png,6a0bc9326f06aada81539480f96dfdcfd4ccb3cce55071aea9837acf4efab5da
loveda_train_urban_1814,probe_train,urban,processed/LoveDA/ssl_train_rgb/urban/1814.png,loveda_m2a/Train/Urban/masks_png/1814.png,00173d643f7847ed805328a069e9091e01919a592b253e5c2523b12a40c5ad13
loveda_train_urban_1815,probe_train,urban,processed/LoveDA/ssl_train_rgb/urban/1815.png,loveda_m2a/Train/Urban/masks_png/1815.png,12f5e90e5f4c180f06127c8506fe510fab0a9a570775976ff83231538cf2c2ab
loveda_train_urban_1816,probe_train,urban,processed/LoveDA/ssl_train_rgb/urban/1816.png,loveda_m2a/Train/Urban/masks_png/1816.png,eedbab6f2c947d1d06859d00e4d3f73e80f0ce2407449b7f4e196b5fdde7ceac
loveda_train_urban_1817,probe_train,urban,processed/LoveDA/ssl_train_rgb/urban/1817.png,loveda_m2a/Train/Urban/masks_png/1817.png,9d064d29893a1e32d526445904924ed5eee8d361195a0ac1b44b27cc6681abcf
loveda_train_urban_1818,probe_train,urban,processed/LoveDA/ssl_train_rgb/urban/1818.png,loveda_m2a/Train/Urban/masks_png/1818.png,c8a1d01676104d2990d930823cbbf848af98c3678abfa19d68a8d50b0a295288
loveda_train_urban_1820,probe_train,urban,processed/LoveDA/ssl_train_rgb/urban/1820.png,loveda_m2a/Train/Urban/masks_png/1820.png,e1f447004342a45089a1eada8b93590545b43924b9e26ee6956be83823a8b300
loveda_train_urban_1821,probe_train,urban,processed/LoveDA/ssl_train_rgb/urban/1821.png,loveda_m2a/Train/Urban/masks_png/1821.png,797107a7201d3b0d2f8742bfade8bd63b8d218fe85c9252511939d5a5ba95439
loveda_train_urban_1822,probe_train,urban,processed/LoveDA/ssl_train_rgb/urban/1822.png,loveda_m2a/Train/Urban/masks_png/1822.png,b58d3aab1439c90d5d89987c728ffad5656adacd106fc23e3084b8b4f55cf777
loveda_train_urban_1823,probe_train,urban,processed/LoveDA/ssl_train_rgb/urban/1823.png,loveda_m2a/Train/Urban/masks_png/1823.png,d0a789920217a4242a47255652b27940187687b674edd7c069a75116c4de148f
loveda_train_urban_1824,probe_train,urban,processed/LoveDA/ssl_train_rgb/urban/1824.png,loveda_m2a/Train/Urban/masks_png/1824.png,23611928e8a34a59142adbafa17a242e37b9ee4f585207ef26584f235b4596b0
loveda_train_urban_1825,probe_train,urban,processed/LoveDA/ssl_train_rgb/urban/1825.png,loveda_m2a/Train/Urban/masks_png/1825.png,5fa442e55bdecf20a2b2fc3cd8e4015e09ed0058a54e8907c276d423f474196a
loveda_train_urban_1826,probe_train,urban,processed/LoveDA/ssl_train_rgb/urban/1826.png,loveda_m2a/Train/Urban/masks_png/1826.png,fa2f4b251accbc038e30f9acbc0e93f4ca5bcb7e148fb7351a4ea52cf79be77d
loveda_train_urban_1827,probe_train,urban,processed/LoveDA/ssl_train_rgb/urban/1827.png,loveda_m2a/Train/Urban/masks_png/1827.png,3123e6359b3bad456d6242a2f70303fb01904e64e3502d66ba05e6bb9e9f506f
loveda_train_urban_1829,probe_train,urban,processed/LoveDA/ssl_train_rgb/urban/1829.png,loveda_m2a/Train/Urban/masks_png/1829.png,bc5595f988caf0c2bae59b14ffc09e9e29eafd95eaccdaf57f1ee880beda7616
loveda_train_urban_1831,probe_train,urban,processed/LoveDA/ssl_train_rgb/urban/1831.png,loveda_m2a/Train/Urban/masks_png/1831.png,9709627214b6a5a02d31bf4d34a0556c7e2ccf65a351a8294fadcee87108bb80
loveda_train_urban_1832,probe_train,urban,processed/LoveDA/ssl_train_rgb/urban/1832.png,loveda_m2a/Train/Urban/masks_png/1832.png,ed1637956d90067534e96d1f94bf17e426af875085f3ab999558465644bf440f
loveda_train_urban_1833,probe_train,urban,processed/LoveDA/ssl_train_rgb/urban/1833.png,loveda_m2a/Train/Urban/masks_png/1833.png,81c2e9866ee393d0f5ee0c6cf892ddf1bf599c32b188ce1e759af462986d7fb8
loveda_train_urban_1834,probe_train,urban,processed/LoveDA/ssl_train_rgb/urban/1834.png,loveda_m2a/Train/Urban/masks_png/1834.png,f2076a1b15493ba7097c3507e0136564d66bec51cde10204878169d643bdc5eb
loveda_train_urban_1835,probe_train,urban,processed/LoveDA/ssl_train_rgb/urban/1835.png,loveda_m2a/Train/Urban/masks_png/1835.png,11dcf1f8a9369f33b84bc0ec12f609087e9d2c0ff387a60a2e637a7b82d57abb
loveda_train_urban_1836,probe_train,urban,processed/LoveDA/ssl_train_rgb/urban/1836.png,loveda_m2a/Train/Urban/masks_png/1836.png,fa015f334d9cca3d58bdf7b718e2d7c64a98ab62e3784487c836fdb4f669a32b
loveda_train_urban_1837,probe_train,urban,processed/LoveDA/ssl_train_rgb/urban/1837.png,loveda_m2a/Train/Urban/masks_png/1837.png,9e7906ea43663940703e3e5c0e392a69716c19f7fa134659a01222d4fdd1ea30
loveda_train_urban_1839,probe_train,urban,processed/LoveDA/ssl_train_rgb/urban/1839.png,loveda_m2a/Train/Urban/masks_png/1839.png,280849490c308145803abfec82990d710e3b2a32c2e68cc911f8e962cde5a1fc
loveda_train_urban_1840,probe_train,urban,processed/LoveDA/ssl_train_rgb/urban/1840.png,loveda_m2a/Train/Urban/masks_png/1840.png,8bda0cb79ade486f04931cf37c78e938663688347fe6b7cdab49efe117fcefa8
loveda_train_urban_1842,probe_train,urban,processed/LoveDA/ssl_train_rgb/urban/1842.png,loveda_m2a/Train/Urban/masks_png/1842.png,ba642809e79f6d2c21af864156281ddc04181606ce1e04bc6d72679677736cd5
loveda_train_urban_1843,probe_train,urban,processed/LoveDA/ssl_train_rgb/urban/1843.png,loveda_m2a/Train/Urban/masks_png/1843.png,f91769f04e804185b58e7c14a36e64cab502d8dd5f86e9a480c2bf5a0bb0c6c6
loveda_train_urban_1844,probe_train,urban,processed/LoveDA/ssl_train_rgb/urban/1844.png,loveda_m2a/Train/Urban/masks_png/1844.png,f0fedccee9e03dcf3ea93c17bbf3395b169046a54a0458d7d0d523f89426d8e5
loveda_train_urban_1845,probe_train,urban,processed/LoveDA/ssl_train_rgb/urban/1845.png,loveda_m2a/Train/Urban/masks_png/1845.png,11bc7a9afac4b0dccb22197f924f16ca8657ac58fbf66c28742652c26c8335a8
loveda_train_urban_1847,probe_train,urban,processed/LoveDA/ssl_train_rgb/urban/1847.png,loveda_m2a/Train/Urban/masks_png/1847.png,546d51752370e67e97fb722db20be35c98cf2d510dbe9b299bf42c8f71112bd0
loveda_train_urban_1848,probe_train,urban,processed/LoveDA/ssl_train_rgb/urban/1848.png,loveda_m2a/Train/Urban/masks_png/1848.png,da39db9b9d193e359becc7fef259b11d2a9b5c4fc3623a3cdaaaa50bf0465403
loveda_train_urban_1849,probe_train,urban,processed/LoveDA/ssl_train_rgb/urban/1849.png,loveda_m2a/Train/Urban/masks_png/1849.png,24322e6e153d480cbcd2f124702b85d9950253ab543ee59df1e2208b83c66e7b
loveda_train_urban_1850,probe_train,urban,processed/LoveDA/ssl_train_rgb/urban/1850.png,loveda_m2a/Train/Urban/masks_png/1850.png,f069346f7c29c333dc4540d50ae4922e5a14bf66b0f81eed59b2ea85511e3392
loveda_train_urban_1851,probe_train,urban,processed/LoveDA/ssl_train_rgb/urban/1851.png,loveda_m2a/Train/Urban/masks_png/1851.png,8a125bc490048e0079cf0aedbcd7a92cc2348a44ac4d3d3c8a6cf26606f6e5c1
loveda_train_urban_1852,probe_train,urban,processed/LoveDA/ssl_train_rgb/urban/1852.png,loveda_m2a/Train/Urban/masks_png/1852.png,a94b819adbd32065366bcf16a54940e38412b56d1898dfef8e29e024e66f1683
loveda_train_urban_1853,probe_train,urban,processed/LoveDA/ssl_train_rgb/urban/1853.png,loveda_m2a/Train/Urban/masks_png/1853.png,4300215b9f1ce3f0c97c459ffb8357b5d0966446ddc8b79d23f7351159576cb7
loveda_train_urban_1854,probe_train,urban,processed/LoveDA/ssl_train_rgb/urban/1854.png,loveda_m2a/Train/Urban/masks_png/1854.png,9f0279ef39b01a65440acef1bf71f7d1837195ce7bb986143d3219c17bef77ea
loveda_train_urban_1855,probe_train,urban,processed/LoveDA/ssl_train_rgb/urban/1855.png,loveda_m2a/Train/Urban/masks_png/1855.png,07df007f9b7760718ffd66912ef649ea8e01dcb68bee6bd0fda2d03d4fbe8307
loveda_train_urban_1858,probe_train,urban,processed/LoveDA/ssl_train_rgb/urban/1858.png,loveda_m2a/Train/Urban/masks_png/1858.png,9dcff2775307adf70fc86e43ea2f61d13c2bf0a9445d6b03b9a0d66d4bc3852c
loveda_train_urban_1859,probe_train,urban,processed/LoveDA/ssl_train_rgb/urban/1859.png,loveda_m2a/Train/Urban/masks_png/1859.png,d940010707f980109c47c8ce017866f5d09199b068c683d8328bb97e165f4a7f
loveda_train_urban_1861,probe_train,urban,processed/LoveDA/ssl_train_rgb/urban/1861.png,loveda_m2a/Train/Urban/masks_png/1861.png,dea51080981b9c59b202f99192bcbc118cf1c0363a947396a4c22a00d11e9324
loveda_train_urban_1862,probe_train,urban,processed/LoveDA/ssl_train_rgb/urban/1862.png,loveda_m2a/Train/Urban/masks_png/1862.png,0c5e7fd29490ff525e3f70b5dcbd580f2fc5b79de2960a0faba752c8f0f43e0e
loveda_train_urban_1863,probe_train,urban,processed/LoveDA/ssl_train_rgb/urban/1863.png,loveda_m2a/Train/Urban/masks_png/1863.png,0a3769a309b4a422193d546d1e4b528a6250dcbd6fdede33751a6c45b1c67bba
loveda_train_urban_1864,probe_train,urban,processed/LoveDA/ssl_train_rgb/urban/1864.png,loveda_m2a/Train/Urban/masks_png/1864.png,d940cc605b43cc995b150e676ed998ed549536a4d1beea7e88a8182b08d1173d
loveda_train_urban_1865,probe_train,urban,processed/LoveDA/ssl_train_rgb/urban/1865.png,loveda_m2a/Train/Urban/masks_png/1865.png,753e0d9597529445a6846de11acbfaaedcaed8b848184482121d7766f7fe5c4e
loveda_train_urban_1866,probe_train,urban,processed/LoveDA/ssl_train_rgb/urban/1866.png,loveda_m2a/Train/Urban/masks_png/1866.png,0d79b8791d4a8dae943c42a161c75ef7fd60b8be245141e5b0f541981726bf3b
loveda_train_urban_1868,probe_train,urban,processed/LoveDA/ssl_train_rgb/urban/1868.png,loveda_m2a/Train/Urban/masks_png/1868.png,958032aa80f758eea18ba5fc010c892a76b3c4fd82bbf6b386f387c4152f4ef0
loveda_train_urban_1869,probe_train,urban,processed/LoveDA/ssl_train_rgb/urban/1869.png,loveda_m2a/Train/Urban/masks_png/1869.png,1593022831be6a1f7a6396c7a674ceaece7e52d36c0de3aa255be244e98122c8
loveda_train_urban_1870,probe_train,urban,processed/LoveDA/ssl_train_rgb/urban/1870.png,loveda_m2a/Train/Urban/masks_png/1870.png,39a348c62f2993063f96e32b1c2d3e40486b6ee2bc0054b2ad6a047577b0504b
loveda_train_urban_1871,probe_train,urban,processed/LoveDA/ssl_train_rgb/urban/1871.png,loveda_m2a/Train/Urban/masks_png/1871.png,0bcca18b46a2cbc1fa109003e1ee0f6a65b6e957cdf57d021fba3eb325d73eb7
loveda_train_urban_1872,probe_train,urban,processed/LoveDA/ssl_train_rgb/urban/1872.png,loveda_m2a/Train/Urban/masks_png/1872.png,73f17d5b8d96d8e620e99aa33f7b2e5618836a8d059371742e570a62abbbb9d2
loveda_train_urban_1873,probe_train,urban,processed/LoveDA/ssl_train_rgb/urban/1873.png,loveda_m2a/Train/Urban/masks_png/1873.png,8b6300cda36caa13ae071ebc5fb9a750ee96be1166d815803d7bdba0ecb6764b
loveda_train_urban_1875,probe_train,urban,processed/LoveDA/ssl_train_rgb/urban/1875.png,loveda_m2a/Train/Urban/masks_png/1875.png,f460a8f52ebc66bb6510e8b2841808af64ac0bbc265ae770936b393296ea47f0
loveda_train_urban_1876,probe_train,urban,processed/LoveDA/ssl_train_rgb/urban/1876.png,loveda_m2a/Train/Urban/masks_png/1876.png,86e8d925c21f713b5211eac84ff9ea58196cd07ce966e318019b0e4a34c12ca7
loveda_train_urban_1877,probe_train,urban,processed/LoveDA/ssl_train_rgb/urban/1877.png,loveda_m2a/Train/Urban/masks_png/1877.png,41e49492cc8a425867d117d24803905babe2199cf745b800de01f3facf8feda9
loveda_train_urban_1878,probe_train,urban,processed/LoveDA/ssl_train_rgb/urban/1878.png,loveda_m2a/Train/Urban/masks_png/1878.png,42de1dbbbf5489727c1a3000334c157e8bc7d159f51581f32aa1c922b7036645
loveda_train_urban_1879,probe_train,urban,processed/LoveDA/ssl_train_rgb/urban/1879.png,loveda_m2a/Train/Urban/masks_png/1879.png,8a3bdf67bf7a9cf367e697a05565cc21cd86126e5a6722fe9d1fb2e8b279e9af
loveda_train_urban_1882,probe_train,urban,processed/LoveDA/ssl_train_rgb/urban/1882.png,loveda_m2a/Train/Urban/masks_png/1882.png,2a59d4d3cbf3869ec065270e2b85b7689f5303bd0b71c00c6ad643e5c6e7e672
loveda_train_urban_1884,probe_train,urban,processed/LoveDA/ssl_train_rgb/urban/1884.png,loveda_m2a/Train/Urban/masks_png/1884.png,6ac2c7b4304195428c2e6c47c9d7731ba4a51254e92a98261c289e97848afb88
loveda_train_urban_1885,probe_train,urban,processed/LoveDA/ssl_train_rgb/urban/1885.png,loveda_m2a/Train/Urban/masks_png/1885.png,a24fa2195eeeb5a04142e647fa7cc666b08474d83b0bcecfc8f8f20d2106f251
loveda_train_urban_1886,probe_train,urban,processed/LoveDA/ssl_train_rgb/urban/1886.png,loveda_m2a/Train/Urban/masks_png/1886.png,7a4edde5b512b3e9e50601af81f8bd370f350bbf3e0b624814c10b3b8793e91b
loveda_train_urban_1887,probe_train,urban,processed/LoveDA/ssl_train_rgb/urban/1887.png,loveda_m2a/Train/Urban/masks_png/1887.png,252f8aa42f452c75aef5809595eeccb06a4a0febd220e45bcbc31a659678438f
loveda_train_urban_1888,probe_train,urban,processed/LoveDA/ssl_train_rgb/urban/1888.png,loveda_m2a/Train/Urban/masks_png/1888.png,19bec1617e19bfa093219d370cf6348622df994d96ee167e422740c60bed211d
loveda_train_urban_1890,probe_train,urban,processed/LoveDA/ssl_train_rgb/urban/1890.png,loveda_m2a/Train/Urban/masks_png/1890.png,7986fe1f031b25eb28c5015c5ffc97d3d8d2af60fca63a48aefef224b9f68967
loveda_train_urban_1892,probe_train,urban,processed/LoveDA/ssl_train_rgb/urban/1892.png,loveda_m2a/Train/Urban/masks_png/1892.png,99d9342e38472f95d2adbe07b79934ac3fefff6b6dfabd5f07e211f0df5f93bd
loveda_train_urban_1893,probe_train,urban,processed/LoveDA/ssl_train_rgb/urban/1893.png,loveda_m2a/Train/Urban/masks_png/1893.png,4ae1d0158676b5ac9b939431ed92e5bd30bef7f2e2712cfea130d1fbd9f6a217
loveda_train_urban_1895,probe_train,urban,processed/LoveDA/ssl_train_rgb/urban/1895.png,loveda_m2a/Train/Urban/masks_png/1895.png,466e2efee3bf2f64b00823b2df7a24a5d2aa9effde65c5c539c1aa911c81d17a
loveda_train_urban_1896,probe_train,urban,processed/LoveDA/ssl_train_rgb/urban/1896.png,loveda_m2a/Train/Urban/masks_png/1896.png,27807f9afe84ca65a0170fb8b080d942580e7d5fc311650fbfc9fce2c9c8f572
loveda_train_urban_1897,probe_train,urban,processed/LoveDA/ssl_train_rgb/urban/1897.png,loveda_m2a/Train/Urban/masks_png/1897.png,9b97b369c2efa9508db194cfe9f47edcea376e8a6dca02de710be50d2148757b
loveda_train_urban_1899,probe_train,urban,processed/LoveDA/ssl_train_rgb/urban/1899.png,loveda_m2a/Train/Urban/masks_png/1899.png,0308d054c1fe6594ef095bd30674fe54928b2d3a4325b600fb860ff737e39cd8
loveda_train_urban_1900,probe_train,urban,processed/LoveDA/ssl_train_rgb/urban/1900.png,loveda_m2a/Train/Urban/masks_png/1900.png,14df590e00fc822011f5b8622a5f1ad94b3bec392323d20374f2120f17a733f9
loveda_train_urban_1901,probe_train,urban,processed/LoveDA/ssl_train_rgb/urban/1901.png,loveda_m2a/Train/Urban/masks_png/1901.png,3115d78f71110c32cdc6c3d4db5ea7e0b110041578a1f74544bca091637558fe
loveda_train_urban_1902,probe_train,urban,processed/LoveDA/ssl_train_rgb/urban/1902.png,loveda_m2a/Train/Urban/masks_png/1902.png,be715eeff3819cd7c2beb1ec343d3fab7b2c25c7987e87e1c489358f3300549a
loveda_train_urban_1903,probe_train,urban,processed/LoveDA/ssl_train_rgb/urban/1903.png,loveda_m2a/Train/Urban/masks_png/1903.png,f45aeea5e4bd4a64c4768bb898219d9ba2b17655f7204ac9812a08e080bf1372
loveda_train_urban_1904,probe_train,urban,processed/LoveDA/ssl_train_rgb/urban/1904.png,loveda_m2a/Train/Urban/masks_png/1904.png,1c14499c04afdccdaa10fea6579905d530ac3dffbae659ac84c3564a2d3a052a
loveda_train_urban_1907,probe_train,urban,processed/LoveDA/ssl_train_rgb/urban/1907.png,loveda_m2a/Train/Urban/masks_png/1907.png,cc719d978ce6771b71039a3830658ea5c831cc18c854da1f7dc503ccad09a592
loveda_train_urban_1908,probe_train,urban,processed/LoveDA/ssl_train_rgb/urban/1908.png,loveda_m2a/Train/Urban/masks_png/1908.png,789c9585dbfa968b6e307247487c86ce9e2289d3d0e9303f203d643fb9e4c78c
loveda_train_urban_1909,probe_train,urban,processed/LoveDA/ssl_train_rgb/urban/1909.png,loveda_m2a/Train/Urban/masks_png/1909.png,297f2cf2961a759f8a1b230081f5d249deb7bf58579107a67c82e8043cdf2b08
loveda_train_urban_1910,probe_train,urban,processed/LoveDA/ssl_train_rgb/urban/1910.png,loveda_m2a/Train/Urban/masks_png/1910.png,7b2d4f03abc4fcf47feac50c9816b923a277fbb83cf03bac0e8be4238ac7f906
loveda_train_urban_1913,probe_train,urban,processed/LoveDA/ssl_train_rgb/urban/1913.png,loveda_m2a/Train/Urban/masks_png/1913.png,d6e2b0fcdf9ea54adac453292a42e1fcf24fc5883f530f8e95f26e024b3030c4
loveda_train_urban_1914,probe_train,urban,processed/LoveDA/ssl_train_rgb/urban/1914.png,loveda_m2a/Train/Urban/masks_png/1914.png,55d5883350ec772e9e7968b8b985a549d121d101dd6741968966d340856a4bf8
loveda_train_urban_1915,probe_train,urban,processed/LoveDA/ssl_train_rgb/urban/1915.png,loveda_m2a/Train/Urban/masks_png/1915.png,8390ff860f067fb294da60e806b0065f3b4e71077dff848c5fcdcfabf7ea3283
loveda_train_urban_1916,probe_train,urban,processed/LoveDA/ssl_train_rgb/urban/1916.png,loveda_m2a/Train/Urban/masks_png/1916.png,4b1ca8668b665a96f0c5ea3493ed25a4af0cdbf3208b3849e7b31c0538549f48
loveda_train_urban_1918,probe_train,urban,processed/LoveDA/ssl_train_rgb/urban/1918.png,loveda_m2a/Train/Urban/masks_png/1918.png,3362681ca7305e114ddb504c370bfac05e7ee625713141744ad44c873a5b98d6
loveda_train_urban_1921,probe_train,urban,processed/LoveDA/ssl_train_rgb/urban/1921.png,loveda_m2a/Train/Urban/masks_png/1921.png,88f3de0b1b3ff819660e6f14748fcc5861414f01d21dfb4410627f431adefec0
loveda_train_urban_1922,probe_train,urban,processed/LoveDA/ssl_train_rgb/urban/1922.png,loveda_m2a/Train/Urban/masks_png/1922.png,e132e641aa96ca39a61f79d75dddd87666982c0c01a12935c607d48ed446fe3a
loveda_train_urban_1923,probe_train,urban,processed/LoveDA/ssl_train_rgb/urban/1923.png,loveda_m2a/Train/Urban/masks_png/1923.png,ad8b1e41d9dc0edff6fa20a0ec5a3e0a615fc00435ab9350d6b75dda2cf32d81
loveda_train_urban_1924,probe_train,urban,processed/LoveDA/ssl_train_rgb/urban/1924.png,loveda_m2a/Train/Urban/masks_png/1924.png,eef63e825152788b5a9cb21ae8ca5b2487c9d0b859eabc468dbd79a3dbc82661
loveda_train_urban_1925,probe_train,urban,processed/LoveDA/ssl_train_rgb/urban/1925.png,loveda_m2a/Train/Urban/masks_png/1925.png,3a7c85b0d6bb5248a1639e6f045c3ef3d52a898544217cc58101a722d978e08c
loveda_train_urban_1926,probe_train,urban,processed/LoveDA/ssl_train_rgb/urban/1926.png,loveda_m2a/Train/Urban/masks_png/1926.png,a25e635e9e9b7587e402ac4a12c184717ba1bf4412f2b455403206dd8082f7c9
loveda_train_urban_1927,probe_train,urban,processed/LoveDA/ssl_train_rgb/urban/1927.png,loveda_m2a/Train/Urban/masks_png/1927.png,5ee4cadc8f48072907d74bb046fdbaf5bbda0d1acd92bc8688024d7b58cacb8e
loveda_train_urban_1928,probe_train,urban,processed/LoveDA/ssl_train_rgb/urban/1928.png,loveda_m2a/Train/Urban/masks_png/1928.png,4d065c0d5a6d316442f1b194f42135a6fb70261d871555c5eed9a73a36600e49
loveda_train_urban_1929,probe_train,urban,processed/LoveDA/ssl_train_rgb/urban/1929.png,loveda_m2a/Train/Urban/masks_png/1929.png,5f2890f52eefc4b859f999a4ae61d9e6e6fa649a3486dc5352893c05f0aea23c
loveda_train_urban_1930,probe_train,urban,processed/LoveDA/ssl_train_rgb/urban/1930.png,loveda_m2a/Train/Urban/masks_png/1930.png,7a2ae4e32acc8026a5e8b10de27c10c829993f290830307ea3a586580e5d7466
loveda_train_urban_1931,probe_train,urban,processed/LoveDA/ssl_train_rgb/urban/1931.png,loveda_m2a/Train/Urban/masks_png/1931.png,b0e92bc53525c6289d7ef19b78540749232be8552816973b71a7dca8515f109e
loveda_train_urban_1932,probe_train,urban,processed/LoveDA/ssl_train_rgb/urban/1932.png,loveda_m2a/Train/Urban/masks_png/1932.png,3e35e96518196910c9e43dbea77607f234d327a77c1ceb2a1ed006233a37fa0b
loveda_train_urban_1933,probe_train,urban,processed/LoveDA/ssl_train_rgb/urban/1933.png,loveda_m2a/Train/Urban/masks_png/1933.png,5a98e9126904dc606c911f542b20aecd787bd9a2fafbbc4d2c9c2f22995ff8e0
loveda_train_urban_1934,probe_train,urban,processed/LoveDA/ssl_train_rgb/urban/1934.png,loveda_m2a/Train/Urban/masks_png/1934.png,a3752bfcf69a776ccef1f7da69301a69139aa79a9fdf8c453c06f41ebc25744d
loveda_train_urban_1936,probe_train,urban,processed/LoveDA/ssl_train_rgb/urban/1936.png,loveda_m2a/Train/Urban/masks_png/1936.png,ff5d26436acd5df4dcbcf5871a29ae24213f25005725744a9ef3138eab6cf4a0
loveda_train_urban_1937,probe_train,urban,processed/LoveDA/ssl_train_rgb/urban/1937.png,loveda_m2a/Train/Urban/masks_png/1937.png,ca519d745143674db81a066b2417f40a04e859d2c77aa489579edbb2e1b55e8e
loveda_train_urban_1938,probe_train,urban,processed/LoveDA/ssl_train_rgb/urban/1938.png,loveda_m2a/Train/Urban/masks_png/1938.png,c7b2e7ddff312cc1ae7703f4987d9bc13f82fe55b6f27d32e1ee25c06ef3166d
loveda_train_urban_1939,probe_train,urban,processed/LoveDA/ssl_train_rgb/urban/1939.png,loveda_m2a/Train/Urban/masks_png/1939.png,148a55cad6950a591de9cde5f4818164d673870f09892f7ccd9b4210bd6e135d
loveda_train_urban_1941,probe_train,urban,processed/LoveDA/ssl_train_rgb/urban/1941.png,loveda_m2a/Train/Urban/masks_png/1941.png,82fec24f5f846dffb9b4359b989b0ad63dfc333081ff548144746eba005d7b52
loveda_train_urban_1943,probe_train,urban,processed/LoveDA/ssl_train_rgb/urban/1943.png,loveda_m2a/Train/Urban/masks_png/1943.png,4c35553832c51ee2b71f61db981c4f966bc64575f9a1c11fd488ca526a347009
loveda_train_urban_1944,probe_train,urban,processed/LoveDA/ssl_train_rgb/urban/1944.png,loveda_m2a/Train/Urban/masks_png/1944.png,676bd2347134f15a88a339a822811afcb29382c67fc32692467f691c4233777f
loveda_train_urban_1945,probe_train,urban,processed/LoveDA/ssl_train_rgb/urban/1945.png,loveda_m2a/Train/Urban/masks_png/1945.png,ca674a1c9a268c0e104f584ba5d4971a6329756f0ff2016a22d8528724ed9c00
loveda_train_urban_1946,probe_train,urban,processed/LoveDA/ssl_train_rgb/urban/1946.png,loveda_m2a/Train/Urban/masks_png/1946.png,44a3534c16c514d42609b6855dd302a612d11daa77e2c76a29f7f3f1ae00c0d0
loveda_train_urban_1947,probe_train,urban,processed/LoveDA/ssl_train_rgb/urban/1947.png,loveda_m2a/Train/Urban/masks_png/1947.png,4e18218ddec59f12becbf5bf39206af39740def6e7d744d53eeb6151d535b33a
loveda_train_urban_1948,probe_train,urban,processed/LoveDA/ssl_train_rgb/urban/1948.png,loveda_m2a/Train/Urban/masks_png/1948.png,d9e5db64acad2108e9b51d4d62adb477e0eb13328271e9c7e3577f721eb741bd
loveda_train_urban_1949,probe_train,urban,processed/LoveDA/ssl_train_rgb/urban/1949.png,loveda_m2a/Train/Urban/masks_png/1949.png,f20b36a7eb3c29482598cebe293d632229b678fe938655a6143cb936b9444e08
loveda_train_urban_1952,probe_train,urban,processed/LoveDA/ssl_train_rgb/urban/1952.png,loveda_m2a/Train/Urban/masks_png/1952.png,7a0e0f0923bb419e22aee491a3b96992ab44ea1a6c02672d15550534e3712a51
loveda_train_urban_1953,probe_train,urban,processed/LoveDA/ssl_train_rgb/urban/1953.png,loveda_m2a/Train/Urban/masks_png/1953.png,e9dd8983f2aa96289f22bbb04be46307d7264b53b578a4dd629fcfa2cd02b5f7
loveda_train_urban_1954,probe_train,urban,processed/LoveDA/ssl_train_rgb/urban/1954.png,loveda_m2a/Train/Urban/masks_png/1954.png,169c1eda12d95ffa8cfc6b8f3eb2fe675e30af15db59ddd879e3fdf03d6bff8d
loveda_train_urban_1955,probe_train,urban,processed/LoveDA/ssl_train_rgb/urban/1955.png,loveda_m2a/Train/Urban/masks_png/1955.png,5cd711d4ff3722c07e7239e396d0a743bec7e20bd2b3c6f48e3da9f241aa6183
loveda_train_urban_1956,probe_train,urban,processed/LoveDA/ssl_train_rgb/urban/1956.png,loveda_m2a/Train/Urban/masks_png/1956.png,e906d1d5adfc6c4aae9ebbb58867ba04691a5db264ced1d741ae9c355963b6f9
loveda_train_urban_1957,probe_train,urban,processed/LoveDA/ssl_train_rgb/urban/1957.png,loveda_m2a/Train/Urban/masks_png/1957.png,9e1ffcf6c604b57b7149601b2cbc36f98f213741edeb114ba936d41e12fb94bc
loveda_train_urban_1958,probe_train,urban,processed/LoveDA/ssl_train_rgb/urban/1958.png,loveda_m2a/Train/Urban/masks_png/1958.png,9a421c0d1bdefc77d02e82ac847a2857c2d8130ef3419fe0e85856680912b6c1
loveda_train_urban_1959,probe_train,urban,processed/LoveDA/ssl_train_rgb/urban/1959.png,loveda_m2a/Train/Urban/masks_png/1959.png,95a6d12db21dc8b9fb0a9f88ecb393b5f42e022af5f7f03ca9cbf73aaff79fbc
loveda_train_urban_1960,probe_train,urban,processed/LoveDA/ssl_train_rgb/urban/1960.png,loveda_m2a/Train/Urban/masks_png/1960.png,b1c6a30923dd50befe4810de8e6c0f548a9ebfdc78642509df19f6f259c97f2e
loveda_train_urban_1962,probe_train,urban,processed/LoveDA/ssl_train_rgb/urban/1962.png,loveda_m2a/Train/Urban/masks_png/1962.png,170330e3fc282edaecc49af46c5c21b6f8c428252b397a8f1d3615a7824a124f
loveda_train_urban_1963,probe_train,urban,processed/LoveDA/ssl_train_rgb/urban/1963.png,loveda_m2a/Train/Urban/masks_png/1963.png,01dc71cc0eda08663911bb4862cf03b41fa8bce2c2adf2c9e779d6be4a3402fc
loveda_train_urban_1964,probe_train,urban,processed/LoveDA/ssl_train_rgb/urban/1964.png,loveda_m2a/Train/Urban/masks_png/1964.png,808a5142f4cb5d7f24d1171a8c50ab596c01e547dd5264a981fbea40d7e8712f
loveda_train_urban_1966,probe_train,urban,processed/LoveDA/ssl_train_rgb/urban/1966.png,loveda_m2a/Train/Urban/masks_png/1966.png,48a18c95884203c08c3c14a6eb8888ff71f1568e551e9c7ce1fd38ac72926eb5
loveda_train_urban_1967,probe_train,urban,processed/LoveDA/ssl_train_rgb/urban/1967.png,loveda_m2a/Train/Urban/masks_png/1967.png,e8cd14645d16addb9878132560c1c6ed0106d8e8378aa45ddfe1acba59bd1f87
loveda_train_urban_1968,probe_train,urban,processed/LoveDA/ssl_train_rgb/urban/1968.png,loveda_m2a/Train/Urban/masks_png/1968.png,c1f7f4a743f99506fc907a1060789bc70767a3bf3d5e5f86e03c76d48b190218
loveda_train_urban_1969,probe_train,urban,processed/LoveDA/ssl_train_rgb/urban/1969.png,loveda_m2a/Train/Urban/masks_png/1969.png,888fd451482a40562721c0d164fa9c9c3ab73d41af53e8d9a7cb4ca1466871cf
loveda_train_urban_1972,probe_train,urban,processed/LoveDA/ssl_train_rgb/urban/1972.png,loveda_m2a/Train/Urban/masks_png/1972.png,e27318d785393e13d973459071313c8b040746b7f54392170fd51f3b5cedea46
loveda_train_urban_1973,probe_train,urban,processed/LoveDA/ssl_train_rgb/urban/1973.png,loveda_m2a/Train/Urban/masks_png/1973.png,d38016f928c7479e746692cdcbe4b4cc8821ec25cab93c6e37633e67ff930225
loveda_train_urban_1974,probe_train,urban,processed/LoveDA/ssl_train_rgb/urban/1974.png,loveda_m2a/Train/Urban/masks_png/1974.png,e16f673d51cbc993918d3c3df43f2c58aed3e0313da0d9d82f7a842bce285f52
loveda_train_urban_1975,probe_train,urban,processed/LoveDA/ssl_train_rgb/urban/1975.png,loveda_m2a/Train/Urban/masks_png/1975.png,f42cb81fc6eb55b86f9d394a60ee07b73c47f0e406ec28fb84730291d482ee6d
loveda_train_urban_1976,probe_train,urban,processed/LoveDA/ssl_train_rgb/urban/1976.png,loveda_m2a/Train/Urban/masks_png/1976.png,fc50e688e238513d095785083c12b942c34f7cbe05237b50a7e871c83c3c37b4
loveda_train_urban_1977,probe_train,urban,processed/LoveDA/ssl_train_rgb/urban/1977.png,loveda_m2a/Train/Urban/masks_png/1977.png,79bde40bdee5d7194637821cf8b568d3880b5d324de1b9850f6190808eb512ff
loveda_train_urban_1979,probe_train,urban,processed/LoveDA/ssl_train_rgb/urban/1979.png,loveda_m2a/Train/Urban/masks_png/1979.png,cda02641dc614215a80533fd2ff84d6189004e5fe5ff593847b4b1cb9ab43efd
loveda_train_urban_1982,probe_train,urban,processed/LoveDA/ssl_train_rgb/urban/1982.png,loveda_m2a/Train/Urban/masks_png/1982.png,4b855dce1be5de45c797d4f116d57e4298a1cfd14a35b10c91669f38dbc36b32
loveda_train_urban_1983,probe_train,urban,processed/LoveDA/ssl_train_rgb/urban/1983.png,loveda_m2a/Train/Urban/masks_png/1983.png,5ea5d34b0bc8573957ee56f2284aa3a78edee8cdc1125949fe2799420ef93d04
loveda_train_urban_1984,probe_train,urban,processed/LoveDA/ssl_train_rgb/urban/1984.png,loveda_m2a/Train/Urban/masks_png/1984.png,9859e181d7787859db3e0ad289c4f1ab0aaf308aa768312c132cd90d106a8fc8
loveda_train_urban_1985,probe_train,urban,processed/LoveDA/ssl_train_rgb/urban/1985.png,loveda_m2a/Train/Urban/masks_png/1985.png,8a8700182b32186f2620ae6a38a3d67197c80a1e62ffe21261bb47defb5f312f
loveda_train_urban_1986,probe_train,urban,processed/LoveDA/ssl_train_rgb/urban/1986.png,loveda_m2a/Train/Urban/masks_png/1986.png,f979c2c3c6a7f35afd2fbd55c5fb1ad555a650aafc4921bc05768c406d4c6624
loveda_train_urban_1987,probe_train,urban,processed/LoveDA/ssl_train_rgb/urban/1987.png,loveda_m2a/Train/Urban/masks_png/1987.png,ea66bdb91201514d1859edf6909d67c49b1e1bb75f5c4448d34e5ae594845ceb
loveda_train_urban_1988,probe_train,urban,processed/LoveDA/ssl_train_rgb/urban/1988.png,loveda_m2a/Train/Urban/masks_png/1988.png,138dcae06f1979f8b8300e15f80ea8575a35e7b64c7b80aa4b9518df57cc94a2
loveda_train_urban_1989,probe_train,urban,processed/LoveDA/ssl_train_rgb/urban/1989.png,loveda_m2a/Train/Urban/masks_png/1989.png,916015b531fb00319dc097e9df60350095378ccc36c45de6f0c8785bc16676b6
loveda_train_urban_1990,probe_train,urban,processed/LoveDA/ssl_train_rgb/urban/1990.png,loveda_m2a/Train/Urban/masks_png/1990.png,dcf78266c9e12a5dfdcefc0d812371f3e34c9409038f05d29ee49ae1463e2b1e
loveda_train_urban_1991,probe_train,urban,processed/LoveDA/ssl_train_rgb/urban/1991.png,loveda_m2a/Train/Urban/masks_png/1991.png,32e610ef4a241bfa1110b458a0ea51c7e497695f4f63606f55aa4b7d11787bf2
loveda_train_urban_1994,probe_train,urban,processed/LoveDA/ssl_train_rgb/urban/1994.png,loveda_m2a/Train/Urban/masks_png/1994.png,0fac30b49148b3462b6fe617ded035d464f7320a61850435ba06eadd6286aada
loveda_train_urban_1995,probe_train,urban,processed/LoveDA/ssl_train_rgb/urban/1995.png,loveda_m2a/Train/Urban/masks_png/1995.png,b6264d6798c773cb96abd830476abd8357103940e432cc4bfd6462b5fc126f77
loveda_train_urban_1996,probe_train,urban,processed/LoveDA/ssl_train_rgb/urban/1996.png,loveda_m2a/Train/Urban/masks_png/1996.png,c0df99cbc2e7a054f3bc02b73161b8ff0085e2f4787e9123eeb1e0eba8176b74
loveda_train_urban_1997,probe_train,urban,processed/LoveDA/ssl_train_rgb/urban/1997.png,loveda_m2a/Train/Urban/masks_png/1997.png,a58a00255f1e6044839042df52ee99c337a9be2dc00cbd10a37c91c5f5b066cb
loveda_train_urban_1998,probe_train,urban,processed/LoveDA/ssl_train_rgb/urban/1998.png,loveda_m2a/Train/Urban/masks_png/1998.png,62da9e4ad21edce1770486af171a6ed49f972b3351d0453954cfea1d57a2b447
loveda_train_urban_2000,probe_train,urban,processed/LoveDA/ssl_train_rgb/urban/2000.png,loveda_m2a/Train/Urban/masks_png/2000.png,2dac531a35fc8a0020d52817e83a4fcac16982e8245ec33574187897ae242531
loveda_train_urban_2002,probe_train,urban,processed/LoveDA/ssl_train_rgb/urban/2002.png,loveda_m2a/Train/Urban/masks_png/2002.png,063ece240bd3a81d57498dab2db23fecebed4f744ead7596920906798ba25e9b
loveda_train_urban_2004,probe_train,urban,processed/LoveDA/ssl_train_rgb/urban/2004.png,loveda_m2a/Train/Urban/masks_png/2004.png,0d176bf2a7092d249725b79fd52ee6c98328b631fcf20747785d0e1061e265bb
loveda_train_urban_2005,probe_train,urban,processed/LoveDA/ssl_train_rgb/urban/2005.png,loveda_m2a/Train/Urban/masks_png/2005.png,90410edaa4bec8e1713dead6fdec54fb7e67d09d28b1e728c76c479005d0a585
loveda_train_urban_2006,probe_train,urban,processed/LoveDA/ssl_train_rgb/urban/2006.png,loveda_m2a/Train/Urban/masks_png/2006.png,d980254354c846bea3535a22467ad7af7644deaad2caa42575251628f3899ef6
loveda_train_urban_2007,probe_train,urban,processed/LoveDA/ssl_train_rgb/urban/2007.png,loveda_m2a/Train/Urban/masks_png/2007.png,2c022c9841002bf23689625ac3c1326f409f92afbfd90ab0309b330cbc9cbb43
loveda_train_urban_2008,probe_train,urban,processed/LoveDA/ssl_train_rgb/urban/2008.png,loveda_m2a/Train/Urban/masks_png/2008.png,64ea1e3e60c3c9895658b9365cc5b3104b852d10a9c261925ce6698dc1fef804
loveda_train_urban_2009,probe_train,urban,processed/LoveDA/ssl_train_rgb/urban/2009.png,loveda_m2a/Train/Urban/masks_png/2009.png,4104731af458f4fb3b7a62690b3afd7ba54d1a957a6084228d287272fa249ced
loveda_train_urban_2010,probe_train,urban,processed/LoveDA/ssl_train_rgb/urban/2010.png,loveda_m2a/Train/Urban/masks_png/2010.png,13517e45a94225b81cff5b5696143ea7ae50eeb6aa6a2978e33a617cd014f20c
loveda_train_urban_2011,probe_train,urban,processed/LoveDA/ssl_train_rgb/urban/2011.png,loveda_m2a/Train/Urban/masks_png/2011.png,157c66e48e75a67ffbe143d87d55c4e5c8eff4388fcfcd310f12712a2d1440f0
loveda_train_urban_2012,probe_train,urban,processed/LoveDA/ssl_train_rgb/urban/2012.png,loveda_m2a/Train/Urban/masks_png/2012.png,7f59ab976dc63e203fea34a47b2bcb7f83957f1c7d6ffd3058caaabad70880a9
loveda_train_urban_2013,probe_train,urban,processed/LoveDA/ssl_train_rgb/urban/2013.png,loveda_m2a/Train/Urban/masks_png/2013.png,317ccdafe4a9157e1c0bf226eafce8ad1823a476821f8c033e57e0b85ac6dc9c
loveda_train_urban_2014,probe_train,urban,processed/LoveDA/ssl_train_rgb/urban/2014.png,loveda_m2a/Train/Urban/masks_png/2014.png,8bf465519d2970d529fd3c40f964a9a5e98c93b318c4e5f7e56bbbc85a11e23e
loveda_train_urban_2015,probe_train,urban,processed/LoveDA/ssl_train_rgb/urban/2015.png,loveda_m2a/Train/Urban/masks_png/2015.png,6b024a3c26c54b6d220a7bcccc7713e847137ce62b277cfd0f8e083cc4244ced
loveda_train_urban_2016,probe_train,urban,processed/LoveDA/ssl_train_rgb/urban/2016.png,loveda_m2a/Train/Urban/masks_png/2016.png,c3065f91cda559be10ee84507e66dc6b6ed11d4c92090a13e58b7c474ff5a1e7
loveda_train_urban_2017,probe_train,urban,processed/LoveDA/ssl_train_rgb/urban/2017.png,loveda_m2a/Train/Urban/masks_png/2017.png,1aacc7f55c39b29e8d44c01b1b247437cd4f61fb444e41be4aa33c8a75aec1b2
loveda_train_urban_2019,probe_train,urban,processed/LoveDA/ssl_train_rgb/urban/2019.png,loveda_m2a/Train/Urban/masks_png/2019.png,f219b7f025bf4f68a8cf88048115335e4a13f3766f43055e17309d3da279b28c
loveda_train_urban_2020,probe_train,urban,processed/LoveDA/ssl_train_rgb/urban/2020.png,loveda_m2a/Train/Urban/masks_png/2020.png,32570918a5627f099337a9ca65bf22bb3f5028cc0fc857f117240d363053cea7
loveda_train_urban_2021,probe_train,urban,processed/LoveDA/ssl_train_rgb/urban/2021.png,loveda_m2a/Train/Urban/masks_png/2021.png,325e8fb68cfe0ad1dd39f000f988c7e48d45f2c1690f4679b417b65f04e97a4d
loveda_train_urban_2022,probe_train,urban,processed/LoveDA/ssl_train_rgb/urban/2022.png,loveda_m2a/Train/Urban/masks_png/2022.png,4bbbe67d6885edf96fcac537c418179f4214e15dbaab218c22946bd4803d9431
loveda_train_urban_2023,probe_train,urban,processed/LoveDA/ssl_train_rgb/urban/2023.png,loveda_m2a/Train/Urban/masks_png/2023.png,cf646482131d05f468cbb62bfba47657d5fb8ccfed26c5cfb14c9a831d0baeb6
loveda_train_urban_2025,probe_train,urban,processed/LoveDA/ssl_train_rgb/urban/2025.png,loveda_m2a/Train/Urban/masks_png/2025.png,51c02cfa746592e48541d61bc71f59e366ca3d778eb3b3bb7cdef9caa9a37711
loveda_train_urban_2026,probe_train,urban,processed/LoveDA/ssl_train_rgb/urban/2026.png,loveda_m2a/Train/Urban/masks_png/2026.png,501415d3dcad060e6117d8d4978c0e794926177e5f9892076d48192ce73c9803
loveda_train_urban_2027,probe_train,urban,processed/LoveDA/ssl_train_rgb/urban/2027.png,loveda_m2a/Train/Urban/masks_png/2027.png,2098ac753620c4fe4c9a7fb55d509eaf87ed835012c12cccb5f57812ab1f0ba5
loveda_train_urban_2028,probe_train,urban,processed/LoveDA/ssl_train_rgb/urban/2028.png,loveda_m2a/Train/Urban/masks_png/2028.png,bdd27a7fd423bc81812baac01547010d6ab0b83e0424174bc53b7e59db9f66ed
loveda_train_urban_2029,probe_train,urban,processed/LoveDA/ssl_train_rgb/urban/2029.png,loveda_m2a/Train/Urban/masks_png/2029.png,d4cdf03a79f738a0726d3ed96b0462b58c248ae9fab3e23a3aa41feb6e1f65f6
loveda_train_urban_2030,probe_train,urban,processed/LoveDA/ssl_train_rgb/urban/2030.png,loveda_m2a/Train/Urban/masks_png/2030.png,16661b9630882a74ccf9d750709e5c6a376193866b1bc33a828f634ae7831025
loveda_train_urban_2031,probe_train,urban,processed/LoveDA/ssl_train_rgb/urban/2031.png,loveda_m2a/Train/Urban/masks_png/2031.png,8dc041b846fb7ac9fb9f304aff9839e49ea11c3b0c78c2b37f711adf4dda629c
loveda_train_urban_2033,probe_train,urban,processed/LoveDA/ssl_train_rgb/urban/2033.png,loveda_m2a/Train/Urban/masks_png/2033.png,d5025e730e385ba91e98237b5ffc3e3e8100c16f8b7fa6fa45fdc34e658a9e8f
loveda_train_urban_2034,probe_train,urban,processed/LoveDA/ssl_train_rgb/urban/2034.png,loveda_m2a/Train/Urban/masks_png/2034.png,efd3f9edc095cfcd2c20b7cead918b93b22d0bc17a02b5f28a8cd7012116f4f8
loveda_train_urban_2035,probe_train,urban,processed/LoveDA/ssl_train_rgb/urban/2035.png,loveda_m2a/Train/Urban/masks_png/2035.png,a640480e76fa6737c58b3d71e09e928084dacbb3dbf580380ce876844a1461b1
loveda_train_urban_2036,probe_train,urban,processed/LoveDA/ssl_train_rgb/urban/2036.png,loveda_m2a/Train/Urban/masks_png/2036.png,3ea559771fe5aa691191818e35435c823f91620f9a0710391de83ee214b2f54f
loveda_train_urban_2038,probe_train,urban,processed/LoveDA/ssl_train_rgb/urban/2038.png,loveda_m2a/Train/Urban/masks_png/2038.png,7f0e4a0bd15e6d3c9e385d702e256c7c69e2029d0c9b5febbb055bb2ab05f07a
loveda_train_urban_2039,probe_train,urban,processed/LoveDA/ssl_train_rgb/urban/2039.png,loveda_m2a/Train/Urban/masks_png/2039.png,63895bb3aa213338630200947e816e54add912c228c39a3ff44c0ec387f7b390
loveda_train_urban_2040,probe_train,urban,processed/LoveDA/ssl_train_rgb/urban/2040.png,loveda_m2a/Train/Urban/masks_png/2040.png,6147a4dbdc32eac62ae6ce8776c22268aeca3ed840ba6a4f189d58a845f642ab
loveda_train_urban_2041,probe_train,urban,processed/LoveDA/ssl_train_rgb/urban/2041.png,loveda_m2a/Train/Urban/masks_png/2041.png,c4c4a5d6c31ad27415a4d66b29b8c41273f83b316bddc38531aefb0de187940c
loveda_train_urban_2042,probe_train,urban,processed/LoveDA/ssl_train_rgb/urban/2042.png,loveda_m2a/Train/Urban/masks_png/2042.png,d6c5c221a35dbc1ff15e63fcd1ce3ee356500dd9a498f38ffb0328342fe6ac90
loveda_train_urban_2043,probe_train,urban,processed/LoveDA/ssl_train_rgb/urban/2043.png,loveda_m2a/Train/Urban/masks_png/2043.png,8899ca09d81860bedf198a2570acb4d6fc5c3c87b893f5a1a79b268dc50d4356
loveda_train_urban_2044,probe_train,urban,processed/LoveDA/ssl_train_rgb/urban/2044.png,loveda_m2a/Train/Urban/masks_png/2044.png,cb98190a34e9bfc42677f5941e4a5eb14d214c2e1dfa0093c3db47d9d917e86a
loveda_train_urban_2045,probe_train,urban,processed/LoveDA/ssl_train_rgb/urban/2045.png,loveda_m2a/Train/Urban/masks_png/2045.png,ba710e114aafa741594a6816711788b22d00dbf28e4e306e464a15d00a668280
loveda_train_urban_2046,probe_train,urban,processed/LoveDA/ssl_train_rgb/urban/2046.png,loveda_m2a/Train/Urban/masks_png/2046.png,dfc42dd3223047870d8ae84abaf17f66d447d1f3b3beec666b7734066eb230c4
loveda_train_urban_2048,probe_train,urban,processed/LoveDA/ssl_train_rgb/urban/2048.png,loveda_m2a/Train/Urban/masks_png/2048.png,a1c363fdad5b4ddb52ac8f2864fad093c80f95a7406c2a043db6cab13934a323
loveda_train_urban_2049,probe_train,urban,processed/LoveDA/ssl_train_rgb/urban/2049.png,loveda_m2a/Train/Urban/masks_png/2049.png,e6435797167240389c76430dc2eb6084bfcf906db91218e823307d412a69e3b3
loveda_train_urban_2050,probe_train,urban,processed/LoveDA/ssl_train_rgb/urban/2050.png,loveda_m2a/Train/Urban/masks_png/2050.png,faa5690b3b309b77104cf9bc8341d909070526e2ac8d8957a8f9538b30c3f1b3
loveda_train_urban_2051,probe_train,urban,processed/LoveDA/ssl_train_rgb/urban/2051.png,loveda_m2a/Train/Urban/masks_png/2051.png,e0d06dd860b4dda0f18ff16019db86bdcbbbba51d9eb610f0545bbba43705fde
loveda_train_urban_2052,probe_train,urban,processed/LoveDA/ssl_train_rgb/urban/2052.png,loveda_m2a/Train/Urban/masks_png/2052.png,17e7347459caff2db326009eec718239afffd0e259a43744e37081ddae15d508
loveda_train_urban_2053,probe_train,urban,processed/LoveDA/ssl_train_rgb/urban/2053.png,loveda_m2a/Train/Urban/masks_png/2053.png,e448bc1c667833ea0d25f76e669d291e8958546eaf31b5a471ca9cdc9c589ac5
loveda_train_urban_2054,probe_train,urban,processed/LoveDA/ssl_train_rgb/urban/2054.png,loveda_m2a/Train/Urban/masks_png/2054.png,ae5186e35067a5a79a0da15a6c76a3e400e3a29cff43f1e2630f6f8387eace3e
loveda_train_urban_2055,probe_train,urban,processed/LoveDA/ssl_train_rgb/urban/2055.png,loveda_m2a/Train/Urban/masks_png/2055.png,a1b0b9100af88b86d787800d714c178d0f7d2fb06e46817fb3009eb360431a6b
loveda_train_urban_2056,probe_train,urban,processed/LoveDA/ssl_train_rgb/urban/2056.png,loveda_m2a/Train/Urban/masks_png/2056.png,fd9fa90af54de9b5f5f54a8528493ffb87585088ef442d0f084ba84e94cb6bc3
loveda_train_urban_2057,probe_train,urban,processed/LoveDA/ssl_train_rgb/urban/2057.png,loveda_m2a/Train/Urban/masks_png/2057.png,88b5398ed85150128794625317602303dc26a062e49689a2a1effce9a6cc85b8
loveda_train_urban_2058,probe_train,urban,processed/LoveDA/ssl_train_rgb/urban/2058.png,loveda_m2a/Train/Urban/masks_png/2058.png,f365413ab182b869ad977f28e28f529dad193464157af91c099b10d1adae354e
loveda_train_urban_2059,probe_train,urban,processed/LoveDA/ssl_train_rgb/urban/2059.png,loveda_m2a/Train/Urban/masks_png/2059.png,4ae9cf2ed36f7363b5e805c1bb46e6846e5d43987260a82b1b2075c476a33115
loveda_train_urban_2061,probe_train,urban,processed/LoveDA/ssl_train_rgb/urban/2061.png,loveda_m2a/Train/Urban/masks_png/2061.png,f2c0aa9291ce5d78bd2afe0838d32f8380141aa0a624a62dc80501a11b3a0f21
loveda_train_urban_2062,probe_train,urban,processed/LoveDA/ssl_train_rgb/urban/2062.png,loveda_m2a/Train/Urban/masks_png/2062.png,5e7fa253247dff0382d3340d9d1b604517df93dfa6b8e524e65ae682056d78c9
loveda_train_urban_2063,probe_train,urban,processed/LoveDA/ssl_train_rgb/urban/2063.png,loveda_m2a/Train/Urban/masks_png/2063.png,bd642f150b1b4a935bd50e5836d535fa0e8177e4e05ee49e46d300bf446a44d9
loveda_train_urban_2064,probe_train,urban,processed/LoveDA/ssl_train_rgb/urban/2064.png,loveda_m2a/Train/Urban/masks_png/2064.png,c303ff546245c520c081dfc7ae2f43d56d78bd2e7f02af1bc33be6f2d45be563
loveda_train_urban_2065,probe_train,urban,processed/LoveDA/ssl_train_rgb/urban/2065.png,loveda_m2a/Train/Urban/masks_png/2065.png,7d54bf41f726c1db8ca5facd34166b7239414262b6ab75132080bf19713dd95e
loveda_train_urban_2066,probe_train,urban,processed/LoveDA/ssl_train_rgb/urban/2066.png,loveda_m2a/Train/Urban/masks_png/2066.png,7170545878471c7f8b200dd731ccd0e911f286183a29d256eb10a872dc6357b7
loveda_train_urban_2070,probe_train,urban,processed/LoveDA/ssl_train_rgb/urban/2070.png,loveda_m2a/Train/Urban/masks_png/2070.png,4aaaa0038646034ca44c4991930b28f5a1ac865e5c9aeff632c74bbfe75a87c3
loveda_train_urban_2071,probe_train,urban,processed/LoveDA/ssl_train_rgb/urban/2071.png,loveda_m2a/Train/Urban/masks_png/2071.png,981c917494b953c8a3d14bbdc365eb8f526156aadd69beb129d6cfb00aabec64
loveda_train_urban_2072,probe_train,urban,processed/LoveDA/ssl_train_rgb/urban/2072.png,loveda_m2a/Train/Urban/masks_png/2072.png,ee2f444e2f0ac09d4d0fa8cfbbfed269ca88ee4596d46f5091a0b2e24e0f755c
loveda_train_urban_2073,probe_train,urban,processed/LoveDA/ssl_train_rgb/urban/2073.png,loveda_m2a/Train/Urban/masks_png/2073.png,0a93de180272e1657f00b6753f4db1e8a626d57b854c812bec3c5eb2afcbfe6c
loveda_train_urban_2074,probe_train,urban,processed/LoveDA/ssl_train_rgb/urban/2074.png,loveda_m2a/Train/Urban/masks_png/2074.png,74529dfb125a8d0cb70f67df9683ce9145e2a5741f035b2657841481ab81eeeb
loveda_train_urban_2076,probe_train,urban,processed/LoveDA/ssl_train_rgb/urban/2076.png,loveda_m2a/Train/Urban/masks_png/2076.png,22a8dd8ecc0f410ce8f579f52257abc1802e3bdbc6c3257b5a24b6f5acdff325
loveda_train_urban_2077,probe_train,urban,processed/LoveDA/ssl_train_rgb/urban/2077.png,loveda_m2a/Train/Urban/masks_png/2077.png,fee000a5dd61392b987538b5f008c2dedbd733a137d4dd76facfe4ced6ca6ca3
loveda_train_urban_2078,probe_train,urban,processed/LoveDA/ssl_train_rgb/urban/2078.png,loveda_m2a/Train/Urban/masks_png/2078.png,5efa8ad1006d009d4d7e1270877600035bad0cac498bb3b6559f3cb64ec1b7f0
loveda_train_urban_2079,probe_train,urban,processed/LoveDA/ssl_train_rgb/urban/2079.png,loveda_m2a/Train/Urban/masks_png/2079.png,ab45c4a9442482ac48b9256b1d4ea1457283f9798d324a1cb82aae340198c6ea
loveda_train_urban_2081,probe_train,urban,processed/LoveDA/ssl_train_rgb/urban/2081.png,loveda_m2a/Train/Urban/masks_png/2081.png,943d96eb0893c53c35b1732044f9d1e387fcaf75b651d9bb87f5516d46c0f351
loveda_train_urban_2082,probe_train,urban,processed/LoveDA/ssl_train_rgb/urban/2082.png,loveda_m2a/Train/Urban/masks_png/2082.png,f1526ad715b5bc4c96d6c7aedde24d81bc68db9e986dc9f3e0582f78934e1f7c
loveda_train_urban_2083,probe_train,urban,processed/LoveDA/ssl_train_rgb/urban/2083.png,loveda_m2a/Train/Urban/masks_png/2083.png,0753a6eed9f364bb7df495799a9a4ce49421a743151ef1f55f9b6c4752d13a45
loveda_train_urban_2084,probe_train,urban,processed/LoveDA/ssl_train_rgb/urban/2084.png,loveda_m2a/Train/Urban/masks_png/2084.png,17ff0f206c8639eceebd419926b23c396582433e7df9e9d350297a868408732f
loveda_train_urban_2085,probe_train,urban,processed/LoveDA/ssl_train_rgb/urban/2085.png,loveda_m2a/Train/Urban/masks_png/2085.png,6b2c2c6d868e838eb8e096230b0f3936d54bd2cc27942132e1543958e6ae232f
loveda_train_urban_2086,probe_train,urban,processed/LoveDA/ssl_train_rgb/urban/2086.png,loveda_m2a/Train/Urban/masks_png/2086.png,976bc58099b52a53aa08a218c6974e430fac37f9455b935b6fb605303f3e9155
loveda_train_urban_2087,probe_train,urban,processed/LoveDA/ssl_train_rgb/urban/2087.png,loveda_m2a/Train/Urban/masks_png/2087.png,dbb4c3df7fe6ee2e061f40dbfa72a3344575823153a88fce3619a33a5a50421d
loveda_train_urban_2088,probe_train,urban,processed/LoveDA/ssl_train_rgb/urban/2088.png,loveda_m2a/Train/Urban/masks_png/2088.png,edbb6f403214843262807fe98847349c7c102d3ecaf8eb7026190fe06f111a3a
loveda_train_urban_2089,probe_train,urban,processed/LoveDA/ssl_train_rgb/urban/2089.png,loveda_m2a/Train/Urban/masks_png/2089.png,130d2c5af1c47daedba8a81885f9cf94449db7a4c85c6d81074968f78a65d2e7
loveda_train_urban_2090,probe_train,urban,processed/LoveDA/ssl_train_rgb/urban/2090.png,loveda_m2a/Train/Urban/masks_png/2090.png,db465b4d4892bc52843841318560e1d17e1c45320b4ee5e272e3035b971913c7
loveda_train_urban_2091,probe_train,urban,processed/LoveDA/ssl_train_rgb/urban/2091.png,loveda_m2a/Train/Urban/masks_png/2091.png,ac4de372bc90735f4c69d323fe329824abb23d958f6a6c32f3364b192dac18b8
loveda_train_urban_2092,probe_train,urban,processed/LoveDA/ssl_train_rgb/urban/2092.png,loveda_m2a/Train/Urban/masks_png/2092.png,385574f412f6acba6b75e08441cfb102de0876aab484f4c50227c704e2b01046
loveda_train_urban_2094,probe_train,urban,processed/LoveDA/ssl_train_rgb/urban/2094.png,loveda_m2a/Train/Urban/masks_png/2094.png,02581ba78a84e4dc0088eaa8179a2defdfd0cf3b916d78435e76283a73a199b7
loveda_train_urban_2096,probe_train,urban,processed/LoveDA/ssl_train_rgb/urban/2096.png,loveda_m2a/Train/Urban/masks_png/2096.png,9c7c084440f6591ed53abd3568500b419bbb72a9fc727ded5288a9f6fb2602a3
loveda_train_urban_2097,probe_train,urban,processed/LoveDA/ssl_train_rgb/urban/2097.png,loveda_m2a/Train/Urban/masks_png/2097.png,bd1973a3e0701be8134b0e5562b871456ba25b0b6d0838b109067c7f299ffb4b
loveda_train_urban_2098,probe_train,urban,processed/LoveDA/ssl_train_rgb/urban/2098.png,loveda_m2a/Train/Urban/masks_png/2098.png,1427901ab01b5d38c7951ee27e80f370a5befa2a2f6b44710c3573e9f0a4745f
loveda_train_urban_2099,probe_train,urban,processed/LoveDA/ssl_train_rgb/urban/2099.png,loveda_m2a/Train/Urban/masks_png/2099.png,c5897c30bd305c6a3ac5378fe269f26fa438372950e4ce749e6643ae5a2e0e42
loveda_train_urban_2100,probe_train,urban,processed/LoveDA/ssl_train_rgb/urban/2100.png,loveda_m2a/Train/Urban/masks_png/2100.png,f3f39536ce74c577816dd7d328d06a7db80df5056a7fbe08529a3c594c971372
loveda_train_urban_2101,probe_train,urban,processed/LoveDA/ssl_train_rgb/urban/2101.png,loveda_m2a/Train/Urban/masks_png/2101.png,8bb48eaefef0bcd2d63d9ac9225835e59ee59730342125d195bacb0013a215e3
loveda_train_urban_2102,probe_train,urban,processed/LoveDA/ssl_train_rgb/urban/2102.png,loveda_m2a/Train/Urban/masks_png/2102.png,31015518ef9e037d1650ad4daa49ce3432376dacb897529cca6e8e2d6bb8e3f1
loveda_train_urban_2103,probe_train,urban,processed/LoveDA/ssl_train_rgb/urban/2103.png,loveda_m2a/Train/Urban/masks_png/2103.png,4d619860980f0e3f0a6e36e6768904e7525262cd1cb32cfe082d8f6cd92d0497
loveda_train_urban_2104,probe_train,urban,processed/LoveDA/ssl_train_rgb/urban/2104.png,loveda_m2a/Train/Urban/masks_png/2104.png,6f3490dc0309d6cc9d1c788f8a8ce69d2ba573b2b3ca73b1ae227c770cd31f07
loveda_train_urban_2105,probe_train,urban,processed/LoveDA/ssl_train_rgb/urban/2105.png,loveda_m2a/Train/Urban/masks_png/2105.png,6292d1c0d30999502980292c883b33afea19bfff114400414e4b1acb00208597
loveda_train_urban_2106,probe_train,urban,processed/LoveDA/ssl_train_rgb/urban/2106.png,loveda_m2a/Train/Urban/masks_png/2106.png,de81330b192acd11e00f48616093d657663195f4029194ee9e72d54cb91099c1
loveda_train_urban_2107,probe_train,urban,processed/LoveDA/ssl_train_rgb/urban/2107.png,loveda_m2a/Train/Urban/masks_png/2107.png,0522cd49050db3c496ce3c747ef7b3f49abd2250e8db2403bf651e707c15a97f
loveda_train_urban_2108,probe_train,urban,processed/LoveDA/ssl_train_rgb/urban/2108.png,loveda_m2a/Train/Urban/masks_png/2108.png,dd14c6147562a9a5a525c9c4e55df868038e10a5f7defb9ef2372a04ebb52bb4
loveda_train_urban_2109,probe_train,urban,processed/LoveDA/ssl_train_rgb/urban/2109.png,loveda_m2a/Train/Urban/masks_png/2109.png,92d243d883ddef9b672a987da1ed2fdc7ba8753846d5dccf6f7f505250dccf0a
loveda_train_urban_2110,probe_train,urban,processed/LoveDA/ssl_train_rgb/urban/2110.png,loveda_m2a/Train/Urban/masks_png/2110.png,449ab1f58ef8cdcb7c82a0c9f10bbfb4acec284e5dc20049f8a980978986879f
loveda_train_urban_2111,probe_train,urban,processed/LoveDA/ssl_train_rgb/urban/2111.png,loveda_m2a/Train/Urban/masks_png/2111.png,58408a16f7e05061c8c8d2530c07b7a67b7650454769d4823db5731034ae269b
loveda_train_urban_2113,probe_train,urban,processed/LoveDA/ssl_train_rgb/urban/2113.png,loveda_m2a/Train/Urban/masks_png/2113.png,ca6caec412289a4e199e2619e2865a9d0590e8d2c28afd2aa61438e218d0cf36
loveda_train_urban_2114,probe_train,urban,processed/LoveDA/ssl_train_rgb/urban/2114.png,loveda_m2a/Train/Urban/masks_png/2114.png,80ddc75277411156e4a86edee9bd4490e06ad8f718ee9fc167fa72a22f16f851
loveda_train_urban_2116,probe_train,urban,processed/LoveDA/ssl_train_rgb/urban/2116.png,loveda_m2a/Train/Urban/masks_png/2116.png,e6fb9e42f92cc99e5322fe1b8ccb89d6666a282f76aab4a59582fd644b8b1166
loveda_train_urban_2117,probe_train,urban,processed/LoveDA/ssl_train_rgb/urban/2117.png,loveda_m2a/Train/Urban/masks_png/2117.png,64b82ebcc09b930883e867b26f380950e30e7a54d9b1ec2672269ea026fe50d3
loveda_train_urban_2119,probe_train,urban,processed/LoveDA/ssl_train_rgb/urban/2119.png,loveda_m2a/Train/Urban/masks_png/2119.png,76ad42a5157fd1824ee7fa471482b5789f91f501e1bd05b83c97533136c5b723
loveda_train_urban_2120,probe_train,urban,processed/LoveDA/ssl_train_rgb/urban/2120.png,loveda_m2a/Train/Urban/masks_png/2120.png,a030b4a9fbae7176230962778d14697ee295b899236be634639528d22a5ee40a
loveda_train_urban_2121,probe_train,urban,processed/LoveDA/ssl_train_rgb/urban/2121.png,loveda_m2a/Train/Urban/masks_png/2121.png,d2c9764592fdb0e639fee0886da5e75233c8c88c62a90c98144c056801653e14
loveda_train_urban_2123,probe_train,urban,processed/LoveDA/ssl_train_rgb/urban/2123.png,loveda_m2a/Train/Urban/masks_png/2123.png,27ce9153ac60f4dcf0ad95739179316edea4d3516813e362fa563fe069418912
loveda_train_urban_2125,probe_train,urban,processed/LoveDA/ssl_train_rgb/urban/2125.png,loveda_m2a/Train/Urban/masks_png/2125.png,86d4d470012c27b517d4520e60b768effd09110be4286fa4c1b97f1854b8d398
loveda_train_urban_2126,probe_train,urban,processed/LoveDA/ssl_train_rgb/urban/2126.png,loveda_m2a/Train/Urban/masks_png/2126.png,bccc251fde8c2f6a8632216afbf13b3a048766d4d661fbb5f6f3e508c9f35e62
loveda_train_urban_2127,probe_train,urban,processed/LoveDA/ssl_train_rgb/urban/2127.png,loveda_m2a/Train/Urban/masks_png/2127.png,1e80f233b7f38fe3470274452a71322c018b46e9648d10893eb69acba992a34b
loveda_train_urban_2128,probe_train,urban,processed/LoveDA/ssl_train_rgb/urban/2128.png,loveda_m2a/Train/Urban/masks_png/2128.png,c265227b776569f9c82b4041a9f5539dab2b34913e3d39a144b443515cb62142
loveda_train_urban_2129,probe_train,urban,processed/LoveDA/ssl_train_rgb/urban/2129.png,loveda_m2a/Train/Urban/masks_png/2129.png,cc444545ef4d38fab5c46d6efdcb8f28db9615a038f0b175a3762911a45361ad
loveda_train_urban_2130,probe_train,urban,processed/LoveDA/ssl_train_rgb/urban/2130.png,loveda_m2a/Train/Urban/masks_png/2130.png,78ff1f7916c1e0f50d5944e9237f118cd9190c455d4348a17a5c65df7774695a
loveda_train_urban_2131,probe_train,urban,processed/LoveDA/ssl_train_rgb/urban/2131.png,loveda_m2a/Train/Urban/masks_png/2131.png,f016be83b9962bde3e6357d48157c891ca152ffed0e1f79f55bf000acd008c8c
loveda_train_urban_2132,probe_train,urban,processed/LoveDA/ssl_train_rgb/urban/2132.png,loveda_m2a/Train/Urban/masks_png/2132.png,708da1b94ecc6e6f7a45ba6adf2ce6ff024e952d3c11f75d1ee2a6608560e2a8
loveda_train_urban_2134,probe_train,urban,processed/LoveDA/ssl_train_rgb/urban/2134.png,loveda_m2a/Train/Urban/masks_png/2134.png,14de3efcaac582eab55d8b62db82cb203baa969f23bd816b77bf3dc8006ff30e
loveda_train_urban_2137,probe_train,urban,processed/LoveDA/ssl_train_rgb/urban/2137.png,loveda_m2a/Train/Urban/masks_png/2137.png,9876e97b0ea0f4f36f4890946b59fe2a77321b9597b3fb9e8768acf217b40d5c
loveda_train_urban_2139,probe_train,urban,processed/LoveDA/ssl_train_rgb/urban/2139.png,loveda_m2a/Train/Urban/masks_png/2139.png,da02680f35ee30665cf868540820de32472e3e6dd7c222116807c38839958696
loveda_train_urban_2140,probe_train,urban,processed/LoveDA/ssl_train_rgb/urban/2140.png,loveda_m2a/Train/Urban/masks_png/2140.png,1d47428f7fdf35830468a6106cb73dd863a6f6f377a19845fc646870aea31080
loveda_train_urban_2141,probe_train,urban,processed/LoveDA/ssl_train_rgb/urban/2141.png,loveda_m2a/Train/Urban/masks_png/2141.png,53021d38c0b890ab5f88e185c536761e9b88c8e5308fc246a7e67b8c3a5345a6
loveda_train_urban_2142,probe_train,urban,processed/LoveDA/ssl_train_rgb/urban/2142.png,loveda_m2a/Train/Urban/masks_png/2142.png,313ba0d7c4a85f2bb8fb55ea3aaf580c10ca666069b6b31c46478d8c12149f5f
loveda_train_urban_2144,probe_train,urban,processed/LoveDA/ssl_train_rgb/urban/2144.png,loveda_m2a/Train/Urban/masks_png/2144.png,03287dace58bbea341768af5e354387c82e02c76be05a008684aca9ee136e84f
loveda_train_urban_2145,probe_train,urban,processed/LoveDA/ssl_train_rgb/urban/2145.png,loveda_m2a/Train/Urban/masks_png/2145.png,b30966bdb6dc571bcc69e3cc4b2112843524097d5c37eab6d9682e49e6e69d1e
loveda_train_urban_2146,probe_train,urban,processed/LoveDA/ssl_train_rgb/urban/2146.png,loveda_m2a/Train/Urban/masks_png/2146.png,e351b22e63c672b4f026c9a120da16599c0aaf45274ae84c1c2595a7b36716e5
loveda_train_urban_2147,probe_train,urban,processed/LoveDA/ssl_train_rgb/urban/2147.png,loveda_m2a/Train/Urban/masks_png/2147.png,af33a4ae5391afba2cad9d3b13a3f77f75aa8ff2f087150c15dd7c01dfb205c1
loveda_train_urban_2149,probe_train,urban,processed/LoveDA/ssl_train_rgb/urban/2149.png,loveda_m2a/Train/Urban/masks_png/2149.png,99dc70cee95cb416414999221ca24887da4d5508b2c63f57aefb98e660e2d25f
loveda_train_urban_2150,probe_train,urban,processed/LoveDA/ssl_train_rgb/urban/2150.png,loveda_m2a/Train/Urban/masks_png/2150.png,c2d3716c661b5cf30180c72c829d09d938a4fe65079464fa8e26bfe65c1032fb
loveda_train_urban_2151,probe_train,urban,processed/LoveDA/ssl_train_rgb/urban/2151.png,loveda_m2a/Train/Urban/masks_png/2151.png,af96746836f9dba8afe6bbe270ad2301f22c58cb73520157719667f21ba31259
loveda_train_urban_2152,probe_train,urban,processed/LoveDA/ssl_train_rgb/urban/2152.png,loveda_m2a/Train/Urban/masks_png/2152.png,2fa67e8b53bcf45f92ac9fd0c34623422b78201b5f21447e52156143bd53aceb
loveda_train_urban_2153,probe_train,urban,processed/LoveDA/ssl_train_rgb/urban/2153.png,loveda_m2a/Train/Urban/masks_png/2153.png,b04c96de286b45e7482f9abcf39006fab1c7ed9de580ecfd857d7a7938f8792f
loveda_train_urban_2154,probe_train,urban,processed/LoveDA/ssl_train_rgb/urban/2154.png,loveda_m2a/Train/Urban/masks_png/2154.png,0281004710685fd6d54c5566ecf49de89a165549e47e673c5d59d43f0f3633bf
loveda_train_urban_2155,probe_train,urban,processed/LoveDA/ssl_train_rgb/urban/2155.png,loveda_m2a/Train/Urban/masks_png/2155.png,c04d5b9feb6e9afd2852a8d9e01d041523cf415f93c2eaad2dd18eb0440a31a9
loveda_train_urban_2157,probe_train,urban,processed/LoveDA/ssl_train_rgb/urban/2157.png,loveda_m2a/Train/Urban/masks_png/2157.png,b91a7ecb48e0d9f5d5ff4c413c265326d1b4e106e66983d6b4adf519085a0f5a
loveda_train_urban_2159,probe_train,urban,processed/LoveDA/ssl_train_rgb/urban/2159.png,loveda_m2a/Train/Urban/masks_png/2159.png,8289fd88da89af1d7be6120b7f5314f96297569ded32f83e03125b3da9e63ab0
loveda_train_urban_2160,probe_train,urban,processed/LoveDA/ssl_train_rgb/urban/2160.png,loveda_m2a/Train/Urban/masks_png/2160.png,caea0d34d564460bfd89181f08f4b454890498dbf12b3b28a4d631e02872ca9e
loveda_train_urban_2161,probe_train,urban,processed/LoveDA/ssl_train_rgb/urban/2161.png,loveda_m2a/Train/Urban/masks_png/2161.png,330cf5db8ca1a7e7f5dec73fdfd22800cd831610eaac3501816ccf1901398c0a
loveda_train_urban_2162,probe_train,urban,processed/LoveDA/ssl_train_rgb/urban/2162.png,loveda_m2a/Train/Urban/masks_png/2162.png,e7427de3ba2b91eca5a4fa8300e0d201d01cdb33ad0f1389a673726431ce8d74
loveda_train_urban_2163,probe_train,urban,processed/LoveDA/ssl_train_rgb/urban/2163.png,loveda_m2a/Train/Urban/masks_png/2163.png,2a90a78d66833fc06b87abdb85171759579e55224bb1bba1940e99c51c265aa2
loveda_train_urban_2164,probe_train,urban,processed/LoveDA/ssl_train_rgb/urban/2164.png,loveda_m2a/Train/Urban/masks_png/2164.png,673994075de9263a145a55481275a57c22bb2cb0becd6789a3772ea0d3710550
loveda_train_urban_2165,probe_train,urban,processed/LoveDA/ssl_train_rgb/urban/2165.png,loveda_m2a/Train/Urban/masks_png/2165.png,6dccaa88a4c209f469e07692f1208506dfb6e7cfce3f4732d918be1e22fd589c
loveda_train_urban_2168,probe_train,urban,processed/LoveDA/ssl_train_rgb/urban/2168.png,loveda_m2a/Train/Urban/masks_png/2168.png,8e89fb3e902f00d3376d5352fc586d7f27d273d2a4838313cb17ef79e7a2ac24
loveda_train_urban_2169,probe_train,urban,processed/LoveDA/ssl_train_rgb/urban/2169.png,loveda_m2a/Train/Urban/masks_png/2169.png,0dd6be79bcb0b8139aa38432d2d028c9e9671769ece880c45a720d0f2c99d8c7
loveda_train_urban_2170,probe_train,urban,processed/LoveDA/ssl_train_rgb/urban/2170.png,loveda_m2a/Train/Urban/masks_png/2170.png,e595fc7d7d40b6add437c208f855d49d8b3fce7368e195b8d2890124293aeb7b
loveda_train_urban_2171,probe_train,urban,processed/LoveDA/ssl_train_rgb/urban/2171.png,loveda_m2a/Train/Urban/masks_png/2171.png,1ca7de3e4c57477c986d318ae022e61a49ffbe831545747329484b30e1568bef
loveda_train_urban_2172,probe_train,urban,processed/LoveDA/ssl_train_rgb/urban/2172.png,loveda_m2a/Train/Urban/masks_png/2172.png,bb5060709096266920184bc183ee10b88c15a1f2a1d43e0e781b24df7345cff7
loveda_train_urban_2174,probe_train,urban,processed/LoveDA/ssl_train_rgb/urban/2174.png,loveda_m2a/Train/Urban/masks_png/2174.png,1e26d39a11e737dd379693842a814ba744e942bb9c85b19f223d183e1b0cc5e1
loveda_train_urban_2177,probe_train,urban,processed/LoveDA/ssl_train_rgb/urban/2177.png,loveda_m2a/Train/Urban/masks_png/2177.png,6acf2050080ed704e6c9edceedc7feeb739975d9f0d8ed0ee7fd180bfac5a4a0
loveda_train_urban_2179,probe_train,urban,processed/LoveDA/ssl_train_rgb/urban/2179.png,loveda_m2a/Train/Urban/masks_png/2179.png,4e904f9cea9245cbb98dfaf82e3cab32246ad0119b340edab251297477c8f020
loveda_train_urban_2181,probe_train,urban,processed/LoveDA/ssl_train_rgb/urban/2181.png,loveda_m2a/Train/Urban/masks_png/2181.png,cb99b0c336aa965f28573867731e45286d3ce28fd736da6373510ff47c591efd
loveda_train_urban_2182,probe_train,urban,processed/LoveDA/ssl_train_rgb/urban/2182.png,loveda_m2a/Train/Urban/masks_png/2182.png,b001b50306fc2cf9d8274bb5c96c88ede6f7027daa8ac8d8ee6adcec86b89915
loveda_train_urban_2183,probe_train,urban,processed/LoveDA/ssl_train_rgb/urban/2183.png,loveda_m2a/Train/Urban/masks_png/2183.png,9ead7c2bd3b8f43ee14bb4ace60288919db6fdb3c8ab961604bd561366e5900b
loveda_train_urban_2184,probe_train,urban,processed/LoveDA/ssl_train_rgb/urban/2184.png,loveda_m2a/Train/Urban/masks_png/2184.png,ce1a9df2e48febb6ed2f696994f1da11db77c8d54fc0c7a7a7d38fda02b8faae
loveda_train_urban_2185,probe_train,urban,processed/LoveDA/ssl_train_rgb/urban/2185.png,loveda_m2a/Train/Urban/masks_png/2185.png,e1e263c719a7241fbef56c4cdf5182877461bf1dac3e72f809930d9421cded9b
loveda_train_urban_2186,probe_train,urban,processed/LoveDA/ssl_train_rgb/urban/2186.png,loveda_m2a/Train/Urban/masks_png/2186.png,b739cbf27e7fbc84060cfce793fa9f8f0aa456ce9a73ce09ab45c41a29a08c02
loveda_train_urban_2187,probe_train,urban,processed/LoveDA/ssl_train_rgb/urban/2187.png,loveda_m2a/Train/Urban/masks_png/2187.png,b9670e29f9a3916ae467ebb8f8cafbbbd2ab204c341087179de070404f0021a2
loveda_train_urban_2188,probe_train,urban,processed/LoveDA/ssl_train_rgb/urban/2188.png,loveda_m2a/Train/Urban/masks_png/2188.png,142c8968b36f77312a1138aa1dac40f912f2aa66d94ca49974286ea5b9b1c02a
loveda_train_urban_2189,probe_train,urban,processed/LoveDA/ssl_train_rgb/urban/2189.png,loveda_m2a/Train/Urban/masks_png/2189.png,dce922b72aaf57ffc6f42633cd1138b6032eb35c4bdcb5b9267af644ed4e7e8a
loveda_train_urban_2190,probe_train,urban,processed/LoveDA/ssl_train_rgb/urban/2190.png,loveda_m2a/Train/Urban/masks_png/2190.png,27547a8925d73aae9b1a0179ecfd471cdea2f2057b0ca4059f0d06573e0e31b3
loveda_train_urban_2191,probe_train,urban,processed/LoveDA/ssl_train_rgb/urban/2191.png,loveda_m2a/Train/Urban/masks_png/2191.png,928cef93b6fdf9382144bc908f802691cfe373ecacf48ceca70b012b5208fd82
loveda_train_urban_2195,probe_train,urban,processed/LoveDA/ssl_train_rgb/urban/2195.png,loveda_m2a/Train/Urban/masks_png/2195.png,d3e52318833182379f7eadf236ea645ff5e1a2bf0b874d22d0212564dbd77e95
loveda_train_urban_2196,probe_train,urban,processed/LoveDA/ssl_train_rgb/urban/2196.png,loveda_m2a/Train/Urban/masks_png/2196.png,3ae30b2fcc06250e9731d66d8379b19fdc76857bc4819f268858fd5e6a1c3750
loveda_train_urban_2197,probe_train,urban,processed/LoveDA/ssl_train_rgb/urban/2197.png,loveda_m2a/Train/Urban/masks_png/2197.png,7b27b54271fcc67702a09db7f92e4c3908e4d4d58835f1d6ea18f9adb8a2996e
loveda_train_urban_2199,probe_train,urban,processed/LoveDA/ssl_train_rgb/urban/2199.png,loveda_m2a/Train/Urban/masks_png/2199.png,e6d208d0188dd309a9966ae8a68db9197851ce2c7aee8bd7a2b5cac62a5a3638
loveda_train_urban_2200,probe_train,urban,processed/LoveDA/ssl_train_rgb/urban/2200.png,loveda_m2a/Train/Urban/masks_png/2200.png,9d762227200bef0e07d06e7bb238c1a8907fb8edb12d79bc830e86e3219a4279
loveda_train_urban_2201,probe_train,urban,processed/LoveDA/ssl_train_rgb/urban/2201.png,loveda_m2a/Train/Urban/masks_png/2201.png,5df3a86620d42b028c0008db730401f311406ca131ef83a83db2e8d4c03e4917
loveda_train_urban_2204,probe_train,urban,processed/LoveDA/ssl_train_rgb/urban/2204.png,loveda_m2a/Train/Urban/masks_png/2204.png,ced736e914334c1cbd2600c4095798d746014e7815e088e36a0c99501569353c
loveda_train_urban_2205,probe_train,urban,processed/LoveDA/ssl_train_rgb/urban/2205.png,loveda_m2a/Train/Urban/masks_png/2205.png,73f20b7fc68184595147301240c3ea8d38f5e8fd55c44037e7e01fd212484dc2
loveda_train_urban_2206,probe_train,urban,processed/LoveDA/ssl_train_rgb/urban/2206.png,loveda_m2a/Train/Urban/masks_png/2206.png,e17e428413d30453b56e27bb21d70efe272847aaa7f089e743467cde879224ce
loveda_train_urban_2208,probe_train,urban,processed/LoveDA/ssl_train_rgb/urban/2208.png,loveda_m2a/Train/Urban/masks_png/2208.png,95ea0bb0db8ca7c123fe186376e6ab69e3fd193c159d8c38d247822ad368de0c
loveda_train_urban_2211,probe_train,urban,processed/LoveDA/ssl_train_rgb/urban/2211.png,loveda_m2a/Train/Urban/masks_png/2211.png,c114ca4b4c34c1e986d7f02748ecae5bf63a8c082777f260629472ce564b66c1
loveda_train_urban_2212,probe_train,urban,processed/LoveDA/ssl_train_rgb/urban/2212.png,loveda_m2a/Train/Urban/masks_png/2212.png,a8b44dc1d9f2ecad4f4c4474cc4e8a9ab032dd41a15c8be6f06bb878c2c738ba
loveda_train_urban_2214,probe_train,urban,processed/LoveDA/ssl_train_rgb/urban/2214.png,loveda_m2a/Train/Urban/masks_png/2214.png,c7a5787fdc81c05c09e6c1f3859243dfb46087b1b055eea1f3b8d1265988a165
loveda_train_urban_2215,probe_train,urban,processed/LoveDA/ssl_train_rgb/urban/2215.png,loveda_m2a/Train/Urban/masks_png/2215.png,c5f34b3eae35b126a6e02db20ecdad1af37669ef931c3bc74fc8d74534a4daa1
loveda_train_urban_2218,probe_train,urban,processed/LoveDA/ssl_train_rgb/urban/2218.png,loveda_m2a/Train/Urban/masks_png/2218.png,83d38c92466059737687c2935f7a9bd5d526d6d91887afafa861383dde71d065
loveda_train_urban_2219,probe_train,urban,processed/LoveDA/ssl_train_rgb/urban/2219.png,loveda_m2a/Train/Urban/masks_png/2219.png,e49f1bbc11d47f9f7c80deca0664cfa4b88d2445580a8d72ae30b7701266217a
loveda_train_urban_2220,probe_train,urban,processed/LoveDA/ssl_train_rgb/urban/2220.png,loveda_m2a/Train/Urban/masks_png/2220.png,918d7066f3ec28f567b8960b5c454ae11c464394c08e7eeb305a190a4beec98c
loveda_train_urban_2221,probe_train,urban,processed/LoveDA/ssl_train_rgb/urban/2221.png,loveda_m2a/Train/Urban/masks_png/2221.png,b34bad944280e782538830cd615117ac3c0d801f0a7cf32f321a1321eb7a9a97
loveda_train_urban_2222,probe_train,urban,processed/LoveDA/ssl_train_rgb/urban/2222.png,loveda_m2a/Train/Urban/masks_png/2222.png,8232b8726871a475b4323b780ab1d73a94d1b33d0b6364d331d5ac7d9eee4854
loveda_train_urban_2223,probe_train,urban,processed/LoveDA/ssl_train_rgb/urban/2223.png,loveda_m2a/Train/Urban/masks_png/2223.png,5bfc2ddf1c53fd50577e938980a324c51167bc6c6f026d2729b12af1c92e6b2f
loveda_train_urban_2224,probe_train,urban,processed/LoveDA/ssl_train_rgb/urban/2224.png,loveda_m2a/Train/Urban/masks_png/2224.png,ae4a2c0ddf58684bb380626d07a2ae5c2626a513906bb7cd443e476b6f80b219
loveda_train_urban_2225,probe_train,urban,processed/LoveDA/ssl_train_rgb/urban/2225.png,loveda_m2a/Train/Urban/masks_png/2225.png,a3ccfe5c340ac5f4908fc8ab5955d960c1ddd6fa7604e7e111b397f3c231e762
loveda_train_urban_2226,probe_train,urban,processed/LoveDA/ssl_train_rgb/urban/2226.png,loveda_m2a/Train/Urban/masks_png/2226.png,66ee9e910e2c0da0ee3321ec67c204f230d2c5d29023abf469b4677fe8b11830
loveda_train_urban_2227,probe_train,urban,processed/LoveDA/ssl_train_rgb/urban/2227.png,loveda_m2a/Train/Urban/masks_png/2227.png,5b2f17630b302fe8194071055ebeb06c849455135aa697992e2ddb0e947c622b
loveda_train_urban_2228,probe_train,urban,processed/LoveDA/ssl_train_rgb/urban/2228.png,loveda_m2a/Train/Urban/masks_png/2228.png,ddb234e3b0853736adb5946f0512f0b7dd829f659402c5e2b0c5bec7f3b627be
loveda_train_urban_2229,probe_train,urban,processed/LoveDA/ssl_train_rgb/urban/2229.png,loveda_m2a/Train/Urban/masks_png/2229.png,d205f77ff09edf598fe1ac7b1e82c3bb60526d1b3bce2b41d8a829e16f03c241
loveda_train_urban_2230,probe_train,urban,processed/LoveDA/ssl_train_rgb/urban/2230.png,loveda_m2a/Train/Urban/masks_png/2230.png,29c09d271f3e46b1f4338b88f0b95aa5712ddcd69c8191558510aa496c681a17
loveda_train_urban_2232,probe_train,urban,processed/LoveDA/ssl_train_rgb/urban/2232.png,loveda_m2a/Train/Urban/masks_png/2232.png,9173bb73a56a289acfecd722342467c1b750ab55e5beb78855beaec4bea5c93d
loveda_train_urban_2233,probe_train,urban,processed/LoveDA/ssl_train_rgb/urban/2233.png,loveda_m2a/Train/Urban/masks_png/2233.png,f4bd218bd635f87e4ee9f772cf9066586617789193a37906620741bc6d76943d
loveda_train_urban_2234,probe_train,urban,processed/LoveDA/ssl_train_rgb/urban/2234.png,loveda_m2a/Train/Urban/masks_png/2234.png,84a7933e08990abe8665d3bb71bf13771ff7416f45527f7ff286f46e82447b34
loveda_train_urban_2237,probe_train,urban,processed/LoveDA/ssl_train_rgb/urban/2237.png,loveda_m2a/Train/Urban/masks_png/2237.png,ae4de9033eadb75230fdcfcfb36d9a9a96ecdba16812a67368a2483ca8472eaf
loveda_train_urban_2238,probe_train,urban,processed/LoveDA/ssl_train_rgb/urban/2238.png,loveda_m2a/Train/Urban/masks_png/2238.png,801ed56167e9793cdf1bae0b636277a80ad93385481bf770bce5a4a6f5172753
loveda_train_urban_2239,probe_train,urban,processed/LoveDA/ssl_train_rgb/urban/2239.png,loveda_m2a/Train/Urban/masks_png/2239.png,5a2d0d07a3741e38d2bbc41b172130e105e9108ae4711a5ec257054561f95972
loveda_train_urban_2240,probe_train,urban,processed/LoveDA/ssl_train_rgb/urban/2240.png,loveda_m2a/Train/Urban/masks_png/2240.png,91b40de8ac5a7f1c70e8a823cc838884d6761c33c9096194056113260cccb1e8
loveda_train_urban_2242,probe_train,urban,processed/LoveDA/ssl_train_rgb/urban/2242.png,loveda_m2a/Train/Urban/masks_png/2242.png,cc9bb1b9f74c069f6b6525ddd1aa91036124bf7eccf8d14ecbbf8ecdd33f68de
loveda_train_urban_2243,probe_train,urban,processed/LoveDA/ssl_train_rgb/urban/2243.png,loveda_m2a/Train/Urban/masks_png/2243.png,854a25bda262aee299fd4eb0d5f9cd1da0129288981d8bc7ba5bf494e189b550
loveda_train_urban_2244,probe_train,urban,processed/LoveDA/ssl_train_rgb/urban/2244.png,loveda_m2a/Train/Urban/masks_png/2244.png,0b00589d166b3a84d4670c1856c635eaa81b3abbcc35af6a36885fd603cef8c9
loveda_train_urban_2246,probe_train,urban,processed/LoveDA/ssl_train_rgb/urban/2246.png,loveda_m2a/Train/Urban/masks_png/2246.png,af55bfbcb87af22d99c6a2249d5e01065761c8d08e7cb2df1de7a1c6e7b4792a
loveda_train_urban_2249,probe_train,urban,processed/LoveDA/ssl_train_rgb/urban/2249.png,loveda_m2a/Train/Urban/masks_png/2249.png,9051be2fb4d9da94c497097216c30e3ee66cf56edc96fef940b6d2b4352249ab
loveda_train_urban_2250,probe_train,urban,processed/LoveDA/ssl_train_rgb/urban/2250.png,loveda_m2a/Train/Urban/masks_png/2250.png,271ead94c553af547e7b7b9ec58606595da32dd4a761bdbba6d22f278eb4e878
loveda_train_urban_2252,probe_train,urban,processed/LoveDA/ssl_train_rgb/urban/2252.png,loveda_m2a/Train/Urban/masks_png/2252.png,dc1db37db0d1beb2d3ad99d70bef1e1490812234a0de47751f3e3b89a9265052
loveda_train_urban_2253,probe_train,urban,processed/LoveDA/ssl_train_rgb/urban/2253.png,loveda_m2a/Train/Urban/masks_png/2253.png,08dd51394e3e18c8b2ede190167d60876e154a2a40b7a65b00b65bedbff31428
loveda_train_urban_2254,probe_train,urban,processed/LoveDA/ssl_train_rgb/urban/2254.png,loveda_m2a/Train/Urban/masks_png/2254.png,2df470097fb023729e2dbb873871bbfcb3925b277163673e9b7c16a24bdc573c
loveda_train_urban_2257,probe_train,urban,processed/LoveDA/ssl_train_rgb/urban/2257.png,loveda_m2a/Train/Urban/masks_png/2257.png,2d8da70410195a3a72f1a85a35f018d2de17b2f445b077637fdb9da2121b7407
loveda_train_urban_2258,probe_train,urban,processed/LoveDA/ssl_train_rgb/urban/2258.png,loveda_m2a/Train/Urban/masks_png/2258.png,18226c9177115a484557e15c9c95494654ae485cd0aaf36d282cc87492fddc67
loveda_train_urban_2259,probe_train,urban,processed/LoveDA/ssl_train_rgb/urban/2259.png,loveda_m2a/Train/Urban/masks_png/2259.png,57e23ec6555f5f7ae9976dba7fef01f056d0507bd88d941b5e398a1058a2d8a1
loveda_train_urban_2260,probe_train,urban,processed/LoveDA/ssl_train_rgb/urban/2260.png,loveda_m2a/Train/Urban/masks_png/2260.png,b0767ad8323a35c2be67802eff199d76a0db13185006b692c6759d1a44cd616f
loveda_train_urban_2261,probe_train,urban,processed/LoveDA/ssl_train_rgb/urban/2261.png,loveda_m2a/Train/Urban/masks_png/2261.png,03ad9d36a53248a7e41a7f9c4d422314d89b1075604877d7caad27655404697b
loveda_train_urban_2262,probe_train,urban,processed/LoveDA/ssl_train_rgb/urban/2262.png,loveda_m2a/Train/Urban/masks_png/2262.png,81db6e8da76727bc7b8d3cab03d3cdca6401a39bcb37a76ed2c5d98b36cdac83
loveda_train_urban_2263,probe_train,urban,processed/LoveDA/ssl_train_rgb/urban/2263.png,loveda_m2a/Train/Urban/masks_png/2263.png,64ec76d00db4562cd395b89431c3c52142a815a5430d1e8a86111162dc018e36
loveda_train_urban_2264,probe_train,urban,processed/LoveDA/ssl_train_rgb/urban/2264.png,loveda_m2a/Train/Urban/masks_png/2264.png,72d146953174924a8589a07facdcc0d68b9205cbbf2de9683fc09d33ccdd3e84
loveda_train_urban_2265,probe_train,urban,processed/LoveDA/ssl_train_rgb/urban/2265.png,loveda_m2a/Train/Urban/masks_png/2265.png,69aee485aedbda4c6f991f78bf0bdadc2d6975cd06be26ba2ec144a7e249b6f4
loveda_train_urban_2266,probe_train,urban,processed/LoveDA/ssl_train_rgb/urban/2266.png,loveda_m2a/Train/Urban/masks_png/2266.png,acad2318f9fef010f0daeb29adf73fb6266adcf0743d8acc21f8a6142dd245f6
loveda_train_urban_2267,probe_train,urban,processed/LoveDA/ssl_train_rgb/urban/2267.png,loveda_m2a/Train/Urban/masks_png/2267.png,588b8f7b6abf2a357009d1381fefec1f8a2f37d500a4ba37af628966012e376c
loveda_train_urban_2270,probe_train,urban,processed/LoveDA/ssl_train_rgb/urban/2270.png,loveda_m2a/Train/Urban/masks_png/2270.png,2a2202bdc4577faa137c23a1052496f79c1f1564c82a77a157ee1211cc103d38
loveda_train_urban_2271,probe_train,urban,processed/LoveDA/ssl_train_rgb/urban/2271.png,loveda_m2a/Train/Urban/masks_png/2271.png,ae425e6cfaf09f25e38229f36a06c165da0a43f5674c8d243d125ac71fe383f5
loveda_train_urban_2272,probe_train,urban,processed/LoveDA/ssl_train_rgb/urban/2272.png,loveda_m2a/Train/Urban/masks_png/2272.png,633d1618502f6d160ad44cae3e521b8164f596e1056d2161cb38f40b108ce70a
loveda_train_urban_2273,probe_train,urban,processed/LoveDA/ssl_train_rgb/urban/2273.png,loveda_m2a/Train/Urban/masks_png/2273.png,c6cf1de729b8b95fcb08c79020472488d9d5ac76d45072c2b0ef606d2b99fa8b
loveda_train_urban_2274,probe_train,urban,processed/LoveDA/ssl_train_rgb/urban/2274.png,loveda_m2a/Train/Urban/masks_png/2274.png,af09597ead3d4f0b4aa509a66e1287b57c046b7cc42993d61d330f99a9404ccb
loveda_train_urban_2275,probe_train,urban,processed/LoveDA/ssl_train_rgb/urban/2275.png,loveda_m2a/Train/Urban/masks_png/2275.png,28b33512bd443c6918543c972bf2f9cfff52da4946323efa519312ee6a244061
loveda_train_urban_2276,probe_train,urban,processed/LoveDA/ssl_train_rgb/urban/2276.png,loveda_m2a/Train/Urban/masks_png/2276.png,734bc5aa98c07c136361dbe3d3b42dc13790f9bbd6f885c2f9ed8ffae216d8b8
loveda_train_urban_2277,probe_train,urban,processed/LoveDA/ssl_train_rgb/urban/2277.png,loveda_m2a/Train/Urban/masks_png/2277.png,da2c3345071ed7b5259d3002e7d24a02479fd31c01381bfbf09399ad35cf0007
loveda_train_urban_2278,probe_train,urban,processed/LoveDA/ssl_train_rgb/urban/2278.png,loveda_m2a/Train/Urban/masks_png/2278.png,d95b29a225457f74766f3595b04f96a54a5b8ab554308c338334b5afebe5a53e
loveda_train_urban_2279,probe_train,urban,processed/LoveDA/ssl_train_rgb/urban/2279.png,loveda_m2a/Train/Urban/masks_png/2279.png,82ee661aa2266bf1aec39693caaae4bcac6b4e42479d1edf5f870c3938f11b4f
loveda_train_urban_2280,probe_train,urban,processed/LoveDA/ssl_train_rgb/urban/2280.png,loveda_m2a/Train/Urban/masks_png/2280.png,3d68386576b59e2501d2cadf4e9055db5f5dc56181ef40b588dd690acad70a6c
loveda_train_urban_2281,probe_train,urban,processed/LoveDA/ssl_train_rgb/urban/2281.png,loveda_m2a/Train/Urban/masks_png/2281.png,9bf7c447af772030e09d48be29ef10c3eb8a236b9b65fd4742f0d32e23d69bbc
loveda_train_urban_2282,probe_train,urban,processed/LoveDA/ssl_train_rgb/urban/2282.png,loveda_m2a/Train/Urban/masks_png/2282.png,3983f4dba725f7a4a2fa8228e47042551e04005a598111fdc65ace1dad47e040
loveda_train_urban_2283,probe_train,urban,processed/LoveDA/ssl_train_rgb/urban/2283.png,loveda_m2a/Train/Urban/masks_png/2283.png,0a34fc66d7b7cdaed25514d8c320b07c4aef4f252541d43ea26a2ba37228c7cb
loveda_train_urban_2284,probe_train,urban,processed/LoveDA/ssl_train_rgb/urban/2284.png,loveda_m2a/Train/Urban/masks_png/2284.png,7648714d24de22fdfd0576e4f1ab737b5abd5a47bccea56582a7fec3e90170d6
loveda_train_urban_2285,probe_train,urban,processed/LoveDA/ssl_train_rgb/urban/2285.png,loveda_m2a/Train/Urban/masks_png/2285.png,d9ec2edac86b5cf0afc810f2e3b627b5498239db02a03da9b51bade5db5e0282
loveda_train_urban_2286,probe_train,urban,processed/LoveDA/ssl_train_rgb/urban/2286.png,loveda_m2a/Train/Urban/masks_png/2286.png,c13e562a2a7f2d61d211b9323e71bad8737a0af4e5461323b8a8b9814296ca66
loveda_train_urban_2287,probe_train,urban,processed/LoveDA/ssl_train_rgb/urban/2287.png,loveda_m2a/Train/Urban/masks_png/2287.png,70b0afedeb92d3950caaca5ade60c804fc9658e66c083a97590e1f0b154ee074
loveda_train_urban_2288,probe_train,urban,processed/LoveDA/ssl_train_rgb/urban/2288.png,loveda_m2a/Train/Urban/masks_png/2288.png,0dfcaa68f9d7a82a236bc5cecd4be5359a35542f75c4d588f6f81f4409eff207
loveda_train_urban_2289,probe_train,urban,processed/LoveDA/ssl_train_rgb/urban/2289.png,loveda_m2a/Train/Urban/masks_png/2289.png,7f47d8750953e4f88b090665b069272356b23399b87153903c3f3e42eb80079f
loveda_train_urban_2290,probe_train,urban,processed/LoveDA/ssl_train_rgb/urban/2290.png,loveda_m2a/Train/Urban/masks_png/2290.png,9fd7a7025d279c980b434a8d97f1ee2564dc2a02035948904d8ed3e38ecbfcaf
loveda_train_urban_2292,probe_train,urban,processed/LoveDA/ssl_train_rgb/urban/2292.png,loveda_m2a/Train/Urban/masks_png/2292.png,89cf3135c6002295a86c9e767094c7de025d06e276c871bb7ab8460451d9aace
loveda_train_urban_2293,probe_train,urban,processed/LoveDA/ssl_train_rgb/urban/2293.png,loveda_m2a/Train/Urban/masks_png/2293.png,283b3513af2c5cac2a2d6315e7984256fcf2d98e3a3c3b76c463fcd787f65a7f
loveda_train_urban_2294,probe_train,urban,processed/LoveDA/ssl_train_rgb/urban/2294.png,loveda_m2a/Train/Urban/masks_png/2294.png,eccdd50e10837e60910f65e688a0951e0131df15a42cb2ad56753de5d3cbe99e
loveda_train_urban_2295,probe_train,urban,processed/LoveDA/ssl_train_rgb/urban/2295.png,loveda_m2a/Train/Urban/masks_png/2295.png,f40b2dfcef63b9a16cfef919fd1f7b7f06da084110c5a91b67c23fca20eef91f
loveda_train_urban_2297,probe_train,urban,processed/LoveDA/ssl_train_rgb/urban/2297.png,loveda_m2a/Train/Urban/masks_png/2297.png,ed19679430122f01af6aba7ea0d91d4573a8e0b7ccff8911776ad041eb3b1419
loveda_train_urban_2298,probe_train,urban,processed/LoveDA/ssl_train_rgb/urban/2298.png,loveda_m2a/Train/Urban/masks_png/2298.png,5180bb776ac6f050303bd4204588c1372f8f0c8a8dee4f2f3cd2fff2e5325bbf
loveda_train_urban_2299,probe_train,urban,processed/LoveDA/ssl_train_rgb/urban/2299.png,loveda_m2a/Train/Urban/masks_png/2299.png,b39d2b8c6d6dc65228a74c1fa5bd16040847e1e00f568a30a8da54bb4b4fedd2
loveda_train_urban_2300,probe_train,urban,processed/LoveDA/ssl_train_rgb/urban/2300.png,loveda_m2a/Train/Urban/masks_png/2300.png,5071c769a6302a48a437261ee17380b8e15063d7021485b567c612d0182152eb
loveda_train_urban_2301,probe_train,urban,processed/LoveDA/ssl_train_rgb/urban/2301.png,loveda_m2a/Train/Urban/masks_png/2301.png,8920238fd89092466af1d12f7e7145c7192ddaab758c957f173ceb16c25af821
loveda_train_urban_2302,probe_train,urban,processed/LoveDA/ssl_train_rgb/urban/2302.png,loveda_m2a/Train/Urban/masks_png/2302.png,e77ba584f5bab8f979989d1154609ee393516d5215733b0133790ece998b499e
loveda_train_urban_2303,probe_train,urban,processed/LoveDA/ssl_train_rgb/urban/2303.png,loveda_m2a/Train/Urban/masks_png/2303.png,f14f496587e63d1b7a377082c5e43f6fa62b414ec69fde50c7f6f0da74d0746e
loveda_train_urban_2304,probe_train,urban,processed/LoveDA/ssl_train_rgb/urban/2304.png,loveda_m2a/Train/Urban/masks_png/2304.png,eb1233539d20f71699c09abe7bdbd402d2d882b53cfd45718dd30c3d0135f4e0
loveda_train_urban_2305,probe_train,urban,processed/LoveDA/ssl_train_rgb/urban/2305.png,loveda_m2a/Train/Urban/masks_png/2305.png,b8b8d5781df2c2d69b735617440c31d0cc8da90b98bc013d42507d6f43490f20
loveda_train_urban_2306,probe_train,urban,processed/LoveDA/ssl_train_rgb/urban/2306.png,loveda_m2a/Train/Urban/masks_png/2306.png,e3a80b05df8e288e60af8b559f1bc7c2493d4165215d5e6baf5c5c26d859b679
loveda_train_urban_2307,probe_train,urban,processed/LoveDA/ssl_train_rgb/urban/2307.png,loveda_m2a/Train/Urban/masks_png/2307.png,2ffaa59226bd83f736d0728d503872745598085b840c14a5b8a254705a4af3b7
loveda_train_urban_2308,probe_train,urban,processed/LoveDA/ssl_train_rgb/urban/2308.png,loveda_m2a/Train/Urban/masks_png/2308.png,039d542bbe3e3bf94f75454478990452999d75fb4490ef92d9433d7df8092b1b
loveda_train_urban_2309,probe_train,urban,processed/LoveDA/ssl_train_rgb/urban/2309.png,loveda_m2a/Train/Urban/masks_png/2309.png,3055c74746aacc6491ecd38070772ae01f4678efc7b2cc7d3ed4b82cf2d60810
loveda_train_urban_2310,probe_train,urban,processed/LoveDA/ssl_train_rgb/urban/2310.png,loveda_m2a/Train/Urban/masks_png/2310.png,5a421b051900e46febec9b21a8de3202319246db219d7b6f0b7b91442cbaa982
loveda_train_urban_2311,probe_train,urban,processed/LoveDA/ssl_train_rgb/urban/2311.png,loveda_m2a/Train/Urban/masks_png/2311.png,c3b042d0f2fe03efb49618438a97cc2bedf1888d56203b17c434c2a810995821
loveda_train_urban_2312,probe_train,urban,processed/LoveDA/ssl_train_rgb/urban/2312.png,loveda_m2a/Train/Urban/masks_png/2312.png,4837deef22b3b094330017bc4a11071e484b2069d092279510605a04c914ffda
loveda_train_urban_2314,probe_train,urban,processed/LoveDA/ssl_train_rgb/urban/2314.png,loveda_m2a/Train/Urban/masks_png/2314.png,d45c63a9752515abbe0d7893b478aa318ce7364299146a026442c422a3797a3d
loveda_train_urban_2315,probe_train,urban,processed/LoveDA/ssl_train_rgb/urban/2315.png,loveda_m2a/Train/Urban/masks_png/2315.png,5ae4b7c1aebeff7fb2cd8f7b165de04e0496580b29a7cd643730d9502ee9b66e
loveda_train_urban_2316,probe_train,urban,processed/LoveDA/ssl_train_rgb/urban/2316.png,loveda_m2a/Train/Urban/masks_png/2316.png,b0231614b4f0356c56cf77825d9af268a2f440faee03792a31cac15d10182cc4
loveda_train_urban_2317,probe_train,urban,processed/LoveDA/ssl_train_rgb/urban/2317.png,loveda_m2a/Train/Urban/masks_png/2317.png,caee191fa033720461d4fc1cc0362b43f5a6da8e62e8eaa5e979f2e5ce0e15bb
loveda_train_urban_2318,probe_train,urban,processed/LoveDA/ssl_train_rgb/urban/2318.png,loveda_m2a/Train/Urban/masks_png/2318.png,6db000e1623eff90ccdd16c8a85844b8e147a4449cda8a68f793a0bbeff2bd4f
loveda_train_urban_2320,probe_train,urban,processed/LoveDA/ssl_train_rgb/urban/2320.png,loveda_m2a/Train/Urban/masks_png/2320.png,0a079d4fa69d76c71968723b938c2ab6aac6d9f7f5c97465a7654311f64cf7bd
loveda_train_urban_2321,probe_train,urban,processed/LoveDA/ssl_train_rgb/urban/2321.png,loveda_m2a/Train/Urban/masks_png/2321.png,b39d07152d087fa22c210a69dc860cbc3978cdbaa206df55fff20363dd233f19
loveda_train_urban_2322,probe_train,urban,processed/LoveDA/ssl_train_rgb/urban/2322.png,loveda_m2a/Train/Urban/masks_png/2322.png,9f22eb5cf5bce23e3da6bf6e58abbfcdf4703644394b47a07abd1b81438379bc
loveda_train_urban_2323,probe_train,urban,processed/LoveDA/ssl_train_rgb/urban/2323.png,loveda_m2a/Train/Urban/masks_png/2323.png,bf5287490468695c087f24482faaccd92768f7354ee213dc474d319b39861445
loveda_train_urban_2325,probe_train,urban,processed/LoveDA/ssl_train_rgb/urban/2325.png,loveda_m2a/Train/Urban/masks_png/2325.png,a86c9d5741380efebb61c07e34aaba5e6860d8ab7ac5ac6c0183b49372ffd413
loveda_train_urban_2326,probe_train,urban,processed/LoveDA/ssl_train_rgb/urban/2326.png,loveda_m2a/Train/Urban/masks_png/2326.png,ca98ca92d54ecc530fd31e183568265d35a45625444f3225adeba29924751109
loveda_train_urban_2328,probe_train,urban,processed/LoveDA/ssl_train_rgb/urban/2328.png,loveda_m2a/Train/Urban/masks_png/2328.png,a9304a61bf74f1f9fb8067c9c4feb7cac2a90ee574b0de527db04dba2b38f9d9
loveda_train_urban_2329,probe_train,urban,processed/LoveDA/ssl_train_rgb/urban/2329.png,loveda_m2a/Train/Urban/masks_png/2329.png,0d95a33e5883c189a3a361795173c6dba87816419ec8a2096ccce4a60890d086
loveda_train_urban_2330,probe_train,urban,processed/LoveDA/ssl_train_rgb/urban/2330.png,loveda_m2a/Train/Urban/masks_png/2330.png,36cb6e5924b56f0eae70249f8b482e158c7840fa0ffd12cf0d094cee4469a32e
loveda_train_urban_2331,probe_train,urban,processed/LoveDA/ssl_train_rgb/urban/2331.png,loveda_m2a/Train/Urban/masks_png/2331.png,e042fb29c0f41ea9afe718b7293a7811e4b662ece1b0b5cf1c36a196916d1b5d
loveda_train_urban_2332,probe_train,urban,processed/LoveDA/ssl_train_rgb/urban/2332.png,loveda_m2a/Train/Urban/masks_png/2332.png,9545d8cbcde21ba89f6c7f2184df9d01391a2667b68972a7b5068026bbdcb75d
loveda_train_urban_2333,probe_train,urban,processed/LoveDA/ssl_train_rgb/urban/2333.png,loveda_m2a/Train/Urban/masks_png/2333.png,7adfdbe5db549fab7f411539d5b210cbeb83abee5797e5ea399a76272fe85706
loveda_train_urban_2334,probe_train,urban,processed/LoveDA/ssl_train_rgb/urban/2334.png,loveda_m2a/Train/Urban/masks_png/2334.png,a74c5544154db8a61733798ceee7a01e91f2144d931fdf6ad8372455a391b237
loveda_train_urban_2336,probe_train,urban,processed/LoveDA/ssl_train_rgb/urban/2336.png,loveda_m2a/Train/Urban/masks_png/2336.png,06fa997fffc0d1ed3396494b58767e86faf2b8efd7b0dff5bf88b74afc0049e6
loveda_train_urban_2337,probe_train,urban,processed/LoveDA/ssl_train_rgb/urban/2337.png,loveda_m2a/Train/Urban/masks_png/2337.png,960c1bc8eccdae9a8f52b5ff5db5bd74d92dd7040e915b86de7862ec4c0def9f
loveda_train_urban_2338,probe_train,urban,processed/LoveDA/ssl_train_rgb/urban/2338.png,loveda_m2a/Train/Urban/masks_png/2338.png,b74dd3cbd184391c9b398258538c159b81ff05b1a16476fdf21cf0eab7067c43
loveda_train_urban_2339,probe_train,urban,processed/LoveDA/ssl_train_rgb/urban/2339.png,loveda_m2a/Train/Urban/masks_png/2339.png,8a67114d98091f820c53bb5581644532fa27596a071a7594b9e9bbaab6529fa2
loveda_train_urban_2340,probe_train,urban,processed/LoveDA/ssl_train_rgb/urban/2340.png,loveda_m2a/Train/Urban/masks_png/2340.png,1e376d75da81cc2d4701f4d5c14f4f710792f7281a9688a9102a5e15e77cc6fb
loveda_train_urban_2342,probe_train,urban,processed/LoveDA/ssl_train_rgb/urban/2342.png,loveda_m2a/Train/Urban/masks_png/2342.png,b1146b01de3fd68e976c65fb9bbc133e37b2f6cd39a22534dc6b16230e38684b
loveda_train_urban_2343,probe_train,urban,processed/LoveDA/ssl_train_rgb/urban/2343.png,loveda_m2a/Train/Urban/masks_png/2343.png,714d32af23d418ae8b872cbcb32905ab90bf6fdaea679f6425fc9e7dcfa731e5
loveda_train_urban_2344,probe_train,urban,processed/LoveDA/ssl_train_rgb/urban/2344.png,loveda_m2a/Train/Urban/masks_png/2344.png,5a13cf2ab619ff7edde4095a51786295b79170f16fe1b1ac9e463168db2c1365
loveda_train_urban_2345,probe_train,urban,processed/LoveDA/ssl_train_rgb/urban/2345.png,loveda_m2a/Train/Urban/masks_png/2345.png,5d45f53883578a7516465461b065fe0125286b8b66845697ff754810aec615f0
loveda_train_urban_2346,probe_train,urban,processed/LoveDA/ssl_train_rgb/urban/2346.png,loveda_m2a/Train/Urban/masks_png/2346.png,9bdc35ab3958f67533188b5965bf449ffae289a506d49ad2b0e03e15a88f8fef
loveda_train_urban_2347,probe_train,urban,processed/LoveDA/ssl_train_rgb/urban/2347.png,loveda_m2a/Train/Urban/masks_png/2347.png,6535688840a95c9df9b6e3075036646bceb1ed77092504e79a1d68a21fe65239
loveda_train_urban_2348,probe_train,urban,processed/LoveDA/ssl_train_rgb/urban/2348.png,loveda_m2a/Train/Urban/masks_png/2348.png,7e56b0ae44b9b69f4cadf30dea82a1cfe53a05294efaa25aeefed71f30a0061b
loveda_train_urban_2349,probe_train,urban,processed/LoveDA/ssl_train_rgb/urban/2349.png,loveda_m2a/Train/Urban/masks_png/2349.png,e6c6db00d3b956161beaef50ee55c5af7e3abf0ca646c91f312406639d655200
loveda_train_urban_2350,probe_train,urban,processed/LoveDA/ssl_train_rgb/urban/2350.png,loveda_m2a/Train/Urban/masks_png/2350.png,1426206ca430764de6f1d8623a63b84f1846a376385f3f9e4c9a87567023c38a
loveda_train_urban_2351,probe_train,urban,processed/LoveDA/ssl_train_rgb/urban/2351.png,loveda_m2a/Train/Urban/masks_png/2351.png,ec5f48dd64012bcd895a6ba9d8e78487f4d76baebdd64d71e7d0d0a6e2404793
loveda_train_urban_2352,probe_train,urban,processed/LoveDA/ssl_train_rgb/urban/2352.png,loveda_m2a/Train/Urban/masks_png/2352.png,8663740612a154a7964ee4c02aadba605e2534d8eb0112f6a5a6534af20cc545
loveda_train_urban_2353,probe_train,urban,processed/LoveDA/ssl_train_rgb/urban/2353.png,loveda_m2a/Train/Urban/masks_png/2353.png,7afd74c83ecb21ea1f25b0267c12b36ac3acafec68a79f77388e87b828bb3a00
loveda_train_urban_2354,probe_train,urban,processed/LoveDA/ssl_train_rgb/urban/2354.png,loveda_m2a/Train/Urban/masks_png/2354.png,7c2616b86d024b144ff75e9d4c57da9bdde7d4e776367288d6832d2b06c2cbcb
loveda_train_urban_2356,probe_train,urban,processed/LoveDA/ssl_train_rgb/urban/2356.png,loveda_m2a/Train/Urban/masks_png/2356.png,ce375b0154472b4f1092edd40dd18847c3225520ef81e256a091878bb5e5ae0a
loveda_train_urban_2357,probe_train,urban,processed/LoveDA/ssl_train_rgb/urban/2357.png,loveda_m2a/Train/Urban/masks_png/2357.png,05bbbe5e95d46e3394127fcd34d89660f60d7e8741af15a6059cacff38e89129
loveda_train_urban_2359,probe_train,urban,processed/LoveDA/ssl_train_rgb/urban/2359.png,loveda_m2a/Train/Urban/masks_png/2359.png,b8a4fe1d1a6c7bb8417ebebf5daa9487b5353e578d8449ae5b1a56805e15e537
loveda_train_urban_2360,probe_train,urban,processed/LoveDA/ssl_train_rgb/urban/2360.png,loveda_m2a/Train/Urban/masks_png/2360.png,843ec0badf5e52732b0142c2ba47430a30cd752d6e923d4d57a38b64f8563a11
loveda_train_urban_2361,probe_train,urban,processed/LoveDA/ssl_train_rgb/urban/2361.png,loveda_m2a/Train/Urban/masks_png/2361.png,7267a9f0539628ee71c9cf09db1d4287972054a1f18fc64fe85fe7e7e44fa4a1
loveda_train_urban_2362,probe_train,urban,processed/LoveDA/ssl_train_rgb/urban/2362.png,loveda_m2a/Train/Urban/masks_png/2362.png,915ab8da85f757354d4f2c1b83accb7075c37959b947c2a25bf9374ce08b8660
loveda_train_urban_2363,probe_train,urban,processed/LoveDA/ssl_train_rgb/urban/2363.png,loveda_m2a/Train/Urban/masks_png/2363.png,8a7e738e5f13f2e13672671aad4aadc8a343b87cf9f6de68783a2b0e70407a2a
loveda_train_urban_2364,probe_train,urban,processed/LoveDA/ssl_train_rgb/urban/2364.png,loveda_m2a/Train/Urban/masks_png/2364.png,80f67d48f15b173086c8d5f3744919bac91bccb0032ee1b3d4f0749c0b0f4c35
loveda_train_urban_2365,probe_train,urban,processed/LoveDA/ssl_train_rgb/urban/2365.png,loveda_m2a/Train/Urban/masks_png/2365.png,27a614aa81cd205bf5c1a84f49b8e45d50a7a979207339d3f50522c104a18b2b
loveda_train_urban_2366,probe_train,urban,processed/LoveDA/ssl_train_rgb/urban/2366.png,loveda_m2a/Train/Urban/masks_png/2366.png,a020ddc28bd8f6ae02ea7226314139fcafe9401bee8e354a671b4a091edffaee
loveda_train_urban_2367,probe_train,urban,processed/LoveDA/ssl_train_rgb/urban/2367.png,loveda_m2a/Train/Urban/masks_png/2367.png,a6353d02aabc1c57d0a43ec97dd526c82ee256f6ec877c2bbf3c6190818399f2
loveda_train_urban_2368,probe_train,urban,processed/LoveDA/ssl_train_rgb/urban/2368.png,loveda_m2a/Train/Urban/masks_png/2368.png,570942037b9d0c8d71db3dfaa30b46afe730f06bd0cac2a90b5f3dafb6998a78
loveda_train_urban_2369,probe_train,urban,processed/LoveDA/ssl_train_rgb/urban/2369.png,loveda_m2a/Train/Urban/masks_png/2369.png,7ea572ca4f5f113bf5b58a41e6c162c1aec8226086c58eb55173aae2ce2afa7c
loveda_train_urban_2370,probe_train,urban,processed/LoveDA/ssl_train_rgb/urban/2370.png,loveda_m2a/Train/Urban/masks_png/2370.png,1c8d99c0a49bb70b443642e8e5890083a1c8763ea74e48f8866008ea497131bc
loveda_train_urban_2372,probe_train,urban,processed/LoveDA/ssl_train_rgb/urban/2372.png,loveda_m2a/Train/Urban/masks_png/2372.png,9ffaa41d7a163d6075e7951b318e3d14fb7dd8ae2c4c2be0d5e5bcb0085e963c
loveda_train_urban_2373,probe_train,urban,processed/LoveDA/ssl_train_rgb/urban/2373.png,loveda_m2a/Train/Urban/masks_png/2373.png,f893460f6bf9367a7298519c33e2e232531c0ef139f16572615e6645f93580eb
loveda_train_urban_2375,probe_train,urban,processed/LoveDA/ssl_train_rgb/urban/2375.png,loveda_m2a/Train/Urban/masks_png/2375.png,2e46e79b620dda632e51f96f8c2e4a7601231d73906fa240c6a68e4c744ee40a
loveda_train_urban_2377,probe_train,urban,processed/LoveDA/ssl_train_rgb/urban/2377.png,loveda_m2a/Train/Urban/masks_png/2377.png,d86498d48f83f3c0f494cfa591b6930340b5336c869078d31ce9ce0451eec641
loveda_train_urban_2378,probe_train,urban,processed/LoveDA/ssl_train_rgb/urban/2378.png,loveda_m2a/Train/Urban/masks_png/2378.png,9b6dc1b8148cd4a6248eab7b89c2520b0b1344524bb6a48e3950dd103b7e49dc
loveda_train_urban_2379,probe_train,urban,processed/LoveDA/ssl_train_rgb/urban/2379.png,loveda_m2a/Train/Urban/masks_png/2379.png,1cbae91bb2964ce55cf599aa8957d7b2022b9ce8b716f4279be9c64dcc28e50b
loveda_train_urban_2380,probe_train,urban,processed/LoveDA/ssl_train_rgb/urban/2380.png,loveda_m2a/Train/Urban/masks_png/2380.png,ac8f63e58a7643369b4d3f557af84e4ea9c76025d14e378b0b4377cd0b3639c8
loveda_train_urban_2381,probe_train,urban,processed/LoveDA/ssl_train_rgb/urban/2381.png,loveda_m2a/Train/Urban/masks_png/2381.png,7f2459b0a12a718a5d34cb621fd18644f1ad8e088fac49032aeb9a5bef5ce36b
loveda_train_urban_2383,probe_train,urban,processed/LoveDA/ssl_train_rgb/urban/2383.png,loveda_m2a/Train/Urban/masks_png/2383.png,16c82e4acb44dfc00068e1b898cdc0b9eeb7755ee37aa4f909a3ff94921a0d23
loveda_train_urban_2385,probe_train,urban,processed/LoveDA/ssl_train_rgb/urban/2385.png,loveda_m2a/Train/Urban/masks_png/2385.png,9a02cd7d556454d14936657f8364e15dbcff78b172f8976a64c85a78cd6cc0f4
loveda_train_urban_2386,probe_train,urban,processed/LoveDA/ssl_train_rgb/urban/2386.png,loveda_m2a/Train/Urban/masks_png/2386.png,a53307d21e06b0886947096a3bab14e1d905ecab307901fcb54cffafc63953ea
loveda_train_urban_2387,probe_train,urban,processed/LoveDA/ssl_train_rgb/urban/2387.png,loveda_m2a/Train/Urban/masks_png/2387.png,213b31e29a2abb9903ead7dd4ddebcf49b697b2ed06ff4a5d09d0a29747f12e8
loveda_train_urban_2388,probe_train,urban,processed/LoveDA/ssl_train_rgb/urban/2388.png,loveda_m2a/Train/Urban/masks_png/2388.png,0fec58f10f0c89a9a8322858eaba08b745ad1a8f277637b21a598543b46e3aa2
loveda_train_urban_2389,probe_train,urban,processed/LoveDA/ssl_train_rgb/urban/2389.png,loveda_m2a/Train/Urban/masks_png/2389.png,71e22d33e17fa247d993797f26fec54c389b53ee45accf27b3c5d4c20a80a5f9
loveda_train_urban_2390,probe_train,urban,processed/LoveDA/ssl_train_rgb/urban/2390.png,loveda_m2a/Train/Urban/masks_png/2390.png,19f8d976575e46b3f81672a2ba6e29d0ef08f2c76a6ff57c64b90823cf3b14a5
loveda_train_urban_2391,probe_train,urban,processed/LoveDA/ssl_train_rgb/urban/2391.png,loveda_m2a/Train/Urban/masks_png/2391.png,4723a681fa48d42dc8aff61ca1ea54e06f3c5f9cfd3cf2c077c4acc372bba95e
loveda_train_urban_2393,probe_train,urban,processed/LoveDA/ssl_train_rgb/urban/2393.png,loveda_m2a/Train/Urban/masks_png/2393.png,518817e4c867933ec85270ab6f558a7fd0e119599f40d05abea6a7abe3303a1d
loveda_train_urban_2394,probe_train,urban,processed/LoveDA/ssl_train_rgb/urban/2394.png,loveda_m2a/Train/Urban/masks_png/2394.png,688c5d1bef7223e374d6b153d732f549d7dce9c8086ff6d949c55fd163892fe9
loveda_train_urban_2395,probe_train,urban,processed/LoveDA/ssl_train_rgb/urban/2395.png,loveda_m2a/Train/Urban/masks_png/2395.png,b5c6d3fe061d2cbeeaac3eb9568009ecb72673ffc9108bbc54785658390244b5
loveda_train_urban_2398,probe_train,urban,processed/LoveDA/ssl_train_rgb/urban/2398.png,loveda_m2a/Train/Urban/masks_png/2398.png,a9528cb7458be6e89a2122bdb737e561ac8d420a981e2f397ac0dc35ca9dc0da
loveda_train_urban_2399,probe_train,urban,processed/LoveDA/ssl_train_rgb/urban/2399.png,loveda_m2a/Train/Urban/masks_png/2399.png,04fa9fdbdb6b849ad600a963b403b46ede338883c2f7d0690a03576ecbe2d7dd
loveda_train_urban_2400,probe_train,urban,processed/LoveDA/ssl_train_rgb/urban/2400.png,loveda_m2a/Train/Urban/masks_png/2400.png,2f9dc3df82b51da7b6ffef544bd61d5187e4ee42eab4e55d5fe6a05e56b370bd
loveda_train_urban_2401,probe_train,urban,processed/LoveDA/ssl_train_rgb/urban/2401.png,loveda_m2a/Train/Urban/masks_png/2401.png,cce0537001b1a28cbcb8562ae69ed00750d00530684fe0fcdb2260ef2ce0bdb9
loveda_train_urban_2402,probe_train,urban,processed/LoveDA/ssl_train_rgb/urban/2402.png,loveda_m2a/Train/Urban/masks_png/2402.png,f9fe7362332b195ff08e4c7a224d5a5b1dd955cbbf215eb26c12ea22eee0a180
loveda_train_urban_2403,probe_train,urban,processed/LoveDA/ssl_train_rgb/urban/2403.png,loveda_m2a/Train/Urban/masks_png/2403.png,5fa6ac67cae6ca149ca059760f9d8e55b4ee20d3e2c6efb573ea4d1152c85007
loveda_train_urban_2404,probe_train,urban,processed/LoveDA/ssl_train_rgb/urban/2404.png,loveda_m2a/Train/Urban/masks_png/2404.png,5b678f2a330dc7b9db47fd4c253cab3e0f295692fc2ab0fa00a00b0a5a617292
loveda_train_urban_2405,probe_train,urban,processed/LoveDA/ssl_train_rgb/urban/2405.png,loveda_m2a/Train/Urban/masks_png/2405.png,8c7745de2313d18dd95a5313e403a37ec06a522f6c946c1514aec5dd03b3ac3b
loveda_train_urban_2406,probe_train,urban,processed/LoveDA/ssl_train_rgb/urban/2406.png,loveda_m2a/Train/Urban/masks_png/2406.png,c1e15ed76e3d44ca96e02fee0939c1d718e3f5a9e9fe03598ee1724cb1b8bba2
loveda_train_urban_2407,probe_train,urban,processed/LoveDA/ssl_train_rgb/urban/2407.png,loveda_m2a/Train/Urban/masks_png/2407.png,0b9af9e9f93ab26c77d69ce4b425f7fd73a376d6ebcf232c45f35c4c886a137c
loveda_train_urban_2408,probe_train,urban,processed/LoveDA/ssl_train_rgb/urban/2408.png,loveda_m2a/Train/Urban/masks_png/2408.png,efccfa0b22f51d29e60b7732fe9ef375a0351f59f18b54ff343d94075bcbf195
loveda_train_urban_2409,probe_train,urban,processed/LoveDA/ssl_train_rgb/urban/2409.png,loveda_m2a/Train/Urban/masks_png/2409.png,7a11b135e4a27083b6490aa25f2e0d7b6603a9a2f8ee981586e9d3a3845bdb1c
loveda_train_urban_2411,probe_train,urban,processed/LoveDA/ssl_train_rgb/urban/2411.png,loveda_m2a/Train/Urban/masks_png/2411.png,f95439d994b3794240120aff228d9fdae2d7a6a5414227afb4b041ba9f8a16b7
loveda_train_urban_2412,probe_train,urban,processed/LoveDA/ssl_train_rgb/urban/2412.png,loveda_m2a/Train/Urban/masks_png/2412.png,5a73b6fed94c5182c4c98a8ebdbeb6b5fd81ae5c9fa17f6f85a7d2839867127d
loveda_train_urban_2414,probe_train,urban,processed/LoveDA/ssl_train_rgb/urban/2414.png,loveda_m2a/Train/Urban/masks_png/2414.png,80ec9a0e893a73d35e6e60c9db15a1e3358d5093ec3f5b0e153950a91c0d1ae5
loveda_train_urban_2415,probe_train,urban,processed/LoveDA/ssl_train_rgb/urban/2415.png,loveda_m2a/Train/Urban/masks_png/2415.png,85ba9b974fbfad9bc4897732aa8ea891a220d941d4ae22f23b173527f39fd591
loveda_train_urban_2416,probe_train,urban,processed/LoveDA/ssl_train_rgb/urban/2416.png,loveda_m2a/Train/Urban/masks_png/2416.png,156c311260ee5a5b8496eec3d4400b261198e832d3bf2272172e6d15cd8a6f27
loveda_train_urban_2417,probe_train,urban,processed/LoveDA/ssl_train_rgb/urban/2417.png,loveda_m2a/Train/Urban/masks_png/2417.png,0b2e617a509aa495803448f8c892a5210358864146bab05d110164e368b9fa71
loveda_train_urban_2418,probe_train,urban,processed/LoveDA/ssl_train_rgb/urban/2418.png,loveda_m2a/Train/Urban/masks_png/2418.png,4f403d101a07f748b4a230366d760d5c2272a70a01a4853c61700a8e0a24711c
loveda_train_urban_2419,probe_train,urban,processed/LoveDA/ssl_train_rgb/urban/2419.png,loveda_m2a/Train/Urban/masks_png/2419.png,7285ec49ac57b01353a5dce9bfd6b07994752aa829c6e1b9fdee8dccd633ec02
loveda_train_urban_2420,probe_train,urban,processed/LoveDA/ssl_train_rgb/urban/2420.png,loveda_m2a/Train/Urban/masks_png/2420.png,eb3d5f20254bab476f5a19ca8ec5a57111b5d4445fa480cba8a8e2429a7093a1
loveda_train_urban_2422,probe_train,urban,processed/LoveDA/ssl_train_rgb/urban/2422.png,loveda_m2a/Train/Urban/masks_png/2422.png,9d2520c0c22c4140900365d315192ec9bde9dbe851379b93d9ac54755fb84f34
loveda_train_urban_2423,probe_train,urban,processed/LoveDA/ssl_train_rgb/urban/2423.png,loveda_m2a/Train/Urban/masks_png/2423.png,9de0062c7e3bccb9ac43fb0dab87226394e576a0c37838d9ae795bb1b5a963e7
loveda_train_urban_2424,probe_train,urban,processed/LoveDA/ssl_train_rgb/urban/2424.png,loveda_m2a/Train/Urban/masks_png/2424.png,883b0c4ff9a1aec05517e34324614f530e782543a32ffe8e7f8667f79d6cb836
loveda_train_urban_2425,probe_train,urban,processed/LoveDA/ssl_train_rgb/urban/2425.png,loveda_m2a/Train/Urban/masks_png/2425.png,7bda1888f4ea95298263f073f79f34493a676c8e26d5861085a73c8ed35688e2
loveda_train_urban_2426,probe_train,urban,processed/LoveDA/ssl_train_rgb/urban/2426.png,loveda_m2a/Train/Urban/masks_png/2426.png,5c033830a4bb9cc3eb1640f03f8dadf7a977f5681fe3e51be916819df93c5588
loveda_train_urban_2427,probe_train,urban,processed/LoveDA/ssl_train_rgb/urban/2427.png,loveda_m2a/Train/Urban/masks_png/2427.png,60087789577b6f0f97f97147bf1b1c40b5868ea971f91734631de805e53e1e8a
loveda_train_urban_2428,probe_train,urban,processed/LoveDA/ssl_train_rgb/urban/2428.png,loveda_m2a/Train/Urban/masks_png/2428.png,5c4093a68960138b9c583a45e237b5c2e24905de7c0bbd43fb94df4dc03e1030
loveda_train_urban_2429,probe_train,urban,processed/LoveDA/ssl_train_rgb/urban/2429.png,loveda_m2a/Train/Urban/masks_png/2429.png,5c06ce9c4428204a9166886aa969c6b509180d1ef697b7dbe0627c335ce54f28
loveda_train_urban_2430,probe_train,urban,processed/LoveDA/ssl_train_rgb/urban/2430.png,loveda_m2a/Train/Urban/masks_png/2430.png,311bc7b29be3f460e3d1faa231cb7631c227786daf8f91da4e51d92e3919ba8e
loveda_train_urban_2434,probe_train,urban,processed/LoveDA/ssl_train_rgb/urban/2434.png,loveda_m2a/Train/Urban/masks_png/2434.png,087e60fbad357399c852995f2c709c82e893b3fda5d39c97051466be3c6e662a
loveda_train_urban_2435,probe_train,urban,processed/LoveDA/ssl_train_rgb/urban/2435.png,loveda_m2a/Train/Urban/masks_png/2435.png,3294e5c1838fca0f38d98cdb1298f58fdc4dbc0895db85db00e891526214ea89
loveda_train_urban_2437,probe_train,urban,processed/LoveDA/ssl_train_rgb/urban/2437.png,loveda_m2a/Train/Urban/masks_png/2437.png,a5eda9ed203878b02a0e949384bb6bf7a470b04654c1d18041dd4aa43ed38fb6
loveda_train_urban_2438,probe_train,urban,processed/LoveDA/ssl_train_rgb/urban/2438.png,loveda_m2a/Train/Urban/masks_png/2438.png,1e64165fbb8ad0482bb40e013d43d7f821d09416b2c4b60ebfe3786e9aee8c44
loveda_train_urban_2440,probe_train,urban,processed/LoveDA/ssl_train_rgb/urban/2440.png,loveda_m2a/Train/Urban/masks_png/2440.png,c77db5f12ce8e548e985ed2cbd71051b0ddd5d8006662140a645ec5b6a788ad4
loveda_train_urban_2441,probe_train,urban,processed/LoveDA/ssl_train_rgb/urban/2441.png,loveda_m2a/Train/Urban/masks_png/2441.png,f7c7d3b970cf248afc90d78af3f5ae6d605fc7f86d14ecff322edd9f1395e194
loveda_train_urban_2442,probe_train,urban,processed/LoveDA/ssl_train_rgb/urban/2442.png,loveda_m2a/Train/Urban/masks_png/2442.png,ec8d7dc6e8e95a7201f4076496cef2614e9ea6f2c6230420db27fb30dcbde5e4
loveda_train_urban_2443,probe_train,urban,processed/LoveDA/ssl_train_rgb/urban/2443.png,loveda_m2a/Train/Urban/masks_png/2443.png,5c147ba3247815a58af02d2e99986cc68564730c44654df1ea55e47dc2efa722
loveda_train_urban_2444,probe_train,urban,processed/LoveDA/ssl_train_rgb/urban/2444.png,loveda_m2a/Train/Urban/masks_png/2444.png,0682216efcc5e5898622fb57603d6132e15df3509a4fe832d9e7ee92e9d299a4
loveda_train_urban_2445,probe_train,urban,processed/LoveDA/ssl_train_rgb/urban/2445.png,loveda_m2a/Train/Urban/masks_png/2445.png,9b74500edaae51c1f79d01bb0ca6c8d9ceb80b4f244e5785d8da14fb3bb25e69
loveda_train_urban_2449,probe_train,urban,processed/LoveDA/ssl_train_rgb/urban/2449.png,loveda_m2a/Train/Urban/masks_png/2449.png,773ce7012f00b5223e077f975e63ccf07a406f1146a734f6126d2a7de5ad4c3c
loveda_train_urban_2450,probe_train,urban,processed/LoveDA/ssl_train_rgb/urban/2450.png,loveda_m2a/Train/Urban/masks_png/2450.png,0c8b5ae7fba56bde1b28b168fc4b6089fd8df88668b07bb8e82349d387bd3937
loveda_train_urban_2452,probe_train,urban,processed/LoveDA/ssl_train_rgb/urban/2452.png,loveda_m2a/Train/Urban/masks_png/2452.png,ecdc32a1711cf5b01a036bec1b473dbe93b193a0c1bbf7749885060c88d9b0c2
loveda_train_urban_2453,probe_train,urban,processed/LoveDA/ssl_train_rgb/urban/2453.png,loveda_m2a/Train/Urban/masks_png/2453.png,925d56cf104302361b5f419743f66e923f71f3169afc042161b4719e942bf38a
loveda_train_urban_2454,probe_train,urban,processed/LoveDA/ssl_train_rgb/urban/2454.png,loveda_m2a/Train/Urban/masks_png/2454.png,0a75798f77cb31f88eda4463dc646d34c2a45e1420d9a486a442787a442c7bb3
loveda_train_urban_2455,probe_train,urban,processed/LoveDA/ssl_train_rgb/urban/2455.png,loveda_m2a/Train/Urban/masks_png/2455.png,146fa3f35f24ea7bc4acbc555d432e86d265f5c945cb7066727ead88208f7c0b
loveda_train_urban_2456,probe_train,urban,processed/LoveDA/ssl_train_rgb/urban/2456.png,loveda_m2a/Train/Urban/masks_png/2456.png,593ef320582a82c64d49aba543eecf41bf669fc408997c931c811473e52514b5
loveda_train_urban_2457,probe_train,urban,processed/LoveDA/ssl_train_rgb/urban/2457.png,loveda_m2a/Train/Urban/masks_png/2457.png,fec4b59fc1f95ea8c6d59c88935a5292ffb08ee6ce53b4ce8165dba9d8606152
loveda_train_urban_2458,probe_train,urban,processed/LoveDA/ssl_train_rgb/urban/2458.png,loveda_m2a/Train/Urban/masks_png/2458.png,e7ff153a3d8ad2b3f7b5edb6562eaea2fe75c93edfd78faf501c1c3081601d6b
loveda_train_urban_2459,probe_train,urban,processed/LoveDA/ssl_train_rgb/urban/2459.png,loveda_m2a/Train/Urban/masks_png/2459.png,7b0f249f68882018fc06e68d1ce317a0f4feed56260aecc4824d2bb4cfb40cad
loveda_train_urban_2460,probe_train,urban,processed/LoveDA/ssl_train_rgb/urban/2460.png,loveda_m2a/Train/Urban/masks_png/2460.png,555acdc27b1558d34eb92ae1e1615931e375f8c095d53a094a4231aa26f48daf
loveda_train_urban_2462,probe_train,urban,processed/LoveDA/ssl_train_rgb/urban/2462.png,loveda_m2a/Train/Urban/masks_png/2462.png,aebdf8c93450e99e22730d62d644fb334e7d8be0d3352c8c3f61259732a6e420
loveda_train_urban_2463,probe_train,urban,processed/LoveDA/ssl_train_rgb/urban/2463.png,loveda_m2a/Train/Urban/masks_png/2463.png,5da2203269888da0293ed11cc87ecf60d79ad345e3efd62ea1eca6a52b8a8f60
loveda_train_urban_2464,probe_train,urban,processed/LoveDA/ssl_train_rgb/urban/2464.png,loveda_m2a/Train/Urban/masks_png/2464.png,4f9c862cfcc554513b06dee564ee8e3dca6de7c59ea8563ea0b73c4994323548
loveda_train_urban_2465,probe_train,urban,processed/LoveDA/ssl_train_rgb/urban/2465.png,loveda_m2a/Train/Urban/masks_png/2465.png,6f12f4a0cb595237bb1fbdb093ecbda765ea031efe588cc29a9bcdd2cba330d3
loveda_train_urban_2466,probe_train,urban,processed/LoveDA/ssl_train_rgb/urban/2466.png,loveda_m2a/Train/Urban/masks_png/2466.png,bcbd27c76fa7df5c699c66cd036fcb0385fb6cf6b105f5f525ee6649cda6ff10
loveda_train_urban_2467,probe_train,urban,processed/LoveDA/ssl_train_rgb/urban/2467.png,loveda_m2a/Train/Urban/masks_png/2467.png,7e913b29f4187f9ba008c8644d2d915c42e6627a521fdd2d74bf5808e5ae341b
loveda_train_urban_2468,probe_train,urban,processed/LoveDA/ssl_train_rgb/urban/2468.png,loveda_m2a/Train/Urban/masks_png/2468.png,07b4fc68f7ac6f2ae69d2a5c628e7868f732fe743d9a0dd18d57c94f978f1893
loveda_train_urban_2469,probe_train,urban,processed/LoveDA/ssl_train_rgb/urban/2469.png,loveda_m2a/Train/Urban/masks_png/2469.png,a410429a4e98709329ed24ce6396c52054a14a9866987fd3a5cab5a5a7512bc0
loveda_train_urban_2472,probe_train,urban,processed/LoveDA/ssl_train_rgb/urban/2472.png,loveda_m2a/Train/Urban/masks_png/2472.png,73722eaefc3d0209b8c7b077c0812f5f82e8a993c6e2273a803c1018924c465b
loveda_train_urban_2473,probe_train,urban,processed/LoveDA/ssl_train_rgb/urban/2473.png,loveda_m2a/Train/Urban/masks_png/2473.png,617be6527568a11d606889a897acab482a3117ab70e38dd0800dbb9c02d364c6
loveda_train_urban_2476,probe_train,urban,processed/LoveDA/ssl_train_rgb/urban/2476.png,loveda_m2a/Train/Urban/masks_png/2476.png,66afd3eb534f773a4e566f351d86909059d2bfbcf05ad5366cabb628312664f4
loveda_train_urban_2477,probe_train,urban,processed/LoveDA/ssl_train_rgb/urban/2477.png,loveda_m2a/Train/Urban/masks_png/2477.png,110bc0b9ce62ee1f68f7a79abcc668dd6b55202b4e60812d4b35217872bdb244
loveda_train_urban_2478,probe_train,urban,processed/LoveDA/ssl_train_rgb/urban/2478.png,loveda_m2a/Train/Urban/masks_png/2478.png,cdb0abcafd7746ee9ce1aa6333c49ee5c59bd28bcb32824ee90b6e8396144e3b
loveda_train_urban_2479,probe_train,urban,processed/LoveDA/ssl_train_rgb/urban/2479.png,loveda_m2a/Train/Urban/masks_png/2479.png,4550bf98e74ff971d05a462b21a057079479842dbc1f13cde8c2f32d88fd8ca4
loveda_train_urban_2480,probe_train,urban,processed/LoveDA/ssl_train_rgb/urban/2480.png,loveda_m2a/Train/Urban/masks_png/2480.png,4fbcddc5b0cbf37e8c33897f52b08f262c7b465cced0fef545a0f950ced0265a
loveda_train_urban_2481,probe_train,urban,processed/LoveDA/ssl_train_rgb/urban/2481.png,loveda_m2a/Train/Urban/masks_png/2481.png,15b041123f4ace876b1300d2aca3ac5e8acc9b58b31e0c3c399628b51e178589
loveda_train_urban_2482,probe_train,urban,processed/LoveDA/ssl_train_rgb/urban/2482.png,loveda_m2a/Train/Urban/masks_png/2482.png,859a1db142fdffcab6865028c6c723d3a6584a8300f4481db677a74f1b056f27
loveda_train_urban_2483,probe_train,urban,processed/LoveDA/ssl_train_rgb/urban/2483.png,loveda_m2a/Train/Urban/masks_png/2483.png,c3868abe35ea288cdaa9dda8fb109831d39cdf07dcde5014829cc8932a1c1391
loveda_train_urban_2484,probe_train,urban,processed/LoveDA/ssl_train_rgb/urban/2484.png,loveda_m2a/Train/Urban/masks_png/2484.png,fd11de57f129af4e812650d69ef7ada185151b5d859ff6780cfb69842812fa6d
loveda_train_urban_2485,probe_train,urban,processed/LoveDA/ssl_train_rgb/urban/2485.png,loveda_m2a/Train/Urban/masks_png/2485.png,c782f40f337ab61e0a4b953d012a288e3b7a301985939ac6e4b789ce182f6e3d
loveda_train_urban_2486,probe_train,urban,processed/LoveDA/ssl_train_rgb/urban/2486.png,loveda_m2a/Train/Urban/masks_png/2486.png,0a0991d648e8276e1e12abef92ae207ada56e1137eebe622d8fe58ebe0097f57
loveda_train_urban_2488,probe_train,urban,processed/LoveDA/ssl_train_rgb/urban/2488.png,loveda_m2a/Train/Urban/masks_png/2488.png,68b04372eb9e5c953294b9a8808b78fee187ff82eae8f50fc0a53f7314c5cdc4
loveda_train_urban_2489,probe_train,urban,processed/LoveDA/ssl_train_rgb/urban/2489.png,loveda_m2a/Train/Urban/masks_png/2489.png,5195e6ff2a2066d3af9653a3bcce09a1cba5ddb9f8232934d424d14700853a1c
loveda_train_urban_2490,probe_train,urban,processed/LoveDA/ssl_train_rgb/urban/2490.png,loveda_m2a/Train/Urban/masks_png/2490.png,a754238781ee7c1532cdddae86d7815a728b222d12d3ee4e09640d02ac01e658
loveda_train_urban_2491,probe_train,urban,processed/LoveDA/ssl_train_rgb/urban/2491.png,loveda_m2a/Train/Urban/masks_png/2491.png,c8da52d392171f9a34d289e25b42ffbaf6bcd0669824c5c7175ed4d231154c61
loveda_train_urban_2493,probe_train,urban,processed/LoveDA/ssl_train_rgb/urban/2493.png,loveda_m2a/Train/Urban/masks_png/2493.png,7c388189ef9c280861a68266e52f482afbc8ef426281d4f5cb3be9963ea557ac
loveda_train_urban_2494,probe_train,urban,processed/LoveDA/ssl_train_rgb/urban/2494.png,loveda_m2a/Train/Urban/masks_png/2494.png,9218e0443abb4a7c137af14709fca0157002be3f3546785b7e0d16b985dceda8
loveda_train_urban_2495,probe_train,urban,processed/LoveDA/ssl_train_rgb/urban/2495.png,loveda_m2a/Train/Urban/masks_png/2495.png,b67af7ab8274579e7af36a711fc3911167567cb5860cf45eba5302778ac4a264
loveda_train_urban_2496,probe_train,urban,processed/LoveDA/ssl_train_rgb/urban/2496.png,loveda_m2a/Train/Urban/masks_png/2496.png,856ed040c3ac1b5714a13b891c66689edcd42c95da0262db60f7c51aa542ee38
loveda_train_urban_2497,probe_train,urban,processed/LoveDA/ssl_train_rgb/urban/2497.png,loveda_m2a/Train/Urban/masks_png/2497.png,f4039190d1e8c1c60d0eb49781764a9f727d993eb35f0cde04dd29ce0700ca7b
loveda_train_urban_2498,probe_train,urban,processed/LoveDA/ssl_train_rgb/urban/2498.png,loveda_m2a/Train/Urban/masks_png/2498.png,17c36c020467cf8b4a4d187282b3e65d940d16c778d654909846a0c93455e6ad
loveda_train_urban_2499,probe_train,urban,processed/LoveDA/ssl_train_rgb/urban/2499.png,loveda_m2a/Train/Urban/masks_png/2499.png,57a5b58342d97779f56b8cfa4ef9fb5f779d5412787c7546077f2fd2e1e66282
loveda_train_urban_2500,probe_train,urban,processed/LoveDA/ssl_train_rgb/urban/2500.png,loveda_m2a/Train/Urban/masks_png/2500.png,486a0b089ab7abf29c93fb1276de0404a303fbface81818a871b9acdfac01a14
loveda_train_urban_2501,probe_train,urban,processed/LoveDA/ssl_train_rgb/urban/2501.png,loveda_m2a/Train/Urban/masks_png/2501.png,f6366b883676c4ab0aad0cce080f44de7052ab9d5a0a771bd75940684c45f517
loveda_train_urban_2503,probe_train,urban,processed/LoveDA/ssl_train_rgb/urban/2503.png,loveda_m2a/Train/Urban/masks_png/2503.png,82886f7a3ca4ffa4724f648efcd89ae78888194a92a8fb1f6dd8a83789da5396
loveda_train_urban_2504,probe_train,urban,processed/LoveDA/ssl_train_rgb/urban/2504.png,loveda_m2a/Train/Urban/masks_png/2504.png,aa75fe64481d5279121a97e6b0a67e2ab77c415cddb38788fd500dee0c08a3cf
loveda_train_urban_2505,probe_train,urban,processed/LoveDA/ssl_train_rgb/urban/2505.png,loveda_m2a/Train/Urban/masks_png/2505.png,723cb8107de13ac27abfee090dee918b2c3700c56c96b36ca43d522304605786
loveda_train_urban_2506,probe_train,urban,processed/LoveDA/ssl_train_rgb/urban/2506.png,loveda_m2a/Train/Urban/masks_png/2506.png,0f94d9abdc9c241862dfd510633943911de390531a6e60af58b6635b813cbd84
loveda_train_urban_2507,probe_train,urban,processed/LoveDA/ssl_train_rgb/urban/2507.png,loveda_m2a/Train/Urban/masks_png/2507.png,ddd80fc0ed8eb5502a930372c80ac3e5b9744901faadef3ce93a406f1e2e6c75
loveda_train_urban_2508,probe_train,urban,processed/LoveDA/ssl_train_rgb/urban/2508.png,loveda_m2a/Train/Urban/masks_png/2508.png,f412d4be8582d15b79dd82dd40489db3b0cfa685af24e47261fbe85de59f46fd
loveda_train_urban_2509,probe_train,urban,processed/LoveDA/ssl_train_rgb/urban/2509.png,loveda_m2a/Train/Urban/masks_png/2509.png,9f3221e5fc500fe491853e6b463ffefee05bcb373b0104b8e6e9182cf7312150
loveda_train_urban_2511,probe_train,urban,processed/LoveDA/ssl_train_rgb/urban/2511.png,loveda_m2a/Train/Urban/masks_png/2511.png,46f41a325764bcc19f6dfa78f5d40b15d50b200582c68a17f533d3db2dfecba4
loveda_train_urban_2513,probe_train,urban,processed/LoveDA/ssl_train_rgb/urban/2513.png,loveda_m2a/Train/Urban/masks_png/2513.png,0a19713892196d339875ede506dc8b2716028350df1fa863b04c775ce23f9194
loveda_train_urban_2514,probe_train,urban,processed/LoveDA/ssl_train_rgb/urban/2514.png,loveda_m2a/Train/Urban/masks_png/2514.png,5b42e2fb149e0ba29ab1c97db31f948cf7c9c430550b05075fc1c45798bd6bcb
loveda_train_urban_2515,probe_train,urban,processed/LoveDA/ssl_train_rgb/urban/2515.png,loveda_m2a/Train/Urban/masks_png/2515.png,fd5cb0ab97ab34b6eaa8610ee82fcb704eb2f59193ecf95b1424885b383ea91a
loveda_train_urban_2516,probe_train,urban,processed/LoveDA/ssl_train_rgb/urban/2516.png,loveda_m2a/Train/Urban/masks_png/2516.png,0d6d5dc5456939a38e32581694e324513d9c4ff70d580674d9bdc1c1b3bd5237
loveda_train_urban_2517,probe_train,urban,processed/LoveDA/ssl_train_rgb/urban/2517.png,loveda_m2a/Train/Urban/masks_png/2517.png,69b643f35968ac18e8dff7d23e92fa0d5462f599436341780b15533803c8838f
loveda_train_urban_2518,probe_train,urban,processed/LoveDA/ssl_train_rgb/urban/2518.png,loveda_m2a/Train/Urban/masks_png/2518.png,91170caf5e698f4da36af234d7fc9e7d18c3de6223de7084baef99d787dd29f2
loveda_train_urban_2519,probe_train,urban,processed/LoveDA/ssl_train_rgb/urban/2519.png,loveda_m2a/Train/Urban/masks_png/2519.png,7f4e565b60d82bf4a8b6d3cc369ce86e6361d0ec2987ad90586d9e6379ee3756
loveda_train_urban_2520,probe_train,urban,processed/LoveDA/ssl_train_rgb/urban/2520.png,loveda_m2a/Train/Urban/masks_png/2520.png,2fdcfd98d5e1d51b74c082460a64b7c641754a1e6adeae55936f11b844ceb408
